alarm_id,timestamp,tag_id,severity,message,linked_event_id,standard_tag_id_truth
ALM-202301022140-00001,2023-01-02T21:40:00Z,TAG-U1-CondenserTemp_C,MED,Condenser temp elevated; vacuum risk. Review CW pumps/CT fans.,,TAG-U1-CondenserTemp_C
ALM-202301041935-00002,2023-01-04T19:35:00Z,TAG-U1-CondenserTemp_C,MED,Condenser temp elevated; vacuum risk. Review CW pumps/CT fans.,,TAG-U1-CondenserTemp_C
ALM-202301061920-00003,2023-01-06T19:20:00Z,TAG-U1-CondenserTemp_C,MED,Condenser temp elevated; vacuum risk. Review CW pumps/CT fans.,,TAG-U1-CondenserTemp_C
ALM-202301111950-00004,2023-01-11T19:50:00Z,TAG-U1-CondenserTemp_C,MED,Condenser temp elevated; vacuum risk. Review CW pumps/CT fans.,,TAG-U1-CondenserTemp_C
ALM-202301161945-00005,2023-01-16T19:45:00Z,TAG-U1-CondenserTemp_C,MED,Condenser temp elevated; vacuum risk. Review CW pumps/CT fans.,,TAG-U1-CondenserTemp_C
ALM-202301181655-00006,2023-01-18T16:55:00Z,TAG-U1-CondenserTemp_C,MED,Condenser temp elevated; vacuum risk. Review CW pumps/CT fans.,,TAG-U1-CondenserTemp_C
ALM-202302091855-00007,2023-02-09T18:55:00Z,TAG-U1-CondenserTemp_C,MED,Condenser temp elevated; vacuum risk. Review CW pumps/CT fans.,,TAG-U1-CondenserTemp_C
ALM-202302122220-00008,2023-02-12T22:20:00Z,TAG-U1-CondenserTemp_C,MED,Condenser temp elevated; vacuum risk. Review CW pumps/CT fans.,,TAG-U1-CondenserTemp_C
ALM-202302140430-00009,2023-02-14T04:30:00Z,TAG-U1-TurbineVibration_mm_s,HIGH,BRG2 vib high: check oil/alignment/pedestal. Trip risk.,EVT-2023-02-TB-VIB,TAG-U1-TurbineVibration_mm_s
ALM-202302140525-00010,2023-02-14T05:25:00Z,TAG-U1-TurbineVibration_mm_s,HIGH,BRG2 vib high: check oil/alignment/pedestal. Trip risk.,EVT-2023-02-TB-VIB,TAG-U1-TurbineVibration_mm_s
ALM-202302140555-00011,2023-02-14T05:55:00Z,TAG-U1-TurbineVibration_mm_s,HIGH,BRG2 vib high: check oil/alignment/pedestal. Trip risk.,EVT-2023-02-TB-VIB,TAG-U1-TurbineVibration_mm_s
ALM-202302140630-00012,2023-02-14T06:30:00Z,TAG-U1-TurbineVibration_mm_s,HIGH,BRG2 vib high: check oil/alignment/pedestal. Trip risk.,EVT-2023-02-TB-VIB,TAG-U1-TurbineVibration_mm_s
ALM-202302140720-00013,2023-02-14T07:20:00Z,TAG-U1-TurbineVibration_mm_s,HIGH,BRG2 vib high: check oil/alignment/pedestal. Trip risk.,EVT-2023-02-TB-VIB,TAG-U1-TurbineVibration_mm_s
ALM-202303011950-00014,2023-03-01T19:50:00Z,TAG-U1-CondenserTemp_C,MED,Condenser temp elevated; vacuum risk. Review CW pumps/CT fans.,,TAG-U1-CondenserTemp_C
ALM-202303030710-00015,2023-03-03T07:10:00Z,TAG-U1-FurnaceDraftPressure_Pa,HIGH,Furnace draft oscillation; ID fan hunting suspected. Stabilize draft.,EVT-DRAFT-20230303-01,TAG-U1-FurnaceDraftPressure_Pa
ALM-202303072255-00016,2023-03-07T22:55:00Z,TAG-U1-CondenserTemp_C,MED,Condenser temp elevated; vacuum risk. Review CW pumps/CT fans.,,TAG-U1-CondenserTemp_C
ALM-202303090640-00017,2023-03-09T06:40:00Z,TAG-U1-FurnaceDraftPressure_Pa,HIGH,Furnace draft oscillation; ID fan hunting suspected. Stabilize draft.,EVT-DRAFT-20230309-03,TAG-U1-FurnaceDraftPressure_Pa
ALM-202303151040-00018,2023-03-15T10:40:00Z,TAG-U1-DamperPosition_pct,MED,Damper near saturation (>95%). Check ID fan response/tuning.,,TAG-U1-DamperPosition_pct
ALM-202303151840-00019,2023-03-15T18:40:00Z,TAG-U1-CondenserTemp_C,MED,Condenser temp elevated; vacuum risk. Review CW pumps/CT fans.,,TAG-U1-CondenserTemp_C
ALM-202303221230-00020,2023-03-22T12:30:00Z,TAG-U1-DamperPosition_pct,MED,Damper near saturation (>95%). Check ID fan response/tuning.,,TAG-U1-DamperPosition_pct
ALM-202303221900-00021,2023-03-22T19:00:00Z,TAG-U1-CondenserTemp_C,MED,Condenser temp elevated; vacuum risk. Review CW pumps/CT fans.,,TAG-U1-CondenserTemp_C
ALM-202303310800-00022,2023-03-31T08:00:00Z,TAG-U1-DamperPosition_pct,MED,Damper near saturation (>95%). Check ID fan response/tuning.,,TAG-U1-DamperPosition_pct
ALM-202303310830-00023,2023-03-31T08:30:00Z,TAG-U1-DamperPosition_pct,MED,Damper near saturation (>95%). Check ID fan response/tuning.,,TAG-U1-DamperPosition_pct
ALM-202303310900-00024,2023-03-31T09:00:00Z,TAG-U1-DamperPosition_pct,MED,Damper near saturation (>95%). Check ID fan response/tuning.,,TAG-U1-DamperPosition_pct
ALM-202304010100-00025,2023-04-01T01:00:00Z,TAG-U1-CondenserTemp_C,MED,Condenser temp elevated; vacuum risk. Review CW pumps/CT fans.,,TAG-U1-CondenserTemp_C
ALM-202304010220-00026,2023-04-01T02:20:00Z,TAG-U1-CondenserTemp_C,MED,Condenser temp elevated; vacuum risk. Review CW pumps/CT fans.,,TAG-U1-CondenserTemp_C
ALM-202304010415-00027,2023-04-01T04:15:00Z,TAG-U1-CondenserTemp_C,MED,Condenser temp elevated; vacuum risk. Review CW pumps/CT fans.,,TAG-U1-CondenserTemp_C
ALM-202304010820-00028,2023-04-01T08:20:00Z,TAG-U1-CondenserTemp_C,MED,Condenser temp elevated; vacuum risk. Review CW pumps/CT fans.,,TAG-U1-CondenserTemp_C
ALM-202304010940-00029,2023-04-01T09:40:00Z,TAG-U1-CondenserTemp_C,MED,Condenser temp elevated; vacuum risk. Review CW pumps/CT fans.,,TAG-U1-CondenserTemp_C
ALM-202304011050-00030,2023-04-01T10:50:00Z,TAG-U1-CondenserTemp_C,MED,Condenser temp elevated; vacuum risk. Review CW pumps/CT fans.,,TAG-U1-CondenserTemp_C
ALM-202304011110-00031,2023-04-01T11:10:00Z,TAG-U1-CondenserTemp_C,MED,Condenser temp elevated; vacuum risk. Review CW pumps/CT fans.,,TAG-U1-CondenserTemp_C
ALM-202304011135-00032,2023-04-01T11:35:00Z,TAG-U1-CondenserTemp_C,MED,Condenser temp elevated; vacuum risk. Review CW pumps/CT fans.,,TAG-U1-CondenserTemp_C
ALM-202304011230-00033,2023-04-01T12:30:00Z,TAG-U1-CondenserTemp_C,MED,Condenser temp elevated; vacuum risk. Review CW pumps/CT fans.,,TAG-U1-CondenserTemp_C
ALM-202304011550-00034,2023-04-01T15:50:00Z,TAG-U1-CondenserTemp_C,MED,Condenser temp elevated; vacuum risk. Review CW pumps/CT fans.,,TAG-U1-CondenserTemp_C
ALM-202304011705-00035,2023-04-01T17:05:00Z,TAG-U1-CondenserTemp_C,MED,Condenser temp elevated; vacuum risk. Review CW pumps/CT fans.,,TAG-U1-CondenserTemp_C
ALM-202304011740-00036,2023-04-01T17:40:00Z,TAG-U1-CondenserTemp_C,MED,Condenser temp elevated; vacuum risk. Review CW pumps/CT fans.,,TAG-U1-CondenserTemp_C
ALM-202304011755-00037,2023-04-01T17:55:00Z,TAG-U1-CondenserTemp_C,MED,Condenser temp elevated; vacuum risk. Review CW pumps/CT fans.,,TAG-U1-CondenserTemp_C
ALM-202304011810-00038,2023-04-01T18:10:00Z,TAG-U1-CondenserTemp_C,MED,Condenser temp elevated; vacuum risk. Review CW pumps/CT fans.,,TAG-U1-CondenserTemp_C
ALM-202304011900-00039,2023-04-01T19:00:00Z,TAG-U1-CondenserTemp_C,MED,Condenser temp elevated; vacuum risk. Review CW pumps/CT fans.,,TAG-U1-CondenserTemp_C
ALM-202304012000-00040,2023-04-01T20:00:00Z,TAG-U1-CondenserTemp_C,MED,Condenser temp elevated; vacuum risk. Review CW pumps/CT fans.,,TAG-U1-CondenserTemp_C
ALM-202304012100-00041,2023-04-01T21:00:00Z,TAG-U1-CondenserTemp_C,MED,Condenser temp elevated; vacuum risk. Review CW pumps/CT fans.,,TAG-U1-CondenserTemp_C
ALM-202304020025-00042,2023-04-02T00:25:00Z,TAG-U1-CondenserTemp_C,MED,Condenser temp elevated; vacuum risk. Review CW pumps/CT fans.,,TAG-U1-CondenserTemp_C
ALM-202304020145-00043,2023-04-02T01:45:00Z,TAG-U1-CondenserTemp_C,MED,Condenser temp elevated; vacuum risk. Review CW pumps/CT fans.,,TAG-U1-CondenserTemp_C
ALM-202304020215-00044,2023-04-02T02:15:00Z,TAG-U1-CondenserTemp_C,MED,Condenser temp elevated; vacuum risk. Review CW pumps/CT fans.,,TAG-U1-CondenserTemp_C
ALM-202304020425-00045,2023-04-02T04:25:00Z,TAG-U1-CondenserTemp_C,MED,Condenser temp elevated; vacuum risk. Review CW pumps/CT fans.,,TAG-U1-CondenserTemp_C
ALM-202304020440-00046,2023-04-02T04:40:00Z,TAG-U1-CondenserTemp_C,MED,Condenser temp elevated; vacuum risk. Review CW pumps/CT fans.,,TAG-U1-CondenserTemp_C
ALM-202304020525-00047,2023-04-02T05:25:00Z,TAG-U1-CondenserTemp_C,MED,Condenser temp elevated; vacuum risk. Review CW pumps/CT fans.,,TAG-U1-CondenserTemp_C
ALM-202304020625-00048,2023-04-02T06:25:00Z,TAG-U1-CondenserTemp_C,MED,Condenser temp elevated; vacuum risk. Review CW pumps/CT fans.,,TAG-U1-CondenserTemp_C
ALM-202304021115-00049,2023-04-02T11:15:00Z,TAG-U1-CondenserTemp_C,MED,Condenser temp elevated; vacuum risk. Review CW pumps/CT fans.,,TAG-U1-CondenserTemp_C
ALM-202304021420-00050,2023-04-02T14:20:00Z,TAG-U1-CondenserTemp_C,MED,Condenser temp elevated; vacuum risk. Review CW pumps/CT fans.,,TAG-U1-CondenserTemp_C
ALM-202304021745-00051,2023-04-02T17:45:00Z,TAG-U1-CondenserTemp_C,MED,Condenser temp elevated; vacuum risk. Review CW pumps/CT fans.,,TAG-U1-CondenserTemp_C
ALM-202304022040-00052,2023-04-02T20:40:00Z,TAG-U1-CondenserTemp_C,MED,Condenser temp elevated; vacuum risk. Review CW pumps/CT fans.,,TAG-U1-CondenserTemp_C
ALM-202304022205-00053,2023-04-02T22:05:00Z,TAG-U1-CondenserTemp_C,MED,Condenser temp elevated; vacuum risk. Review CW pumps/CT fans.,,TAG-U1-CondenserTemp_C
ALM-202304022315-00054,2023-04-02T23:15:00Z,TAG-U1-CondenserTemp_C,MED,Condenser temp elevated; vacuum risk. Review CW pumps/CT fans.,,TAG-U1-CondenserTemp_C
ALM-202304030020-00055,2023-04-03T00:20:00Z,TAG-U1-CondenserTemp_C,MED,Condenser temp elevated; vacuum risk. Review CW pumps/CT fans.,,TAG-U1-CondenserTemp_C
ALM-202304030205-00056,2023-04-03T02:05:00Z,TAG-U1-CondenserTemp_C,MED,Condenser temp elevated; vacuum risk. Review CW pumps/CT fans.,,TAG-U1-CondenserTemp_C
ALM-202304030335-00057,2023-04-03T03:35:00Z,TAG-U1-CondenserTemp_C,MED,Condenser temp elevated; vacuum risk. Review CW pumps/CT fans.,,TAG-U1-CondenserTemp_C
ALM-202304030500-00058,2023-04-03T05:00:00Z,TAG-U1-CondenserTemp_C,MED,Condenser temp elevated; vacuum risk. Review CW pumps/CT fans.,,TAG-U1-CondenserTemp_C
ALM-202304030505-00059,2023-04-03T05:05:00Z,TAG-U1-CondenserTemp_C,MED,Condenser temp elevated; vacuum risk. Review CW pumps/CT fans.,,TAG-U1-CondenserTemp_C
ALM-202304030955-00060,2023-04-03T09:55:00Z,TAG-U1-CondenserTemp_C,MED,Condenser temp elevated; vacuum risk. Review CW pumps/CT fans.,,TAG-U1-CondenserTemp_C
ALM-202304031300-00061,2023-04-03T13:00:00Z,TAG-U1-CondenserTemp_C,MED,Condenser temp elevated; vacuum risk. Review CW pumps/CT fans.,,TAG-U1-CondenserTemp_C
ALM-202304031320-00062,2023-04-03T13:20:00Z,TAG-U1-CondenserTemp_C,MED,Condenser temp elevated; vacuum risk. Review CW pumps/CT fans.,,TAG-U1-CondenserTemp_C
ALM-202304031715-00063,2023-04-03T17:15:00Z,TAG-U1-CondenserTemp_C,MED,Condenser temp elevated; vacuum risk. Review CW pumps/CT fans.,EVT-DRAFT-20230403-04,TAG-U1-CondenserTemp_C
ALM-202304031720-00064,2023-04-03T17:20:00Z,TAG-U1-CondenserTemp_C,MED,Condenser temp elevated; vacuum risk. Review CW pumps/CT fans.,EVT-DRAFT-20230403-04,TAG-U1-CondenserTemp_C
ALM-202304031850-00065,2023-04-03T18:50:00Z,TAG-U1-CondenserTemp_C,MED,Condenser temp elevated; vacuum risk. Review CW pumps/CT fans.,EVT-DRAFT-20230403-04,TAG-U1-CondenserTemp_C
ALM-202304032010-00066,2023-04-03T20:10:00Z,TAG-U1-CondenserTemp_C,MED,Condenser temp elevated; vacuum risk. Review CW pumps/CT fans.,EVT-DRAFT-20230403-04,TAG-U1-CondenserTemp_C
ALM-202304032050-00067,2023-04-03T20:50:00Z,TAG-U1-CondenserTemp_C,MED,Condenser temp elevated; vacuum risk. Review CW pumps/CT fans.,,TAG-U1-CondenserTemp_C
ALM-202304032055-00068,2023-04-03T20:55:00Z,TAG-U1-CondenserTemp_C,MED,Condenser temp elevated; vacuum risk. Review CW pumps/CT fans.,,TAG-U1-CondenserTemp_C
ALM-202304032135-00069,2023-04-03T21:35:00Z,TAG-U1-CondenserTemp_C,MED,Condenser temp elevated; vacuum risk. Review CW pumps/CT fans.,,TAG-U1-CondenserTemp_C
ALM-202304032210-00070,2023-04-03T22:10:00Z,TAG-U1-CondenserTemp_C,MED,Condenser temp elevated; vacuum risk. Review CW pumps/CT fans.,,TAG-U1-CondenserTemp_C
ALM-202304040435-00071,2023-04-04T04:35:00Z,TAG-U1-CondenserTemp_C,MED,Condenser temp elevated; vacuum risk. Review CW pumps/CT fans.,,TAG-U1-CondenserTemp_C
ALM-202304040530-00072,2023-04-04T05:30:00Z,TAG-U1-CondenserTemp_C,MED,Condenser temp elevated; vacuum risk. Review CW pumps/CT fans.,,TAG-U1-CondenserTemp_C
ALM-202304040750-00073,2023-04-04T07:50:00Z,TAG-U1-CondenserTemp_C,MED,Condenser temp elevated; vacuum risk. Review CW pumps/CT fans.,,TAG-U1-CondenserTemp_C
ALM-202304040930-00074,2023-04-04T09:30:00Z,TAG-U1-CondenserTemp_C,MED,Condenser temp elevated; vacuum risk. Review CW pumps/CT fans.,,TAG-U1-CondenserTemp_C
ALM-202304041505-00075,2023-04-04T15:05:00Z,TAG-U1-CondenserTemp_C,MED,Condenser temp elevated; vacuum risk. Review CW pumps/CT fans.,,TAG-U1-CondenserTemp_C
ALM-202304041540-00076,2023-04-04T15:40:00Z,TAG-U1-CondenserTemp_C,MED,Condenser temp elevated; vacuum risk. Review CW pumps/CT fans.,,TAG-U1-CondenserTemp_C
ALM-202304041805-00077,2023-04-04T18:05:00Z,TAG-U1-CondenserTemp_C,MED,Condenser temp elevated; vacuum risk. Review CW pumps/CT fans.,,TAG-U1-CondenserTemp_C
ALM-202304041850-00078,2023-04-04T18:50:00Z,TAG-U1-CondenserTemp_C,MED,Condenser temp elevated; vacuum risk. Review CW pumps/CT fans.,,TAG-U1-CondenserTemp_C
ALM-202304042015-00079,2023-04-04T20:15:00Z,TAG-U1-CondenserTemp_C,MED,Condenser temp elevated; vacuum risk. Review CW pumps/CT fans.,,TAG-U1-CondenserTemp_C
ALM-202304042020-00080,2023-04-04T20:20:00Z,TAG-U1-CondenserTemp_C,MED,Condenser temp elevated; vacuum risk. Review CW pumps/CT fans.,,TAG-U1-CondenserTemp_C
ALM-202304050100-00081,2023-04-05T01:00:00Z,TAG-U1-CondenserTemp_C,MED,Condenser temp elevated; vacuum risk. Review CW pumps/CT fans.,,TAG-U1-CondenserTemp_C
ALM-202304050135-00082,2023-04-05T01:35:00Z,TAG-U1-CondenserTemp_C,MED,Condenser temp elevated; vacuum risk. Review CW pumps/CT fans.,,TAG-U1-CondenserTemp_C
ALM-202304050315-00083,2023-04-05T03:15:00Z,TAG-U1-CondenserTemp_C,MED,Condenser temp elevated; vacuum risk. Review CW pumps/CT fans.,,TAG-U1-CondenserTemp_C
ALM-202304050355-00084,2023-04-05T03:55:00Z,TAG-U1-CondenserTemp_C,MED,Condenser temp elevated; vacuum risk. Review CW pumps/CT fans.,,TAG-U1-CondenserTemp_C
ALM-202304050405-00085,2023-04-05T04:05:00Z,TAG-U1-CondenserTemp_C,MED,Condenser temp elevated; vacuum risk. Review CW pumps/CT fans.,,TAG-U1-CondenserTemp_C
ALM-202304051005-00086,2023-04-05T10:05:00Z,TAG-U1-CondenserTemp_C,MED,Condenser temp elevated; vacuum risk. Review CW pumps/CT fans.,,TAG-U1-CondenserTemp_C
ALM-202304051040-00087,2023-04-05T10:40:00Z,TAG-U1-CondenserTemp_C,MED,Condenser temp elevated; vacuum risk. Review CW pumps/CT fans.,,TAG-U1-CondenserTemp_C
ALM-202304051215-00088,2023-04-05T12:15:00Z,TAG-U1-CondenserTemp_C,MED,Condenser temp elevated; vacuum risk. Review CW pumps/CT fans.,,TAG-U1-CondenserTemp_C
ALM-202304051420-00089,2023-04-05T14:20:00Z,TAG-U1-CondenserTemp_C,MED,Condenser temp elevated; vacuum risk. Review CW pumps/CT fans.,,TAG-U1-CondenserTemp_C
ALM-202304051520-00090,2023-04-05T15:20:00Z,TAG-U1-CondenserTemp_C,MED,Condenser temp elevated; vacuum risk. Review CW pumps/CT fans.,,TAG-U1-CondenserTemp_C
ALM-202304052300-00091,2023-04-05T23:00:00Z,TAG-U1-CondenserTemp_C,MED,Condenser temp elevated; vacuum risk. Review CW pumps/CT fans.,,TAG-U1-CondenserTemp_C
ALM-202304052305-00092,2023-04-05T23:05:00Z,TAG-U1-CondenserTemp_C,MED,Condenser temp elevated; vacuum risk. Review CW pumps/CT fans.,,TAG-U1-CondenserTemp_C
ALM-202304052330-00093,2023-04-05T23:30:00Z,TAG-U1-CondenserTemp_C,MED,Condenser temp elevated; vacuum risk. Review CW pumps/CT fans.,,TAG-U1-CondenserTemp_C
ALM-202304060015-00094,2023-04-06T00:15:00Z,TAG-U1-CondenserTemp_C,MED,Condenser temp elevated; vacuum risk. Review CW pumps/CT fans.,,TAG-U1-CondenserTemp_C
ALM-202304060100-00095,2023-04-06T01:00:00Z,TAG-U1-CondenserTemp_C,MED,Condenser temp elevated; vacuum risk. Review CW pumps/CT fans.,,TAG-U1-CondenserTemp_C
ALM-202304060110-00096,2023-04-06T01:10:00Z,TAG-U1-CondenserTemp_C,MED,Condenser temp elevated; vacuum risk. Review CW pumps/CT fans.,,TAG-U1-CondenserTemp_C
ALM-202304060255-00097,2023-04-06T02:55:00Z,TAG-U1-CondenserTemp_C,MED,Condenser temp elevated; vacuum risk. Review CW pumps/CT fans.,,TAG-U1-CondenserTemp_C
ALM-202304060300-00098,2023-04-06T03:00:00Z,TAG-U1-CondenserTemp_C,MED,Condenser temp elevated; vacuum risk. Review CW pumps/CT fans.,,TAG-U1-CondenserTemp_C
ALM-202304060500-00099,2023-04-06T05:00:00Z,TAG-U1-CondenserTemp_C,MED,Condenser temp elevated; vacuum risk. Review CW pumps/CT fans.,,TAG-U1-CondenserTemp_C
ALM-202304060540-00100,2023-04-06T05:40:00Z,TAG-U1-CondenserTemp_C,MED,Condenser temp elevated; vacuum risk. Review CW pumps/CT fans.,,TAG-U1-CondenserTemp_C
ALM-202304060830-00101,2023-04-06T08:30:00Z,TAG-U1-CondenserTemp_C,MED,Condenser temp elevated; vacuum risk. Review CW pumps/CT fans.,,TAG-U1-CondenserTemp_C
ALM-202304060900-00102,2023-04-06T09:00:00Z,TAG-U1-CondenserTemp_C,MED,Condenser temp elevated; vacuum risk. Review CW pumps/CT fans.,,TAG-U1-CondenserTemp_C
ALM-202304060930-00103,2023-04-06T09:30:00Z,TAG-U1-CondenserTemp_C,MED,Condenser temp elevated; vacuum risk. Review CW pumps/CT fans.,,TAG-U1-CondenserTemp_C
ALM-202304061535-00104,2023-04-06T15:35:00Z,TAG-U1-CondenserTemp_C,MED,Condenser temp elevated; vacuum risk. Review CW pumps/CT fans.,,TAG-U1-CondenserTemp_C
ALM-202304062125-00105,2023-04-06T21:25:00Z,TAG-U1-CondenserTemp_C,MED,Condenser temp elevated; vacuum risk. Review CW pumps/CT fans.,,TAG-U1-CondenserTemp_C
ALM-202304062155-00106,2023-04-06T21:55:00Z,TAG-U1-CondenserTemp_C,MED,Condenser temp elevated; vacuum risk. Review CW pumps/CT fans.,,TAG-U1-CondenserTemp_C
ALM-202304062305-00107,2023-04-06T23:05:00Z,TAG-U1-CondenserTemp_C,MED,Condenser temp elevated; vacuum risk. Review CW pumps/CT fans.,,TAG-U1-CondenserTemp_C
ALM-202304062310-00108,2023-04-06T23:10:00Z,TAG-U1-CondenserTemp_C,MED,Condenser temp elevated; vacuum risk. Review CW pumps/CT fans.,,TAG-U1-CondenserTemp_C
ALM-202304070700-00109,2023-04-07T07:00:00Z,TAG-U1-CondenserTemp_C,MED,Condenser temp elevated; vacuum risk. Review CW pumps/CT fans.,,TAG-U1-CondenserTemp_C
ALM-202304071120-00110,2023-04-07T11:20:00Z,TAG-U1-CondenserTemp_C,MED,Condenser temp elevated; vacuum risk. Review CW pumps/CT fans.,,TAG-U1-CondenserTemp_C
ALM-202304071545-00111,2023-04-07T15:45:00Z,TAG-U1-CondenserTemp_C,MED,Condenser temp elevated; vacuum risk. Review CW pumps/CT fans.,,TAG-U1-CondenserTemp_C
ALM-202304071625-00112,2023-04-07T16:25:00Z,TAG-U1-CondenserTemp_C,MED,Condenser temp elevated; vacuum risk. Review CW pumps/CT fans.,,TAG-U1-CondenserTemp_C
ALM-202304071855-00113,2023-04-07T18:55:00Z,TAG-U1-CondenserTemp_C,MED,Condenser temp elevated; vacuum risk. Review CW pumps/CT fans.,,TAG-U1-CondenserTemp_C
ALM-202304072325-00114,2023-04-07T23:25:00Z,TAG-U1-CondenserTemp_C,MED,Condenser temp elevated; vacuum risk. Review CW pumps/CT fans.,,TAG-U1-CondenserTemp_C
ALM-202304080145-00115,2023-04-08T01:45:00Z,TAG-U1-CondenserTemp_C,MED,Condenser temp elevated; vacuum risk. Review CW pumps/CT fans.,,TAG-U1-CondenserTemp_C
ALM-202304080355-00116,2023-04-08T03:55:00Z,TAG-U1-CondenserTemp_C,MED,Condenser temp elevated; vacuum risk. Review CW pumps/CT fans.,,TAG-U1-CondenserTemp_C
ALM-202304080620-00117,2023-04-08T06:20:00Z,TAG-U1-CondenserTemp_C,MED,Condenser temp elevated; vacuum risk. Review CW pumps/CT fans.,,TAG-U1-CondenserTemp_C
ALM-202304080930-00118,2023-04-08T09:30:00Z,TAG-U1-CondenserTemp_C,MED,Condenser temp elevated; vacuum risk. Review CW pumps/CT fans.,,TAG-U1-CondenserTemp_C
ALM-202304080955-00119,2023-04-08T09:55:00Z,TAG-U1-CondenserTemp_C,MED,Condenser temp elevated; vacuum risk. Review CW pumps/CT fans.,,TAG-U1-CondenserTemp_C
ALM-202304081050-00120,2023-04-08T10:50:00Z,TAG-U1-CondenserTemp_C,MED,Condenser temp elevated; vacuum risk. Review CW pumps/CT fans.,,TAG-U1-CondenserTemp_C
ALM-202304081425-00121,2023-04-08T14:25:00Z,TAG-U1-CondenserTemp_C,MED,Condenser temp elevated; vacuum risk. Review CW pumps/CT fans.,,TAG-U1-CondenserTemp_C
ALM-202304081540-00122,2023-04-08T15:40:00Z,TAG-U1-CondenserTemp_C,MED,Condenser temp elevated; vacuum risk. Review CW pumps/CT fans.,,TAG-U1-CondenserTemp_C
ALM-202304081735-00123,2023-04-08T17:35:00Z,TAG-U1-CondenserTemp_C,MED,Condenser temp elevated; vacuum risk. Review CW pumps/CT fans.,,TAG-U1-CondenserTemp_C
ALM-202304082145-00124,2023-04-08T21:45:00Z,TAG-U1-CondenserTemp_C,MED,Condenser temp elevated; vacuum risk. Review CW pumps/CT fans.,,TAG-U1-CondenserTemp_C
ALM-202304090140-00125,2023-04-09T01:40:00Z,TAG-U1-CondenserTemp_C,MED,Condenser temp elevated; vacuum risk. Review CW pumps/CT fans.,,TAG-U1-CondenserTemp_C
ALM-202304090220-00126,2023-04-09T02:20:00Z,TAG-U1-CondenserTemp_C,MED,Condenser temp elevated; vacuum risk. Review CW pumps/CT fans.,,TAG-U1-CondenserTemp_C
ALM-202304090330-00127,2023-04-09T03:30:00Z,TAG-U1-CondenserTemp_C,MED,Condenser temp elevated; vacuum risk. Review CW pumps/CT fans.,,TAG-U1-CondenserTemp_C
ALM-202304090355-00128,2023-04-09T03:55:00Z,TAG-U1-CondenserTemp_C,MED,Condenser temp elevated; vacuum risk. Review CW pumps/CT fans.,,TAG-U1-CondenserTemp_C
ALM-202304090510-00129,2023-04-09T05:10:00Z,TAG-U1-CondenserTemp_C,MED,Condenser temp elevated; vacuum risk. Review CW pumps/CT fans.,,TAG-U1-CondenserTemp_C
ALM-202304090745-00130,2023-04-09T07:45:00Z,TAG-U1-CondenserTemp_C,MED,Condenser temp elevated; vacuum risk. Review CW pumps/CT fans.,,TAG-U1-CondenserTemp_C
ALM-202304090810-00131,2023-04-09T08:10:00Z,TAG-U1-CondenserTemp_C,MED,Condenser temp elevated; vacuum risk. Review CW pumps/CT fans.,,TAG-U1-CondenserTemp_C
ALM-202304090905-00132,2023-04-09T09:05:00Z,TAG-U1-CondenserTemp_C,MED,Condenser temp elevated; vacuum risk. Review CW pumps/CT fans.,,TAG-U1-CondenserTemp_C
ALM-202304091030-00133,2023-04-09T10:30:00Z,TAG-U1-CondenserTemp_C,MED,Condenser temp elevated; vacuum risk. Review CW pumps/CT fans.,,TAG-U1-CondenserTemp_C
ALM-202304091150-00134,2023-04-09T11:50:00Z,TAG-U1-CondenserTemp_C,MED,Condenser temp elevated; vacuum risk. Review CW pumps/CT fans.,,TAG-U1-CondenserTemp_C
ALM-202304091200-00135,2023-04-09T12:00:00Z,TAG-U1-CondenserTemp_C,MED,Condenser temp elevated; vacuum risk. Review CW pumps/CT fans.,,TAG-U1-CondenserTemp_C
ALM-202304091310-00136,2023-04-09T13:10:00Z,TAG-U1-CondenserTemp_C,MED,Condenser temp elevated; vacuum risk. Review CW pumps/CT fans.,,TAG-U1-CondenserTemp_C
ALM-202304091330-00137,2023-04-09T13:30:00Z,TAG-U1-CondenserTemp_C,MED,Condenser temp elevated; vacuum risk. Review CW pumps/CT fans.,,TAG-U1-CondenserTemp_C
ALM-202304091420-00138,2023-04-09T14:20:00Z,TAG-U1-CondenserTemp_C,MED,Condenser temp elevated; vacuum risk. Review CW pumps/CT fans.,,TAG-U1-CondenserTemp_C
ALM-202304091555-00139,2023-04-09T15:55:00Z,TAG-U1-CondenserTemp_C,MED,Condenser temp elevated; vacuum risk. Review CW pumps/CT fans.,,TAG-U1-CondenserTemp_C
ALM-202304091655-00140,2023-04-09T16:55:00Z,TAG-U1-CondenserTemp_C,MED,Condenser temp elevated; vacuum risk. Review CW pumps/CT fans.,,TAG-U1-CondenserTemp_C
ALM-202304091830-00141,2023-04-09T18:30:00Z,TAG-U1-CondenserTemp_C,MED,Condenser temp elevated; vacuum risk. Review CW pumps/CT fans.,,TAG-U1-CondenserTemp_C
ALM-202304092005-00142,2023-04-09T20:05:00Z,TAG-U1-CondenserTemp_C,MED,Condenser temp elevated; vacuum risk. Review CW pumps/CT fans.,,TAG-U1-CondenserTemp_C
ALM-202304092115-00143,2023-04-09T21:15:00Z,TAG-U1-CondenserTemp_C,MED,Condenser temp elevated; vacuum risk. Review CW pumps/CT fans.,,TAG-U1-CondenserTemp_C
ALM-202304092220-00144,2023-04-09T22:20:00Z,TAG-U1-CondenserTemp_C,MED,Condenser temp elevated; vacuum risk. Review CW pumps/CT fans.,,TAG-U1-CondenserTemp_C
ALM-202304092305-00145,2023-04-09T23:05:00Z,TAG-U1-CondenserTemp_C,MED,Condenser temp elevated; vacuum risk. Review CW pumps/CT fans.,,TAG-U1-CondenserTemp_C
ALM-202304092310-00146,2023-04-09T23:10:00Z,TAG-U1-CondenserTemp_C,MED,Condenser temp elevated; vacuum risk. Review CW pumps/CT fans.,,TAG-U1-CondenserTemp_C
ALM-202304100335-00147,2023-04-10T03:35:00Z,TAG-U1-CondenserTemp_C,MED,Condenser temp elevated; vacuum risk. Review CW pumps/CT fans.,,TAG-U1-CondenserTemp_C
ALM-202304100540-00148,2023-04-10T05:40:00Z,TAG-U1-CondenserTemp_C,MED,Condenser temp elevated; vacuum risk. Review CW pumps/CT fans.,,TAG-U1-CondenserTemp_C
ALM-202304100635-00149,2023-04-10T06:35:00Z,TAG-U1-CondenserTemp_C,MED,Condenser temp elevated; vacuum risk. Review CW pumps/CT fans.,,TAG-U1-CondenserTemp_C
ALM-202304100640-00150,2023-04-10T06:40:00Z,TAG-U1-CondenserTemp_C,MED,Condenser temp elevated; vacuum risk. Review CW pumps/CT fans.,,TAG-U1-CondenserTemp_C
ALM-202304100740-00151,2023-04-10T07:40:00Z,TAG-U1-CondenserTemp_C,MED,Condenser temp elevated; vacuum risk. Review CW pumps/CT fans.,,TAG-U1-CondenserTemp_C
ALM-202304101115-00152,2023-04-10T11:15:00Z,TAG-U1-CondenserTemp_C,MED,Condenser temp elevated; vacuum risk. Review CW pumps/CT fans.,,TAG-U1-CondenserTemp_C
ALM-202304101155-00153,2023-04-10T11:55:00Z,TAG-U1-CondenserTemp_C,MED,Condenser temp elevated; vacuum risk. Review CW pumps/CT fans.,,TAG-U1-CondenserTemp_C
ALM-202304101520-00154,2023-04-10T15:20:00Z,TAG-U1-CondenserTemp_C,MED,Condenser temp elevated; vacuum risk. Review CW pumps/CT fans.,,TAG-U1-CondenserTemp_C
ALM-202304101640-00155,2023-04-10T16:40:00Z,TAG-U1-CondenserTemp_C,MED,Condenser temp elevated; vacuum risk. Review CW pumps/CT fans.,,TAG-U1-CondenserTemp_C
ALM-202304101825-00156,2023-04-10T18:25:00Z,TAG-U1-CondenserTemp_C,MED,Condenser temp elevated; vacuum risk. Review CW pumps/CT fans.,,TAG-U1-CondenserTemp_C
ALM-202304101910-00157,2023-04-10T19:10:00Z,TAG-U1-CondenserTemp_C,MED,Condenser temp elevated; vacuum risk. Review CW pumps/CT fans.,,TAG-U1-CondenserTemp_C
ALM-202304102000-00158,2023-04-10T20:00:00Z,TAG-U1-CondenserTemp_C,MED,Condenser temp elevated; vacuum risk. Review CW pumps/CT fans.,,TAG-U1-CondenserTemp_C
ALM-202304102325-00159,2023-04-10T23:25:00Z,TAG-U1-CondenserTemp_C,MED,Condenser temp elevated; vacuum risk. Review CW pumps/CT fans.,,TAG-U1-CondenserTemp_C
ALM-202304102345-00160,2023-04-10T23:45:00Z,TAG-U1-CondenserTemp_C,MED,Condenser temp elevated; vacuum risk. Review CW pumps/CT fans.,,TAG-U1-CondenserTemp_C
ALM-202304110045-00161,2023-04-11T00:45:00Z,TAG-U1-CondenserTemp_C,MED,Condenser temp elevated; vacuum risk. Review CW pumps/CT fans.,,TAG-U1-CondenserTemp_C
ALM-202304110050-00162,2023-04-11T00:50:00Z,TAG-U1-CondenserTemp_C,MED,Condenser temp elevated; vacuum risk. Review CW pumps/CT fans.,,TAG-U1-CondenserTemp_C
ALM-202304110335-00163,2023-04-11T03:35:00Z,TAG-U1-CondenserTemp_C,MED,Condenser temp elevated; vacuum risk. Review CW pumps/CT fans.,,TAG-U1-CondenserTemp_C
ALM-202304110525-00164,2023-04-11T05:25:00Z,TAG-U1-CondenserTemp_C,MED,Condenser temp elevated; vacuum risk. Review CW pumps/CT fans.,,TAG-U1-CondenserTemp_C
ALM-202304110540-00165,2023-04-11T05:40:00Z,TAG-U1-CondenserTemp_C,MED,Condenser temp elevated; vacuum risk. Review CW pumps/CT fans.,,TAG-U1-CondenserTemp_C
ALM-202304110720-00166,2023-04-11T07:20:00Z,TAG-U1-CondenserTemp_C,MED,Condenser temp elevated; vacuum risk. Review CW pumps/CT fans.,,TAG-U1-CondenserTemp_C
ALM-202304110805-00167,2023-04-11T08:05:00Z,TAG-U1-CondenserTemp_C,MED,Condenser temp elevated; vacuum risk. Review CW pumps/CT fans.,,TAG-U1-CondenserTemp_C
ALM-202304110810-00168,2023-04-11T08:10:00Z,TAG-U1-CondenserTemp_C,MED,Condenser temp elevated; vacuum risk. Review CW pumps/CT fans.,,TAG-U1-CondenserTemp_C
ALM-202304111045-00169,2023-04-11T10:45:00Z,TAG-U1-CondenserTemp_C,MED,Condenser temp elevated; vacuum risk. Review CW pumps/CT fans.,,TAG-U1-CondenserTemp_C
ALM-202304111200-00170,2023-04-11T12:00:00Z,TAG-U1-CondenserTemp_C,MED,Condenser temp elevated; vacuum risk. Review CW pumps/CT fans.,,TAG-U1-CondenserTemp_C
ALM-202304111335-00171,2023-04-11T13:35:00Z,TAG-U1-CondenserTemp_C,MED,Condenser temp elevated; vacuum risk. Review CW pumps/CT fans.,,TAG-U1-CondenserTemp_C
ALM-202304111400-00172,2023-04-11T14:00:00Z,TAG-U1-CondenserTemp_C,MED,Condenser temp elevated; vacuum risk. Review CW pumps/CT fans.,,TAG-U1-CondenserTemp_C
ALM-202304111450-00173,2023-04-11T14:50:00Z,TAG-U1-CondenserTemp_C,MED,Condenser temp elevated; vacuum risk. Review CW pumps/CT fans.,,TAG-U1-CondenserTemp_C
ALM-202304112305-00174,2023-04-11T23:05:00Z,TAG-U1-CondenserTemp_C,MED,Condenser temp elevated; vacuum risk. Review CW pumps/CT fans.,,TAG-U1-CondenserTemp_C
ALM-202304112350-00175,2023-04-11T23:50:00Z,TAG-U1-CondenserTemp_C,MED,Condenser temp elevated; vacuum risk. Review CW pumps/CT fans.,,TAG-U1-CondenserTemp_C
ALM-202304120005-00176,2023-04-12T00:05:00Z,TAG-U1-CondenserTemp_C,MED,Condenser temp elevated; vacuum risk. Review CW pumps/CT fans.,,TAG-U1-CondenserTemp_C
ALM-202304120415-00177,2023-04-12T04:15:00Z,TAG-U1-CondenserTemp_C,MED,Condenser temp elevated; vacuum risk. Review CW pumps/CT fans.,,TAG-U1-CondenserTemp_C
ALM-202304120530-00178,2023-04-12T05:30:00Z,TAG-U1-CondenserTemp_C,MED,Condenser temp elevated; vacuum risk. Review CW pumps/CT fans.,,TAG-U1-CondenserTemp_C
ALM-202304120645-00179,2023-04-12T06:45:00Z,TAG-U1-CondenserTemp_C,MED,Condenser temp elevated; vacuum risk. Review CW pumps/CT fans.,,TAG-U1-CondenserTemp_C
ALM-202304120710-00180,2023-04-12T07:10:00Z,TAG-U1-CondenserTemp_C,MED,Condenser temp elevated; vacuum risk. Review CW pumps/CT fans.,,TAG-U1-CondenserTemp_C
ALM-202304120800-00181,2023-04-12T08:00:00Z,TAG-U1-CondenserTemp_C,MED,Condenser temp elevated; vacuum risk. Review CW pumps/CT fans.,,TAG-U1-CondenserTemp_C
ALM-202304120915-00182,2023-04-12T09:15:00Z,TAG-U1-CondenserTemp_C,MED,Condenser temp elevated; vacuum risk. Review CW pumps/CT fans.,,TAG-U1-CondenserTemp_C
ALM-202304120950-00183,2023-04-12T09:50:00Z,TAG-U1-CondenserTemp_C,MED,Condenser temp elevated; vacuum risk. Review CW pumps/CT fans.,,TAG-U1-CondenserTemp_C
ALM-202304121100-00184,2023-04-12T11:00:00Z,TAG-U1-CondenserTemp_C,MED,Condenser temp elevated; vacuum risk. Review CW pumps/CT fans.,,TAG-U1-CondenserTemp_C
ALM-202304121140-00185,2023-04-12T11:40:00Z,TAG-U1-CondenserTemp_C,MED,Condenser temp elevated; vacuum risk. Review CW pumps/CT fans.,,TAG-U1-CondenserTemp_C
ALM-202304121310-00186,2023-04-12T13:10:00Z,TAG-U1-CondenserTemp_C,MED,Condenser temp elevated; vacuum risk. Review CW pumps/CT fans.,,TAG-U1-CondenserTemp_C
ALM-202304121325-00187,2023-04-12T13:25:00Z,TAG-U1-CondenserTemp_C,MED,Condenser temp elevated; vacuum risk. Review CW pumps/CT fans.,,TAG-U1-CondenserTemp_C
ALM-202304121625-00188,2023-04-12T16:25:00Z,TAG-U1-CondenserTemp_C,MED,Condenser temp elevated; vacuum risk. Review CW pumps/CT fans.,,TAG-U1-CondenserTemp_C
ALM-202304121740-00189,2023-04-12T17:40:00Z,TAG-U1-CondenserTemp_C,MED,Condenser temp elevated; vacuum risk. Review CW pumps/CT fans.,,TAG-U1-CondenserTemp_C
ALM-202304122130-00190,2023-04-12T21:30:00Z,TAG-U1-CondenserTemp_C,MED,Condenser temp elevated; vacuum risk. Review CW pumps/CT fans.,,TAG-U1-CondenserTemp_C
ALM-202304122155-00191,2023-04-12T21:55:00Z,TAG-U1-CondenserTemp_C,MED,Condenser temp elevated; vacuum risk. Review CW pumps/CT fans.,,TAG-U1-CondenserTemp_C
ALM-202304122205-00192,2023-04-12T22:05:00Z,TAG-U1-CondenserTemp_C,MED,Condenser temp elevated; vacuum risk. Review CW pumps/CT fans.,,TAG-U1-CondenserTemp_C
ALM-202304130500-00193,2023-04-13T05:00:00Z,TAG-U1-CondenserTemp_C,MED,Condenser temp elevated; vacuum risk. Review CW pumps/CT fans.,,TAG-U1-CondenserTemp_C
ALM-202304130525-00194,2023-04-13T05:25:00Z,TAG-U1-CondenserTemp_C,MED,Condenser temp elevated; vacuum risk. Review CW pumps/CT fans.,,TAG-U1-CondenserTemp_C
ALM-202304130735-00195,2023-04-13T07:35:00Z,TAG-U1-CondenserTemp_C,MED,Condenser temp elevated; vacuum risk. Review CW pumps/CT fans.,,TAG-U1-CondenserTemp_C
ALM-202304130800-00196,2023-04-13T08:00:00Z,TAG-U1-CondenserTemp_C,MED,Condenser temp elevated; vacuum risk. Review CW pumps/CT fans.,,TAG-U1-CondenserTemp_C
ALM-202304130825-00197,2023-04-13T08:25:00Z,TAG-U1-CondenserTemp_C,MED,Condenser temp elevated; vacuum risk. Review CW pumps/CT fans.,,TAG-U1-CondenserTemp_C
ALM-202304130840-00198,2023-04-13T08:40:00Z,TAG-U1-CondenserTemp_C,MED,Condenser temp elevated; vacuum risk. Review CW pumps/CT fans.,,TAG-U1-CondenserTemp_C
ALM-202304131200-00199,2023-04-13T12:00:00Z,TAG-U1-CondenserTemp_C,MED,Condenser temp elevated; vacuum risk. Review CW pumps/CT fans.,,TAG-U1-CondenserTemp_C
ALM-202304131215-00200,2023-04-13T12:15:00Z,TAG-U1-CondenserTemp_C,MED,Condenser temp elevated; vacuum risk. Review CW pumps/CT fans.,,TAG-U1-CondenserTemp_C
ALM-202304131315-00201,2023-04-13T13:15:00Z,TAG-U1-CondenserTemp_C,MED,Condenser temp elevated; vacuum risk. Review CW pumps/CT fans.,,TAG-U1-CondenserTemp_C
ALM-202304131335-00202,2023-04-13T13:35:00Z,TAG-U1-CondenserTemp_C,MED,Condenser temp elevated; vacuum risk. Review CW pumps/CT fans.,,TAG-U1-CondenserTemp_C
ALM-202304131455-00203,2023-04-13T14:55:00Z,TAG-U1-CondenserTemp_C,MED,Condenser temp elevated; vacuum risk. Review CW pumps/CT fans.,,TAG-U1-CondenserTemp_C
ALM-202304131535-00204,2023-04-13T15:35:00Z,TAG-U1-CondenserTemp_C,MED,Condenser temp elevated; vacuum risk. Review CW pumps/CT fans.,,TAG-U1-CondenserTemp_C
ALM-202304131555-00205,2023-04-13T15:55:00Z,TAG-U1-CondenserTemp_C,MED,Condenser temp elevated; vacuum risk. Review CW pumps/CT fans.,,TAG-U1-CondenserTemp_C
ALM-202304132135-00206,2023-04-13T21:35:00Z,TAG-U1-CondenserTemp_C,MED,Condenser temp elevated; vacuum risk. Review CW pumps/CT fans.,,TAG-U1-CondenserTemp_C
ALM-202304132340-00207,2023-04-13T23:40:00Z,TAG-U1-CondenserTemp_C,MED,Condenser temp elevated; vacuum risk. Review CW pumps/CT fans.,,TAG-U1-CondenserTemp_C
ALM-202304140115-00208,2023-04-14T01:15:00Z,TAG-U1-CondenserTemp_C,MED,Condenser temp elevated; vacuum risk. Review CW pumps/CT fans.,,TAG-U1-CondenserTemp_C
ALM-202304140150-00209,2023-04-14T01:50:00Z,TAG-U1-CondenserTemp_C,MED,Condenser temp elevated; vacuum risk. Review CW pumps/CT fans.,,TAG-U1-CondenserTemp_C
ALM-202304140230-00210,2023-04-14T02:30:00Z,TAG-U1-CondenserTemp_C,MED,Condenser temp elevated; vacuum risk. Review CW pumps/CT fans.,,TAG-U1-CondenserTemp_C
ALM-202304140415-00211,2023-04-14T04:15:00Z,TAG-U1-CondenserTemp_C,MED,Condenser temp elevated; vacuum risk. Review CW pumps/CT fans.,,TAG-U1-CondenserTemp_C
ALM-202304140640-00212,2023-04-14T06:40:00Z,TAG-U1-CondenserTemp_C,MED,Condenser temp elevated; vacuum risk. Review CW pumps/CT fans.,,TAG-U1-CondenserTemp_C
ALM-202304140655-00213,2023-04-14T06:55:00Z,TAG-U1-CondenserTemp_C,MED,Condenser temp elevated; vacuum risk. Review CW pumps/CT fans.,,TAG-U1-CondenserTemp_C
ALM-202304140735-00214,2023-04-14T07:35:00Z,TAG-U1-CondenserTemp_C,MED,Condenser temp elevated; vacuum risk. Review CW pumps/CT fans.,,TAG-U1-CondenserTemp_C
ALM-202304140850-00215,2023-04-14T08:50:00Z,TAG-U1-CondenserTemp_C,MED,Condenser temp elevated; vacuum risk. Review CW pumps/CT fans.,,TAG-U1-CondenserTemp_C
ALM-202304140935-00216,2023-04-14T09:35:00Z,TAG-U1-CondenserTemp_C,MED,Condenser temp elevated; vacuum risk. Review CW pumps/CT fans.,,TAG-U1-CondenserTemp_C
ALM-202304141015-00217,2023-04-14T10:15:00Z,TAG-U1-CondenserTemp_C,MED,Condenser temp elevated; vacuum risk. Review CW pumps/CT fans.,,TAG-U1-CondenserTemp_C
ALM-202304141035-00218,2023-04-14T10:35:00Z,TAG-U1-CondenserTemp_C,MED,Condenser temp elevated; vacuum risk. Review CW pumps/CT fans.,,TAG-U1-CondenserTemp_C
ALM-202304141225-00219,2023-04-14T12:25:00Z,TAG-U1-CondenserTemp_C,MED,Condenser temp elevated; vacuum risk. Review CW pumps/CT fans.,,TAG-U1-CondenserTemp_C
ALM-202304141620-00220,2023-04-14T16:20:00Z,TAG-U1-CondenserTemp_C,MED,Condenser temp elevated; vacuum risk. Review CW pumps/CT fans.,,TAG-U1-CondenserTemp_C
ALM-202304142005-00221,2023-04-14T20:05:00Z,TAG-U1-CondenserTemp_C,MED,Condenser temp elevated; vacuum risk. Review CW pumps/CT fans.,,TAG-U1-CondenserTemp_C
ALM-202304142035-00222,2023-04-14T20:35:00Z,TAG-U1-CondenserTemp_C,MED,Condenser temp elevated; vacuum risk. Review CW pumps/CT fans.,,TAG-U1-CondenserTemp_C
ALM-202304142040-00223,2023-04-14T20:40:00Z,TAG-U1-CondenserTemp_C,MED,Condenser temp elevated; vacuum risk. Review CW pumps/CT fans.,,TAG-U1-CondenserTemp_C
ALM-202304142045-00224,2023-04-14T20:45:00Z,TAG-U1-CondenserTemp_C,MED,Condenser temp elevated; vacuum risk. Review CW pumps/CT fans.,,TAG-U1-CondenserTemp_C
ALM-202304142255-00225,2023-04-14T22:55:00Z,TAG-U1-CondenserTemp_C,MED,Condenser temp elevated; vacuum risk. Review CW pumps/CT fans.,,TAG-U1-CondenserTemp_C
ALM-202304150205-00226,2023-04-15T02:05:00Z,TAG-U1-CondenserTemp_C,MED,Condenser temp elevated; vacuum risk. Review CW pumps/CT fans.,,TAG-U1-CondenserTemp_C
ALM-202304150430-00227,2023-04-15T04:30:00Z,TAG-U1-CondenserTemp_C,MED,Condenser temp elevated; vacuum risk. Review CW pumps/CT fans.,,TAG-U1-CondenserTemp_C
ALM-202304150525-00228,2023-04-15T05:25:00Z,TAG-U1-CondenserTemp_C,MED,Condenser temp elevated; vacuum risk. Review CW pumps/CT fans.,,TAG-U1-CondenserTemp_C
ALM-202304150645-00229,2023-04-15T06:45:00Z,TAG-U1-CondenserTemp_C,MED,Condenser temp elevated; vacuum risk. Review CW pumps/CT fans.,,TAG-U1-CondenserTemp_C
ALM-202304150735-00230,2023-04-15T07:35:00Z,TAG-U1-CondenserTemp_C,MED,Condenser temp elevated; vacuum risk. Review CW pumps/CT fans.,,TAG-U1-CondenserTemp_C
ALM-202304151130-00231,2023-04-15T11:30:00Z,TAG-U1-CondenserTemp_C,MED,Condenser temp elevated; vacuum risk. Review CW pumps/CT fans.,,TAG-U1-CondenserTemp_C
ALM-202304151415-00232,2023-04-15T14:15:00Z,TAG-U1-CondenserTemp_C,MED,Condenser temp elevated; vacuum risk. Review CW pumps/CT fans.,,TAG-U1-CondenserTemp_C
ALM-202304151420-00233,2023-04-15T14:20:00Z,TAG-U1-CondenserTemp_C,MED,Condenser temp elevated; vacuum risk. Review CW pumps/CT fans.,,TAG-U1-CondenserTemp_C
ALM-202304151505-00234,2023-04-15T15:05:00Z,TAG-U1-CondenserTemp_C,MED,Condenser temp elevated; vacuum risk. Review CW pumps/CT fans.,,TAG-U1-CondenserTemp_C
ALM-202304151625-00235,2023-04-15T16:25:00Z,TAG-U1-CondenserTemp_C,MED,Condenser temp elevated; vacuum risk. Review CW pumps/CT fans.,,TAG-U1-CondenserTemp_C
ALM-202304151920-00236,2023-04-15T19:20:00Z,TAG-U1-CondenserTemp_C,MED,Condenser temp elevated; vacuum risk. Review CW pumps/CT fans.,,TAG-U1-CondenserTemp_C
ALM-202304160125-00237,2023-04-16T01:25:00Z,TAG-U1-CondenserTemp_C,MED,Condenser temp elevated; vacuum risk. Review CW pumps/CT fans.,,TAG-U1-CondenserTemp_C
ALM-202304160250-00238,2023-04-16T02:50:00Z,TAG-U1-CondenserTemp_C,MED,Condenser temp elevated; vacuum risk. Review CW pumps/CT fans.,,TAG-U1-CondenserTemp_C
ALM-202304160310-00239,2023-04-16T03:10:00Z,TAG-U1-CondenserTemp_C,MED,Condenser temp elevated; vacuum risk. Review CW pumps/CT fans.,,TAG-U1-CondenserTemp_C
ALM-202304160505-00240,2023-04-16T05:05:00Z,TAG-U1-CondenserTemp_C,MED,Condenser temp elevated; vacuum risk. Review CW pumps/CT fans.,,TAG-U1-CondenserTemp_C
ALM-202304160545-00241,2023-04-16T05:45:00Z,TAG-U1-CondenserTemp_C,MED,Condenser temp elevated; vacuum risk. Review CW pumps/CT fans.,,TAG-U1-CondenserTemp_C
ALM-202304160635-00242,2023-04-16T06:35:00Z,TAG-U1-CondenserTemp_C,MED,Condenser temp elevated; vacuum risk. Review CW pumps/CT fans.,,TAG-U1-CondenserTemp_C
ALM-202304160720-00243,2023-04-16T07:20:00Z,TAG-U1-CondenserTemp_C,MED,Condenser temp elevated; vacuum risk. Review CW pumps/CT fans.,,TAG-U1-CondenserTemp_C
ALM-202304161040-00244,2023-04-16T10:40:00Z,TAG-U1-CondenserTemp_C,MED,Condenser temp elevated; vacuum risk. Review CW pumps/CT fans.,,TAG-U1-CondenserTemp_C
ALM-202304161405-00245,2023-04-16T14:05:00Z,TAG-U1-CondenserTemp_C,MED,Condenser temp elevated; vacuum risk. Review CW pumps/CT fans.,,TAG-U1-CondenserTemp_C
ALM-202304161930-00246,2023-04-16T19:30:00Z,TAG-U1-CondenserTemp_C,MED,Condenser temp elevated; vacuum risk. Review CW pumps/CT fans.,,TAG-U1-CondenserTemp_C
ALM-202304161940-00247,2023-04-16T19:40:00Z,TAG-U1-CondenserTemp_C,MED,Condenser temp elevated; vacuum risk. Review CW pumps/CT fans.,,TAG-U1-CondenserTemp_C
ALM-202304162245-00248,2023-04-16T22:45:00Z,TAG-U1-CondenserTemp_C,MED,Condenser temp elevated; vacuum risk. Review CW pumps/CT fans.,,TAG-U1-CondenserTemp_C
ALM-202304170055-00249,2023-04-17T00:55:00Z,TAG-U1-CondenserTemp_C,MED,Condenser temp elevated; vacuum risk. Review CW pumps/CT fans.,,TAG-U1-CondenserTemp_C
ALM-202304170200-00250,2023-04-17T02:00:00Z,TAG-U1-CondenserTemp_C,MED,Condenser temp elevated; vacuum risk. Review CW pumps/CT fans.,,TAG-U1-CondenserTemp_C
ALM-202304170440-00251,2023-04-17T04:40:00Z,TAG-U1-CondenserTemp_C,MED,Condenser temp elevated; vacuum risk. Review CW pumps/CT fans.,,TAG-U1-CondenserTemp_C
ALM-202304170545-00252,2023-04-17T05:45:00Z,TAG-U1-CondenserTemp_C,MED,Condenser temp elevated; vacuum risk. Review CW pumps/CT fans.,,TAG-U1-CondenserTemp_C
ALM-202304170730-00253,2023-04-17T07:30:00Z,TAG-U1-CondenserTemp_C,MED,Condenser temp elevated; vacuum risk. Review CW pumps/CT fans.,,TAG-U1-CondenserTemp_C
ALM-202304170735-00254,2023-04-17T07:35:00Z,TAG-U1-CondenserTemp_C,MED,Condenser temp elevated; vacuum risk. Review CW pumps/CT fans.,,TAG-U1-CondenserTemp_C
ALM-202304170810-00255,2023-04-17T08:10:00Z,TAG-U1-CondenserTemp_C,MED,Condenser temp elevated; vacuum risk. Review CW pumps/CT fans.,,TAG-U1-CondenserTemp_C
ALM-202304170820-00256,2023-04-17T08:20:00Z,TAG-U1-CondenserTemp_C,MED,Condenser temp elevated; vacuum risk. Review CW pumps/CT fans.,,TAG-U1-CondenserTemp_C
ALM-202304171230-00257,2023-04-17T12:30:00Z,TAG-U1-CondenserTemp_C,MED,Condenser temp elevated; vacuum risk. Review CW pumps/CT fans.,,TAG-U1-CondenserTemp_C
ALM-202304171330-00258,2023-04-17T13:30:00Z,TAG-U1-CondenserTemp_C,MED,Condenser temp elevated; vacuum risk. Review CW pumps/CT fans.,,TAG-U1-CondenserTemp_C
ALM-202304171400-00259,2023-04-17T14:00:00Z,TAG-U1-CondenserTemp_C,MED,Condenser temp elevated; vacuum risk. Review CW pumps/CT fans.,,TAG-U1-CondenserTemp_C
ALM-202304171415-00260,2023-04-17T14:15:00Z,TAG-U1-CondenserTemp_C,MED,Condenser temp elevated; vacuum risk. Review CW pumps/CT fans.,,TAG-U1-CondenserTemp_C
ALM-202304171555-00261,2023-04-17T15:55:00Z,TAG-U1-CondenserTemp_C,MED,Condenser temp elevated; vacuum risk. Review CW pumps/CT fans.,,TAG-U1-CondenserTemp_C
ALM-202304172055-00262,2023-04-17T20:55:00Z,TAG-U1-CondenserTemp_C,MED,Condenser temp elevated; vacuum risk. Review CW pumps/CT fans.,,TAG-U1-CondenserTemp_C
ALM-202304172115-00263,2023-04-17T21:15:00Z,TAG-U1-CondenserTemp_C,MED,Condenser temp elevated; vacuum risk. Review CW pumps/CT fans.,,TAG-U1-CondenserTemp_C
ALM-202304172200-00264,2023-04-17T22:00:00Z,TAG-U1-CondenserTemp_C,MED,Condenser temp elevated; vacuum risk. Review CW pumps/CT fans.,,TAG-U1-CondenserTemp_C
ALM-202304172255-00265,2023-04-17T22:55:00Z,TAG-U1-CondenserTemp_C,MED,Condenser temp elevated; vacuum risk. Review CW pumps/CT fans.,,TAG-U1-CondenserTemp_C
ALM-202304180140-00266,2023-04-18T01:40:00Z,TAG-U1-CondenserTemp_C,MED,Condenser temp elevated; vacuum risk. Review CW pumps/CT fans.,,TAG-U1-CondenserTemp_C
ALM-202304180225-00267,2023-04-18T02:25:00Z,TAG-U1-CondenserTemp_C,MED,Condenser temp elevated; vacuum risk. Review CW pumps/CT fans.,,TAG-U1-CondenserTemp_C
ALM-202304180445-00268,2023-04-18T04:45:00Z,TAG-U1-CondenserTemp_C,MED,Condenser temp elevated; vacuum risk. Review CW pumps/CT fans.,,TAG-U1-CondenserTemp_C
ALM-202304180510-00269,2023-04-18T05:10:00Z,TAG-U1-CondenserTemp_C,MED,Condenser temp elevated; vacuum risk. Review CW pumps/CT fans.,,TAG-U1-CondenserTemp_C
ALM-202304180900-00270,2023-04-18T09:00:00Z,TAG-U1-CondenserTemp_C,MED,Condenser temp elevated; vacuum risk. Review CW pumps/CT fans.,,TAG-U1-CondenserTemp_C
ALM-202304180925-00271,2023-04-18T09:25:00Z,TAG-U1-CondenserTemp_C,MED,Condenser temp elevated; vacuum risk. Review CW pumps/CT fans.,,TAG-U1-CondenserTemp_C
ALM-202304181505-00272,2023-04-18T15:05:00Z,TAG-U1-CondenserTemp_C,MED,Condenser temp elevated; vacuum risk. Review CW pumps/CT fans.,,TAG-U1-CondenserTemp_C
ALM-202304190035-00273,2023-04-19T00:35:00Z,TAG-U1-CondenserTemp_C,MED,Condenser temp elevated; vacuum risk. Review CW pumps/CT fans.,,TAG-U1-CondenserTemp_C
ALM-202304190140-00274,2023-04-19T01:40:00Z,TAG-U1-CondenserTemp_C,MED,Condenser temp elevated; vacuum risk. Review CW pumps/CT fans.,,TAG-U1-CondenserTemp_C
ALM-202304190225-00275,2023-04-19T02:25:00Z,TAG-U1-CondenserTemp_C,MED,Condenser temp elevated; vacuum risk. Review CW pumps/CT fans.,,TAG-U1-CondenserTemp_C
ALM-202304190800-00276,2023-04-19T08:00:00Z,TAG-U1-CondenserTemp_C,MED,Condenser temp elevated; vacuum risk. Review CW pumps/CT fans.,,TAG-U1-CondenserTemp_C
ALM-202304190900-00277,2023-04-19T09:00:00Z,TAG-U1-CondenserTemp_C,MED,Condenser temp elevated; vacuum risk. Review CW pumps/CT fans.,,TAG-U1-CondenserTemp_C
ALM-202304191540-00278,2023-04-19T15:40:00Z,TAG-U1-CondenserTemp_C,MED,Condenser temp elevated; vacuum risk. Review CW pumps/CT fans.,,TAG-U1-CondenserTemp_C
ALM-202304191555-00279,2023-04-19T15:55:00Z,TAG-U1-CondenserTemp_C,MED,Condenser temp elevated; vacuum risk. Review CW pumps/CT fans.,,TAG-U1-CondenserTemp_C
ALM-202304191630-00280,2023-04-19T16:30:00Z,TAG-U1-CondenserTemp_C,MED,Condenser temp elevated; vacuum risk. Review CW pumps/CT fans.,,TAG-U1-CondenserTemp_C
ALM-202304191750-00281,2023-04-19T17:50:00Z,TAG-U1-CondenserTemp_C,MED,Condenser temp elevated; vacuum risk. Review CW pumps/CT fans.,,TAG-U1-CondenserTemp_C
ALM-202304191815-00282,2023-04-19T18:15:00Z,TAG-U1-CondenserTemp_C,MED,Condenser temp elevated; vacuum risk. Review CW pumps/CT fans.,,TAG-U1-CondenserTemp_C
ALM-202304192315-00283,2023-04-19T23:15:00Z,TAG-U1-CondenserTemp_C,MED,Condenser temp elevated; vacuum risk. Review CW pumps/CT fans.,,TAG-U1-CondenserTemp_C
ALM-202304200035-00284,2023-04-20T00:35:00Z,TAG-U1-CondenserTemp_C,MED,Condenser temp elevated; vacuum risk. Review CW pumps/CT fans.,,TAG-U1-CondenserTemp_C
ALM-202304200310-00285,2023-04-20T03:10:00Z,TAG-U1-CondenserTemp_C,MED,Condenser temp elevated; vacuum risk. Review CW pumps/CT fans.,,TAG-U1-CondenserTemp_C
ALM-202304200425-00286,2023-04-20T04:25:00Z,TAG-U1-CondenserTemp_C,MED,Condenser temp elevated; vacuum risk. Review CW pumps/CT fans.,,TAG-U1-CondenserTemp_C
ALM-202304200605-00287,2023-04-20T06:05:00Z,TAG-U1-CondenserTemp_C,MED,Condenser temp elevated; vacuum risk. Review CW pumps/CT fans.,,TAG-U1-CondenserTemp_C
ALM-202304200950-00288,2023-04-20T09:50:00Z,TAG-U1-CondenserTemp_C,MED,Condenser temp elevated; vacuum risk. Review CW pumps/CT fans.,,TAG-U1-CondenserTemp_C
ALM-202304201215-00289,2023-04-20T12:15:00Z,TAG-U1-CondenserTemp_C,MED,Condenser temp elevated; vacuum risk. Review CW pumps/CT fans.,,TAG-U1-CondenserTemp_C
ALM-202304201735-00290,2023-04-20T17:35:00Z,TAG-U1-CondenserTemp_C,MED,Condenser temp elevated; vacuum risk. Review CW pumps/CT fans.,,TAG-U1-CondenserTemp_C
ALM-202304202240-00291,2023-04-20T22:40:00Z,TAG-U1-CondenserTemp_C,MED,Condenser temp elevated; vacuum risk. Review CW pumps/CT fans.,,TAG-U1-CondenserTemp_C
ALM-202304202250-00292,2023-04-20T22:50:00Z,TAG-U1-CondenserTemp_C,MED,Condenser temp elevated; vacuum risk. Review CW pumps/CT fans.,,TAG-U1-CondenserTemp_C
ALM-202304202310-00293,2023-04-20T23:10:00Z,TAG-U1-CondenserTemp_C,MED,Condenser temp elevated; vacuum risk. Review CW pumps/CT fans.,,TAG-U1-CondenserTemp_C
ALM-202304210005-00294,2023-04-21T00:05:00Z,TAG-U1-CondenserTemp_C,MED,Condenser temp elevated; vacuum risk. Review CW pumps/CT fans.,,TAG-U1-CondenserTemp_C
ALM-202304210150-00295,2023-04-21T01:50:00Z,TAG-U1-CondenserTemp_C,MED,Condenser temp elevated; vacuum risk. Review CW pumps/CT fans.,,TAG-U1-CondenserTemp_C
ALM-202304210615-00296,2023-04-21T06:15:00Z,TAG-U1-CondenserTemp_C,MED,Condenser temp elevated; vacuum risk. Review CW pumps/CT fans.,,TAG-U1-CondenserTemp_C
ALM-202304210820-00297,2023-04-21T08:20:00Z,TAG-U1-CondenserTemp_C,MED,Condenser temp elevated; vacuum risk. Review CW pumps/CT fans.,,TAG-U1-CondenserTemp_C
ALM-202304210825-00298,2023-04-21T08:25:00Z,TAG-U1-CondenserTemp_C,MED,Condenser temp elevated; vacuum risk. Review CW pumps/CT fans.,,TAG-U1-CondenserTemp_C
ALM-202304210905-00299,2023-04-21T09:05:00Z,TAG-U1-CondenserTemp_C,MED,Condenser temp elevated; vacuum risk. Review CW pumps/CT fans.,,TAG-U1-CondenserTemp_C
ALM-202304210915-00300,2023-04-21T09:15:00Z,TAG-U1-CondenserTemp_C,MED,Condenser temp elevated; vacuum risk. Review CW pumps/CT fans.,,TAG-U1-CondenserTemp_C
ALM-202304210935-00301,2023-04-21T09:35:00Z,TAG-U1-CondenserTemp_C,MED,Condenser temp elevated; vacuum risk. Review CW pumps/CT fans.,,TAG-U1-CondenserTemp_C
ALM-202304211015-00302,2023-04-21T10:15:00Z,TAG-U1-CondenserTemp_C,MED,Condenser temp elevated; vacuum risk. Review CW pumps/CT fans.,,TAG-U1-CondenserTemp_C
ALM-202304211145-00303,2023-04-21T11:45:00Z,TAG-U1-CondenserTemp_C,MED,Condenser temp elevated; vacuum risk. Review CW pumps/CT fans.,,TAG-U1-CondenserTemp_C
ALM-202304211315-00304,2023-04-21T13:15:00Z,TAG-U1-CondenserTemp_C,MED,Condenser temp elevated; vacuum risk. Review CW pumps/CT fans.,,TAG-U1-CondenserTemp_C
ALM-202304211325-00305,2023-04-21T13:25:00Z,TAG-U1-CondenserTemp_C,MED,Condenser temp elevated; vacuum risk. Review CW pumps/CT fans.,,TAG-U1-CondenserTemp_C
ALM-202304211755-00306,2023-04-21T17:55:00Z,TAG-U1-CondenserTemp_C,MED,Condenser temp elevated; vacuum risk. Review CW pumps/CT fans.,,TAG-U1-CondenserTemp_C
ALM-202304211945-00307,2023-04-21T19:45:00Z,TAG-U1-CondenserTemp_C,MED,Condenser temp elevated; vacuum risk. Review CW pumps/CT fans.,,TAG-U1-CondenserTemp_C
ALM-202304212310-00308,2023-04-21T23:10:00Z,TAG-U1-CondenserTemp_C,MED,Condenser temp elevated; vacuum risk. Review CW pumps/CT fans.,,TAG-U1-CondenserTemp_C
ALM-202304220150-00309,2023-04-22T01:50:00Z,TAG-U1-CondenserTemp_C,MED,Condenser temp elevated; vacuum risk. Review CW pumps/CT fans.,,TAG-U1-CondenserTemp_C
ALM-202304220330-00310,2023-04-22T03:30:00Z,TAG-U1-CondenserTemp_C,MED,Condenser temp elevated; vacuum risk. Review CW pumps/CT fans.,,TAG-U1-CondenserTemp_C
ALM-202304220435-00311,2023-04-22T04:35:00Z,TAG-U1-CondenserTemp_C,MED,Condenser temp elevated; vacuum risk. Review CW pumps/CT fans.,,TAG-U1-CondenserTemp_C
ALM-202304220500-00312,2023-04-22T05:00:00Z,TAG-U1-CondenserTemp_C,MED,Condenser temp elevated; vacuum risk. Review CW pumps/CT fans.,,TAG-U1-CondenserTemp_C
ALM-202304220510-00313,2023-04-22T05:10:00Z,TAG-U1-CondenserTemp_C,MED,Condenser temp elevated; vacuum risk. Review CW pumps/CT fans.,,TAG-U1-CondenserTemp_C
ALM-202304220740-00314,2023-04-22T07:40:00Z,TAG-U1-CondenserTemp_C,MED,Condenser temp elevated; vacuum risk. Review CW pumps/CT fans.,,TAG-U1-CondenserTemp_C
ALM-202304221120-00315,2023-04-22T11:20:00Z,TAG-U1-CondenserTemp_C,MED,Condenser temp elevated; vacuum risk. Review CW pumps/CT fans.,,TAG-U1-CondenserTemp_C
ALM-202304221145-00316,2023-04-22T11:45:00Z,TAG-U1-CondenserTemp_C,MED,Condenser temp elevated; vacuum risk. Review CW pumps/CT fans.,,TAG-U1-CondenserTemp_C
ALM-202304221210-00317,2023-04-22T12:10:00Z,TAG-U1-CondenserTemp_C,MED,Condenser temp elevated; vacuum risk. Review CW pumps/CT fans.,,TAG-U1-CondenserTemp_C
ALM-202304221240-00318,2023-04-22T12:40:00Z,TAG-U1-CondenserTemp_C,MED,Condenser temp elevated; vacuum risk. Review CW pumps/CT fans.,,TAG-U1-CondenserTemp_C
ALM-202304221300-00319,2023-04-22T13:00:00Z,TAG-U1-CondenserTemp_C,MED,Condenser temp elevated; vacuum risk. Review CW pumps/CT fans.,,TAG-U1-CondenserTemp_C
ALM-202304221325-00320,2023-04-22T13:25:00Z,TAG-U1-CondenserTemp_C,MED,Condenser temp elevated; vacuum risk. Review CW pumps/CT fans.,,TAG-U1-CondenserTemp_C
ALM-202304221350-00321,2023-04-22T13:50:00Z,TAG-U1-CondenserTemp_C,MED,Condenser temp elevated; vacuum risk. Review CW pumps/CT fans.,,TAG-U1-CondenserTemp_C
ALM-202304221405-00322,2023-04-22T14:05:00Z,TAG-U1-CondenserTemp_C,MED,Condenser temp elevated; vacuum risk. Review CW pumps/CT fans.,,TAG-U1-CondenserTemp_C
ALM-202304221545-00323,2023-04-22T15:45:00Z,TAG-U1-CondenserTemp_C,MED,Condenser temp elevated; vacuum risk. Review CW pumps/CT fans.,,TAG-U1-CondenserTemp_C
ALM-202304221550-00324,2023-04-22T15:50:00Z,TAG-U1-CondenserTemp_C,MED,Condenser temp elevated; vacuum risk. Review CW pumps/CT fans.,,TAG-U1-CondenserTemp_C
ALM-202304221600-00325,2023-04-22T16:00:00Z,TAG-U1-CondenserTemp_C,MED,Condenser temp elevated; vacuum risk. Review CW pumps/CT fans.,,TAG-U1-CondenserTemp_C
ALM-202304221640-00326,2023-04-22T16:40:00Z,TAG-U1-CondenserTemp_C,MED,Condenser temp elevated; vacuum risk. Review CW pumps/CT fans.,,TAG-U1-CondenserTemp_C
ALM-202304222020-00327,2023-04-22T20:20:00Z,TAG-U1-CondenserTemp_C,MED,Condenser temp elevated; vacuum risk. Review CW pumps/CT fans.,,TAG-U1-CondenserTemp_C
ALM-202304222105-00328,2023-04-22T21:05:00Z,TAG-U1-CondenserTemp_C,MED,Condenser temp elevated; vacuum risk. Review CW pumps/CT fans.,,TAG-U1-CondenserTemp_C
ALM-202304222125-00329,2023-04-22T21:25:00Z,TAG-U1-CondenserTemp_C,MED,Condenser temp elevated; vacuum risk. Review CW pumps/CT fans.,,TAG-U1-CondenserTemp_C
ALM-202304230110-00330,2023-04-23T01:10:00Z,TAG-U1-CondenserTemp_C,MED,Condenser temp elevated; vacuum risk. Review CW pumps/CT fans.,,TAG-U1-CondenserTemp_C
ALM-202304230705-00331,2023-04-23T07:05:00Z,TAG-U1-CondenserTemp_C,MED,Condenser temp elevated; vacuum risk. Review CW pumps/CT fans.,,TAG-U1-CondenserTemp_C
ALM-202304230715-00332,2023-04-23T07:15:00Z,TAG-U1-CondenserTemp_C,MED,Condenser temp elevated; vacuum risk. Review CW pumps/CT fans.,,TAG-U1-CondenserTemp_C
ALM-202304230755-00333,2023-04-23T07:55:00Z,TAG-U1-CondenserTemp_C,MED,Condenser temp elevated; vacuum risk. Review CW pumps/CT fans.,,TAG-U1-CondenserTemp_C
ALM-202304231125-00334,2023-04-23T11:25:00Z,TAG-U1-CondenserTemp_C,MED,Condenser temp elevated; vacuum risk. Review CW pumps/CT fans.,,TAG-U1-CondenserTemp_C
ALM-202304231330-00335,2023-04-23T13:30:00Z,TAG-U1-CondenserTemp_C,MED,Condenser temp elevated; vacuum risk. Review CW pumps/CT fans.,,TAG-U1-CondenserTemp_C
ALM-202304231455-00336,2023-04-23T14:55:00Z,TAG-U1-CondenserTemp_C,MED,Condenser temp elevated; vacuum risk. Review CW pumps/CT fans.,,TAG-U1-CondenserTemp_C
ALM-202304231535-00337,2023-04-23T15:35:00Z,TAG-U1-CondenserTemp_C,MED,Condenser temp elevated; vacuum risk. Review CW pumps/CT fans.,,TAG-U1-CondenserTemp_C
ALM-202304231540-00338,2023-04-23T15:40:00Z,TAG-U1-CondenserTemp_C,MED,Condenser temp elevated; vacuum risk. Review CW pumps/CT fans.,,TAG-U1-CondenserTemp_C
ALM-202304231640-00339,2023-04-23T16:40:00Z,TAG-U1-CondenserTemp_C,MED,Condenser temp elevated; vacuum risk. Review CW pumps/CT fans.,,TAG-U1-CondenserTemp_C
ALM-202304231730-00340,2023-04-23T17:30:00Z,TAG-U1-CondenserTemp_C,MED,Condenser temp elevated; vacuum risk. Review CW pumps/CT fans.,,TAG-U1-CondenserTemp_C
ALM-202304231825-00341,2023-04-23T18:25:00Z,TAG-U1-CondenserTemp_C,MED,Condenser temp elevated; vacuum risk. Review CW pumps/CT fans.,,TAG-U1-CondenserTemp_C
ALM-202304231855-00342,2023-04-23T18:55:00Z,TAG-U1-CondenserTemp_C,MED,Condenser temp elevated; vacuum risk. Review CW pumps/CT fans.,,TAG-U1-CondenserTemp_C
ALM-202304232155-00343,2023-04-23T21:55:00Z,TAG-U1-CondenserTemp_C,MED,Condenser temp elevated; vacuum risk. Review CW pumps/CT fans.,,TAG-U1-CondenserTemp_C
ALM-202304232230-00344,2023-04-23T22:30:00Z,TAG-U1-CondenserTemp_C,MED,Condenser temp elevated; vacuum risk. Review CW pumps/CT fans.,,TAG-U1-CondenserTemp_C
ALM-202304240125-00345,2023-04-24T01:25:00Z,TAG-U1-CondenserTemp_C,MED,Condenser temp elevated; vacuum risk. Review CW pumps/CT fans.,,TAG-U1-CondenserTemp_C
ALM-202304240410-00346,2023-04-24T04:10:00Z,TAG-U1-CondenserTemp_C,MED,Condenser temp elevated; vacuum risk. Review CW pumps/CT fans.,,TAG-U1-CondenserTemp_C
ALM-202304240440-00347,2023-04-24T04:40:00Z,TAG-U1-CondenserTemp_C,MED,Condenser temp elevated; vacuum risk. Review CW pumps/CT fans.,,TAG-U1-CondenserTemp_C
ALM-202304240525-00348,2023-04-24T05:25:00Z,TAG-U1-CondenserTemp_C,MED,Condenser temp elevated; vacuum risk. Review CW pumps/CT fans.,,TAG-U1-CondenserTemp_C
ALM-202304240735-00349,2023-04-24T07:35:00Z,TAG-U1-CondenserTemp_C,MED,Condenser temp elevated; vacuum risk. Review CW pumps/CT fans.,,TAG-U1-CondenserTemp_C
ALM-202304241125-00350,2023-04-24T11:25:00Z,TAG-U1-CondenserTemp_C,MED,Condenser temp elevated; vacuum risk. Review CW pumps/CT fans.,,TAG-U1-CondenserTemp_C
ALM-202304241655-00351,2023-04-24T16:55:00Z,TAG-U1-CondenserTemp_C,MED,Condenser temp elevated; vacuum risk. Review CW pumps/CT fans.,,TAG-U1-CondenserTemp_C
ALM-202304241745-00352,2023-04-24T17:45:00Z,TAG-U1-CondenserTemp_C,MED,Condenser temp elevated; vacuum risk. Review CW pumps/CT fans.,,TAG-U1-CondenserTemp_C
ALM-202304241900-00353,2023-04-24T19:00:00Z,TAG-U1-CondenserTemp_C,MED,Condenser temp elevated; vacuum risk. Review CW pumps/CT fans.,,TAG-U1-CondenserTemp_C
ALM-202304242025-00354,2023-04-24T20:25:00Z,TAG-U1-CondenserTemp_C,MED,Condenser temp elevated; vacuum risk. Review CW pumps/CT fans.,,TAG-U1-CondenserTemp_C
ALM-202304242045-00355,2023-04-24T20:45:00Z,TAG-U1-CondenserTemp_C,MED,Condenser temp elevated; vacuum risk. Review CW pumps/CT fans.,,TAG-U1-CondenserTemp_C
ALM-202304242145-00356,2023-04-24T21:45:00Z,TAG-U1-CondenserTemp_C,MED,Condenser temp elevated; vacuum risk. Review CW pumps/CT fans.,,TAG-U1-CondenserTemp_C
ALM-202304242300-00357,2023-04-24T23:00:00Z,TAG-U1-CondenserTemp_C,MED,Condenser temp elevated; vacuum risk. Review CW pumps/CT fans.,,TAG-U1-CondenserTemp_C
ALM-202304242340-00358,2023-04-24T23:40:00Z,TAG-U1-CondenserTemp_C,MED,Condenser temp elevated; vacuum risk. Review CW pumps/CT fans.,,TAG-U1-CondenserTemp_C
ALM-202304250015-00359,2023-04-25T00:15:00Z,TAG-U1-CondenserTemp_C,MED,Condenser temp elevated; vacuum risk. Review CW pumps/CT fans.,,TAG-U1-CondenserTemp_C
ALM-202304250050-00360,2023-04-25T00:50:00Z,TAG-U1-CondenserTemp_C,MED,Condenser temp elevated; vacuum risk. Review CW pumps/CT fans.,,TAG-U1-CondenserTemp_C
ALM-202304250720-00361,2023-04-25T07:20:00Z,TAG-U1-CondenserTemp_C,MED,Condenser temp elevated; vacuum risk. Review CW pumps/CT fans.,,TAG-U1-CondenserTemp_C
ALM-202304250820-00362,2023-04-25T08:20:00Z,TAG-U1-CondenserTemp_C,MED,Condenser temp elevated; vacuum risk. Review CW pumps/CT fans.,,TAG-U1-CondenserTemp_C
ALM-202304251015-00363,2023-04-25T10:15:00Z,TAG-U1-CondenserTemp_C,MED,Condenser temp elevated; vacuum risk. Review CW pumps/CT fans.,,TAG-U1-CondenserTemp_C
ALM-202304251135-00364,2023-04-25T11:35:00Z,TAG-U1-CondenserTemp_C,MED,Condenser temp elevated; vacuum risk. Review CW pumps/CT fans.,,TAG-U1-CondenserTemp_C
ALM-202304251305-00365,2023-04-25T13:05:00Z,TAG-U1-CondenserTemp_C,MED,Condenser temp elevated; vacuum risk. Review CW pumps/CT fans.,,TAG-U1-CondenserTemp_C
ALM-202304251340-00366,2023-04-25T13:40:00Z,TAG-U1-CondenserTemp_C,MED,Condenser temp elevated; vacuum risk. Review CW pumps/CT fans.,,TAG-U1-CondenserTemp_C
ALM-202304251625-00367,2023-04-25T16:25:00Z,TAG-U1-CondenserTemp_C,MED,Condenser temp elevated; vacuum risk. Review CW pumps/CT fans.,,TAG-U1-CondenserTemp_C
ALM-202304251645-00368,2023-04-25T16:45:00Z,TAG-U1-CondenserTemp_C,MED,Condenser temp elevated; vacuum risk. Review CW pumps/CT fans.,,TAG-U1-CondenserTemp_C
ALM-202304251810-00369,2023-04-25T18:10:00Z,TAG-U1-CondenserTemp_C,MED,Condenser temp elevated; vacuum risk. Review CW pumps/CT fans.,,TAG-U1-CondenserTemp_C
ALM-202304252125-00370,2023-04-25T21:25:00Z,TAG-U1-CondenserTemp_C,MED,Condenser temp elevated; vacuum risk. Review CW pumps/CT fans.,,TAG-U1-CondenserTemp_C
ALM-202304252145-00371,2023-04-25T21:45:00Z,TAG-U1-CondenserTemp_C,MED,Condenser temp elevated; vacuum risk. Review CW pumps/CT fans.,,TAG-U1-CondenserTemp_C
ALM-202304252200-00372,2023-04-25T22:00:00Z,TAG-U1-CondenserTemp_C,MED,Condenser temp elevated; vacuum risk. Review CW pumps/CT fans.,,TAG-U1-CondenserTemp_C
ALM-202304252305-00373,2023-04-25T23:05:00Z,TAG-U1-CondenserTemp_C,MED,Condenser temp elevated; vacuum risk. Review CW pumps/CT fans.,,TAG-U1-CondenserTemp_C
ALM-202304252355-00374,2023-04-25T23:55:00Z,TAG-U1-CondenserTemp_C,MED,Condenser temp elevated; vacuum risk. Review CW pumps/CT fans.,,TAG-U1-CondenserTemp_C
ALM-202304260045-00375,2023-04-26T00:45:00Z,TAG-U1-CondenserTemp_C,MED,Condenser temp elevated; vacuum risk. Review CW pumps/CT fans.,,TAG-U1-CondenserTemp_C
ALM-202304260245-00376,2023-04-26T02:45:00Z,TAG-U1-CondenserTemp_C,MED,Condenser temp elevated; vacuum risk. Review CW pumps/CT fans.,,TAG-U1-CondenserTemp_C
ALM-202304260330-00377,2023-04-26T03:30:00Z,TAG-U1-CondenserTemp_C,MED,Condenser temp elevated; vacuum risk. Review CW pumps/CT fans.,,TAG-U1-CondenserTemp_C
ALM-202304260630-00378,2023-04-26T06:30:00Z,TAG-U1-CondenserTemp_C,MED,Condenser temp elevated; vacuum risk. Review CW pumps/CT fans.,,TAG-U1-CondenserTemp_C
ALM-202304260650-00379,2023-04-26T06:50:00Z,TAG-U1-CondenserTemp_C,MED,Condenser temp elevated; vacuum risk. Review CW pumps/CT fans.,,TAG-U1-CondenserTemp_C
ALM-202304260835-00380,2023-04-26T08:35:00Z,TAG-U1-CondenserTemp_C,MED,Condenser temp elevated; vacuum risk. Review CW pumps/CT fans.,,TAG-U1-CondenserTemp_C
ALM-202304261330-00381,2023-04-26T13:30:00Z,TAG-U1-CondenserTemp_C,MED,Condenser temp elevated; vacuum risk. Review CW pumps/CT fans.,,TAG-U1-CondenserTemp_C
ALM-202304261735-00382,2023-04-26T17:35:00Z,TAG-U1-CondenserTemp_C,MED,Condenser temp elevated; vacuum risk. Review CW pumps/CT fans.,,TAG-U1-CondenserTemp_C
ALM-202304261815-00383,2023-04-26T18:15:00Z,TAG-U1-CondenserTemp_C,MED,Condenser temp elevated; vacuum risk. Review CW pumps/CT fans.,,TAG-U1-CondenserTemp_C
ALM-202304261835-00384,2023-04-26T18:35:00Z,TAG-U1-CondenserTemp_C,MED,Condenser temp elevated; vacuum risk. Review CW pumps/CT fans.,,TAG-U1-CondenserTemp_C
ALM-202304270405-00385,2023-04-27T04:05:00Z,TAG-U1-CondenserTemp_C,MED,Condenser temp elevated; vacuum risk. Review CW pumps/CT fans.,,TAG-U1-CondenserTemp_C
ALM-202304270655-00386,2023-04-27T06:55:00Z,TAG-U1-CondenserTemp_C,MED,Condenser temp elevated; vacuum risk. Review CW pumps/CT fans.,,TAG-U1-CondenserTemp_C
ALM-202304270750-00387,2023-04-27T07:50:00Z,TAG-U1-CondenserTemp_C,MED,Condenser temp elevated; vacuum risk. Review CW pumps/CT fans.,,TAG-U1-CondenserTemp_C
ALM-202304271020-00388,2023-04-27T10:20:00Z,TAG-U1-CondenserTemp_C,MED,Condenser temp elevated; vacuum risk. Review CW pumps/CT fans.,,TAG-U1-CondenserTemp_C
ALM-202304271155-00389,2023-04-27T11:55:00Z,TAG-U1-CondenserTemp_C,MED,Condenser temp elevated; vacuum risk. Review CW pumps/CT fans.,,TAG-U1-CondenserTemp_C
ALM-202304271240-00390,2023-04-27T12:40:00Z,TAG-U1-CondenserTemp_C,MED,Condenser temp elevated; vacuum risk. Review CW pumps/CT fans.,,TAG-U1-CondenserTemp_C
ALM-202304271310-00391,2023-04-27T13:10:00Z,TAG-U1-CondenserTemp_C,MED,Condenser temp elevated; vacuum risk. Review CW pumps/CT fans.,,TAG-U1-CondenserTemp_C
ALM-202304271510-00392,2023-04-27T15:10:00Z,TAG-U1-CondenserTemp_C,MED,Condenser temp elevated; vacuum risk. Review CW pumps/CT fans.,,TAG-U1-CondenserTemp_C
ALM-202304271720-00393,2023-04-27T17:20:00Z,TAG-U1-CondenserTemp_C,MED,Condenser temp elevated; vacuum risk. Review CW pumps/CT fans.,,TAG-U1-CondenserTemp_C
ALM-202304271930-00394,2023-04-27T19:30:00Z,TAG-U1-CondenserTemp_C,MED,Condenser temp elevated; vacuum risk. Review CW pumps/CT fans.,,TAG-U1-CondenserTemp_C
ALM-202304272220-00395,2023-04-27T22:20:00Z,TAG-U1-CondenserTemp_C,MED,Condenser temp elevated; vacuum risk. Review CW pumps/CT fans.,,TAG-U1-CondenserTemp_C
ALM-202304272225-00396,2023-04-27T22:25:00Z,TAG-U1-CondenserTemp_C,MED,Condenser temp elevated; vacuum risk. Review CW pumps/CT fans.,,TAG-U1-CondenserTemp_C
ALM-202304280020-00397,2023-04-28T00:20:00Z,TAG-U1-CondenserTemp_C,MED,Condenser temp elevated; vacuum risk. Review CW pumps/CT fans.,,TAG-U1-CondenserTemp_C
ALM-202304280410-00398,2023-04-28T04:10:00Z,TAG-U1-CondenserTemp_C,MED,Condenser temp elevated; vacuum risk. Review CW pumps/CT fans.,,TAG-U1-CondenserTemp_C
ALM-202304280600-00399,2023-04-28T06:00:00Z,TAG-U1-CondenserTemp_C,MED,Condenser temp elevated; vacuum risk. Review CW pumps/CT fans.,,TAG-U1-CondenserTemp_C
ALM-202304280810-00400,2023-04-28T08:10:00Z,TAG-U1-CondenserTemp_C,MED,Condenser temp elevated; vacuum risk. Review CW pumps/CT fans.,,TAG-U1-CondenserTemp_C
ALM-202304280830-00401,2023-04-28T08:30:00Z,TAG-U1-CondenserTemp_C,MED,Condenser temp elevated; vacuum risk. Review CW pumps/CT fans.,,TAG-U1-CondenserTemp_C
ALM-202304280900-00402,2023-04-28T09:00:00Z,TAG-U1-CondenserTemp_C,MED,Condenser temp elevated; vacuum risk. Review CW pumps/CT fans.,,TAG-U1-CondenserTemp_C
ALM-202304280920-00403,2023-04-28T09:20:00Z,TAG-U1-CondenserTemp_C,MED,Condenser temp elevated; vacuum risk. Review CW pumps/CT fans.,,TAG-U1-CondenserTemp_C
ALM-202304281655-00404,2023-04-28T16:55:00Z,TAG-U1-CondenserTemp_C,MED,Condenser temp elevated; vacuum risk. Review CW pumps/CT fans.,,TAG-U1-CondenserTemp_C
ALM-202304281805-00405,2023-04-28T18:05:00Z,TAG-U1-CondenserTemp_C,MED,Condenser temp elevated; vacuum risk. Review CW pumps/CT fans.,,TAG-U1-CondenserTemp_C
ALM-202304282145-00406,2023-04-28T21:45:00Z,TAG-U1-CondenserTemp_C,MED,Condenser temp elevated; vacuum risk. Review CW pumps/CT fans.,,TAG-U1-CondenserTemp_C
ALM-202304282200-00407,2023-04-28T22:00:00Z,TAG-U1-CondenserTemp_C,MED,Condenser temp elevated; vacuum risk. Review CW pumps/CT fans.,,TAG-U1-CondenserTemp_C
ALM-202304282310-00408,2023-04-28T23:10:00Z,TAG-U1-CondenserTemp_C,MED,Condenser temp elevated; vacuum risk. Review CW pumps/CT fans.,,TAG-U1-CondenserTemp_C
ALM-202304290025-00409,2023-04-29T00:25:00Z,TAG-U1-CondenserTemp_C,MED,Condenser temp elevated; vacuum risk. Review CW pumps/CT fans.,,TAG-U1-CondenserTemp_C
ALM-202304290205-00410,2023-04-29T02:05:00Z,TAG-U1-CondenserTemp_C,MED,Condenser temp elevated; vacuum risk. Review CW pumps/CT fans.,,TAG-U1-CondenserTemp_C
ALM-202304290315-00411,2023-04-29T03:15:00Z,TAG-U1-CondenserTemp_C,MED,Condenser temp elevated; vacuum risk. Review CW pumps/CT fans.,,TAG-U1-CondenserTemp_C
ALM-202304290340-00412,2023-04-29T03:40:00Z,TAG-U1-CondenserTemp_C,MED,Condenser temp elevated; vacuum risk. Review CW pumps/CT fans.,,TAG-U1-CondenserTemp_C
ALM-202304290650-00413,2023-04-29T06:50:00Z,TAG-U1-CondenserTemp_C,MED,Condenser temp elevated; vacuum risk. Review CW pumps/CT fans.,,TAG-U1-CondenserTemp_C
ALM-202304290735-00414,2023-04-29T07:35:00Z,TAG-U1-CondenserTemp_C,MED,Condenser temp elevated; vacuum risk. Review CW pumps/CT fans.,,TAG-U1-CondenserTemp_C
ALM-202304290855-00415,2023-04-29T08:55:00Z,TAG-U1-CondenserTemp_C,MED,Condenser temp elevated; vacuum risk. Review CW pumps/CT fans.,,TAG-U1-CondenserTemp_C
ALM-202304291130-00416,2023-04-29T11:30:00Z,TAG-U1-CondenserTemp_C,MED,Condenser temp elevated; vacuum risk. Review CW pumps/CT fans.,,TAG-U1-CondenserTemp_C
ALM-202304291255-00417,2023-04-29T12:55:00Z,TAG-U1-CondenserTemp_C,MED,Condenser temp elevated; vacuum risk. Review CW pumps/CT fans.,,TAG-U1-CondenserTemp_C
ALM-202304291515-00418,2023-04-29T15:15:00Z,TAG-U1-CondenserTemp_C,MED,Condenser temp elevated; vacuum risk. Review CW pumps/CT fans.,,TAG-U1-CondenserTemp_C
ALM-202304292030-00419,2023-04-29T20:30:00Z,TAG-U1-CondenserTemp_C,MED,Condenser temp elevated; vacuum risk. Review CW pumps/CT fans.,,TAG-U1-CondenserTemp_C
ALM-202304292045-00420,2023-04-29T20:45:00Z,TAG-U1-CondenserTemp_C,MED,Condenser temp elevated; vacuum risk. Review CW pumps/CT fans.,,TAG-U1-CondenserTemp_C
ALM-202304292210-00421,2023-04-29T22:10:00Z,TAG-U1-CondenserTemp_C,MED,Condenser temp elevated; vacuum risk. Review CW pumps/CT fans.,,TAG-U1-CondenserTemp_C
ALM-202304292225-00422,2023-04-29T22:25:00Z,TAG-U1-CondenserTemp_C,MED,Condenser temp elevated; vacuum risk. Review CW pumps/CT fans.,,TAG-U1-CondenserTemp_C
ALM-202304292245-00423,2023-04-29T22:45:00Z,TAG-U1-CondenserTemp_C,MED,Condenser temp elevated; vacuum risk. Review CW pumps/CT fans.,,TAG-U1-CondenserTemp_C
ALM-202304292335-00424,2023-04-29T23:35:00Z,TAG-U1-CondenserTemp_C,MED,Condenser temp elevated; vacuum risk. Review CW pumps/CT fans.,,TAG-U1-CondenserTemp_C
ALM-202304300555-00425,2023-04-30T05:55:00Z,TAG-U1-CondenserTemp_C,MED,Condenser temp elevated; vacuum risk. Review CW pumps/CT fans.,,TAG-U1-CondenserTemp_C
ALM-202304300800-00426,2023-04-30T08:00:00Z,TAG-U1-CondenserTemp_C,MED,Condenser temp elevated; vacuum risk. Review CW pumps/CT fans.,,TAG-U1-CondenserTemp_C
ALM-202304300955-00427,2023-04-30T09:55:00Z,TAG-U1-CondenserTemp_C,MED,Condenser temp elevated; vacuum risk. Review CW pumps/CT fans.,,TAG-U1-CondenserTemp_C
ALM-202304301110-00428,2023-04-30T11:10:00Z,TAG-U1-CondenserTemp_C,MED,Condenser temp elevated; vacuum risk. Review CW pumps/CT fans.,,TAG-U1-CondenserTemp_C
ALM-202304301310-00429,2023-04-30T13:10:00Z,TAG-U1-CondenserTemp_C,MED,Condenser temp elevated; vacuum risk. Review CW pumps/CT fans.,,TAG-U1-CondenserTemp_C
ALM-202304301645-00430,2023-04-30T16:45:00Z,TAG-U1-CondenserTemp_C,MED,Condenser temp elevated; vacuum risk. Review CW pumps/CT fans.,,TAG-U1-CondenserTemp_C
ALM-202304301825-00431,2023-04-30T18:25:00Z,TAG-U1-CondenserTemp_C,MED,Condenser temp elevated; vacuum risk. Review CW pumps/CT fans.,,TAG-U1-CondenserTemp_C
ALM-202304301840-00432,2023-04-30T18:40:00Z,TAG-U1-CondenserTemp_C,MED,Condenser temp elevated; vacuum risk. Review CW pumps/CT fans.,,TAG-U1-CondenserTemp_C
ALM-202304301905-00433,2023-04-30T19:05:00Z,TAG-U1-CondenserTemp_C,MED,Condenser temp elevated; vacuum risk. Review CW pumps/CT fans.,,TAG-U1-CondenserTemp_C
ALM-202305010055-00434,2023-05-01T00:55:00Z,TAG-U1-CondenserTemp_C,MED,Condenser temp elevated; vacuum risk. Review CW pumps/CT fans.,,TAG-U1-CondenserTemp_C
ALM-202305010115-00435,2023-05-01T01:15:00Z,TAG-U1-CondenserTemp_C,MED,Condenser temp elevated; vacuum risk. Review CW pumps/CT fans.,,TAG-U1-CondenserTemp_C
ALM-202305010415-00436,2023-05-01T04:15:00Z,TAG-U1-CondenserTemp_C,MED,Condenser temp elevated; vacuum risk. Review CW pumps/CT fans.,,TAG-U1-CondenserTemp_C
ALM-202305010530-00437,2023-05-01T05:30:00Z,TAG-U1-CondenserTemp_C,MED,Condenser temp elevated; vacuum risk. Review CW pumps/CT fans.,,TAG-U1-CondenserTemp_C
ALM-202305010615-00438,2023-05-01T06:15:00Z,TAG-U1-CondenserTemp_C,MED,Condenser temp elevated; vacuum risk. Review CW pumps/CT fans.,,TAG-U1-CondenserTemp_C
ALM-202305011130-00439,2023-05-01T11:30:00Z,TAG-U1-CondenserTemp_C,MED,Condenser temp elevated; vacuum risk. Review CW pumps/CT fans.,,TAG-U1-CondenserTemp_C
ALM-202305011440-00440,2023-05-01T14:40:00Z,TAG-U1-CondenserTemp_C,MED,Condenser temp elevated; vacuum risk. Review CW pumps/CT fans.,,TAG-U1-CondenserTemp_C
ALM-202305011550-00441,2023-05-01T15:50:00Z,TAG-U1-CondenserTemp_C,MED,Condenser temp elevated; vacuum risk. Review CW pumps/CT fans.,,TAG-U1-CondenserTemp_C
ALM-202305011555-00442,2023-05-01T15:55:00Z,TAG-U1-CondenserTemp_C,MED,Condenser temp elevated; vacuum risk. Review CW pumps/CT fans.,,TAG-U1-CondenserTemp_C
ALM-202305011750-00443,2023-05-01T17:50:00Z,TAG-U1-CondenserTemp_C,MED,Condenser temp elevated; vacuum risk. Review CW pumps/CT fans.,,TAG-U1-CondenserTemp_C
ALM-202305012005-00444,2023-05-01T20:05:00Z,TAG-U1-CondenserTemp_C,MED,Condenser temp elevated; vacuum risk. Review CW pumps/CT fans.,,TAG-U1-CondenserTemp_C
ALM-202305020120-00445,2023-05-02T01:20:00Z,TAG-U1-CondenserTemp_C,MED,Condenser temp elevated; vacuum risk. Review CW pumps/CT fans.,,TAG-U1-CondenserTemp_C
ALM-202305020300-00446,2023-05-02T03:00:00Z,TAG-U1-CondenserTemp_C,MED,Condenser temp elevated; vacuum risk. Review CW pumps/CT fans.,,TAG-U1-CondenserTemp_C
ALM-202305020410-00447,2023-05-02T04:10:00Z,TAG-U1-CondenserTemp_C,MED,Condenser temp elevated; vacuum risk. Review CW pumps/CT fans.,,TAG-U1-CondenserTemp_C
ALM-202305020530-00448,2023-05-02T05:30:00Z,TAG-U1-CondenserTemp_C,MED,Condenser temp elevated; vacuum risk. Review CW pumps/CT fans.,,TAG-U1-CondenserTemp_C
ALM-202305020910-00449,2023-05-02T09:10:00Z,TAG-U1-CondenserTemp_C,MED,Condenser temp elevated; vacuum risk. Review CW pumps/CT fans.,,TAG-U1-CondenserTemp_C
ALM-202305021135-00450,2023-05-02T11:35:00Z,TAG-U1-CondenserTemp_C,MED,Condenser temp elevated; vacuum risk. Review CW pumps/CT fans.,,TAG-U1-CondenserTemp_C
ALM-202305021450-00451,2023-05-02T14:50:00Z,TAG-U1-CondenserTemp_C,MED,Condenser temp elevated; vacuum risk. Review CW pumps/CT fans.,,TAG-U1-CondenserTemp_C
ALM-202305021715-00452,2023-05-02T17:15:00Z,TAG-U1-CondenserTemp_C,MED,Condenser temp elevated; vacuum risk. Review CW pumps/CT fans.,,TAG-U1-CondenserTemp_C
ALM-202305021735-00453,2023-05-02T17:35:00Z,TAG-U1-CondenserTemp_C,MED,Condenser temp elevated; vacuum risk. Review CW pumps/CT fans.,,TAG-U1-CondenserTemp_C
ALM-202305021940-00454,2023-05-02T19:40:00Z,TAG-U1-CondenserTemp_C,MED,Condenser temp elevated; vacuum risk. Review CW pumps/CT fans.,,TAG-U1-CondenserTemp_C
ALM-202305022010-00455,2023-05-02T20:10:00Z,TAG-U1-CondenserTemp_C,MED,Condenser temp elevated; vacuum risk. Review CW pumps/CT fans.,,TAG-U1-CondenserTemp_C
ALM-202305022245-00456,2023-05-02T22:45:00Z,TAG-U1-CondenserTemp_C,MED,Condenser temp elevated; vacuum risk. Review CW pumps/CT fans.,,TAG-U1-CondenserTemp_C
ALM-202305030200-00457,2023-05-03T02:00:00Z,TAG-U1-CondenserTemp_C,MED,Condenser temp elevated; vacuum risk. Review CW pumps/CT fans.,,TAG-U1-CondenserTemp_C
ALM-202305030230-00458,2023-05-03T02:30:00Z,TAG-U1-CondenserTemp_C,MED,Condenser temp elevated; vacuum risk. Review CW pumps/CT fans.,,TAG-U1-CondenserTemp_C
ALM-202305030320-00459,2023-05-03T03:20:00Z,TAG-U1-CondenserTemp_C,MED,Condenser temp elevated; vacuum risk. Review CW pumps/CT fans.,,TAG-U1-CondenserTemp_C
ALM-202305030415-00460,2023-05-03T04:15:00Z,TAG-U1-CondenserTemp_C,MED,Condenser temp elevated; vacuum risk. Review CW pumps/CT fans.,,TAG-U1-CondenserTemp_C
ALM-202305030750-00461,2023-05-03T07:50:00Z,TAG-U1-CondenserTemp_C,MED,Condenser temp elevated; vacuum risk. Review CW pumps/CT fans.,,TAG-U1-CondenserTemp_C
ALM-202305030755-00462,2023-05-03T07:55:00Z,TAG-U1-CondenserTemp_C,MED,Condenser temp elevated; vacuum risk. Review CW pumps/CT fans.,,TAG-U1-CondenserTemp_C
ALM-202305030805-00463,2023-05-03T08:05:00Z,TAG-U1-CondenserTemp_C,MED,Condenser temp elevated; vacuum risk. Review CW pumps/CT fans.,,TAG-U1-CondenserTemp_C
ALM-202305030830-00464,2023-05-03T08:30:00Z,TAG-U1-CondenserTemp_C,MED,Condenser temp elevated; vacuum risk. Review CW pumps/CT fans.,,TAG-U1-CondenserTemp_C
ALM-202305030845-00465,2023-05-03T08:45:00Z,TAG-U1-CondenserTemp_C,MED,Condenser temp elevated; vacuum risk. Review CW pumps/CT fans.,,TAG-U1-CondenserTemp_C
ALM-202305031100-00466,2023-05-03T11:00:00Z,TAG-U1-CondenserTemp_C,MED,Condenser temp elevated; vacuum risk. Review CW pumps/CT fans.,,TAG-U1-CondenserTemp_C
ALM-202305031140-00467,2023-05-03T11:40:00Z,TAG-U1-CondenserTemp_C,MED,Condenser temp elevated; vacuum risk. Review CW pumps/CT fans.,,TAG-U1-CondenserTemp_C
ALM-202305031410-00468,2023-05-03T14:10:00Z,TAG-U1-CondenserTemp_C,MED,Condenser temp elevated; vacuum risk. Review CW pumps/CT fans.,,TAG-U1-CondenserTemp_C
ALM-202305031510-00469,2023-05-03T15:10:00Z,TAG-U1-CondenserTemp_C,MED,Condenser temp elevated; vacuum risk. Review CW pumps/CT fans.,,TAG-U1-CondenserTemp_C
ALM-202305031525-00470,2023-05-03T15:25:00Z,TAG-U1-CondenserTemp_C,MED,Condenser temp elevated; vacuum risk. Review CW pumps/CT fans.,,TAG-U1-CondenserTemp_C
ALM-202305031640-00471,2023-05-03T16:40:00Z,TAG-U1-CondenserTemp_C,MED,Condenser temp elevated; vacuum risk. Review CW pumps/CT fans.,,TAG-U1-CondenserTemp_C
ALM-202305032055-00472,2023-05-03T20:55:00Z,TAG-U1-CondenserTemp_C,MED,Condenser temp elevated; vacuum risk. Review CW pumps/CT fans.,,TAG-U1-CondenserTemp_C
ALM-202305032215-00473,2023-05-03T22:15:00Z,TAG-U1-CondenserTemp_C,MED,Condenser temp elevated; vacuum risk. Review CW pumps/CT fans.,,TAG-U1-CondenserTemp_C
ALM-202305032245-00474,2023-05-03T22:45:00Z,TAG-U1-CondenserTemp_C,MED,Condenser temp elevated; vacuum risk. Review CW pumps/CT fans.,,TAG-U1-CondenserTemp_C
ALM-202305032300-00475,2023-05-03T23:00:00Z,TAG-U1-CondenserTemp_C,MED,Condenser temp elevated; vacuum risk. Review CW pumps/CT fans.,,TAG-U1-CondenserTemp_C
ALM-202305040110-00476,2023-05-04T01:10:00Z,TAG-U1-CondenserTemp_C,MED,Condenser temp elevated; vacuum risk. Review CW pumps/CT fans.,,TAG-U1-CondenserTemp_C
ALM-202305040240-00477,2023-05-04T02:40:00Z,TAG-U1-CondenserTemp_C,MED,Condenser temp elevated; vacuum risk. Review CW pumps/CT fans.,,TAG-U1-CondenserTemp_C
ALM-202305040330-00478,2023-05-04T03:30:00Z,TAG-U1-CondenserTemp_C,MED,Condenser temp elevated; vacuum risk. Review CW pumps/CT fans.,,TAG-U1-CondenserTemp_C
ALM-202305040420-00479,2023-05-04T04:20:00Z,TAG-U1-CondenserTemp_C,MED,Condenser temp elevated; vacuum risk. Review CW pumps/CT fans.,,TAG-U1-CondenserTemp_C
ALM-202305040445-00480,2023-05-04T04:45:00Z,TAG-U1-CondenserTemp_C,MED,Condenser temp elevated; vacuum risk. Review CW pumps/CT fans.,,TAG-U1-CondenserTemp_C
ALM-202305040840-00481,2023-05-04T08:40:00Z,TAG-U1-CondenserTemp_C,MED,Condenser temp elevated; vacuum risk. Review CW pumps/CT fans.,,TAG-U1-CondenserTemp_C
ALM-202305040925-00482,2023-05-04T09:25:00Z,TAG-U1-CondenserTemp_C,MED,Condenser temp elevated; vacuum risk. Review CW pumps/CT fans.,,TAG-U1-CondenserTemp_C
ALM-202305041115-00483,2023-05-04T11:15:00Z,TAG-U1-CondenserTemp_C,MED,Condenser temp elevated; vacuum risk. Review CW pumps/CT fans.,,TAG-U1-CondenserTemp_C
ALM-202305041355-00484,2023-05-04T13:55:00Z,TAG-U1-CondenserTemp_C,MED,Condenser temp elevated; vacuum risk. Review CW pumps/CT fans.,,TAG-U1-CondenserTemp_C
ALM-202305042030-00485,2023-05-04T20:30:00Z,TAG-U1-CondenserTemp_C,MED,Condenser temp elevated; vacuum risk. Review CW pumps/CT fans.,,TAG-U1-CondenserTemp_C
ALM-202305042125-00486,2023-05-04T21:25:00Z,TAG-U1-CondenserTemp_C,MED,Condenser temp elevated; vacuum risk. Review CW pumps/CT fans.,,TAG-U1-CondenserTemp_C
ALM-202305050050-00487,2023-05-05T00:50:00Z,TAG-U1-CondenserTemp_C,MED,Condenser temp elevated; vacuum risk. Review CW pumps/CT fans.,,TAG-U1-CondenserTemp_C
ALM-202305050215-00488,2023-05-05T02:15:00Z,TAG-U1-CondenserTemp_C,MED,Condenser temp elevated; vacuum risk. Review CW pumps/CT fans.,,TAG-U1-CondenserTemp_C
ALM-202305050430-00489,2023-05-05T04:30:00Z,TAG-U1-CondenserTemp_C,MED,Condenser temp elevated; vacuum risk. Review CW pumps/CT fans.,,TAG-U1-CondenserTemp_C
ALM-202305050610-00490,2023-05-05T06:10:00Z,TAG-U1-CondenserTemp_C,MED,Condenser temp elevated; vacuum risk. Review CW pumps/CT fans.,,TAG-U1-CondenserTemp_C
ALM-202305050745-00491,2023-05-05T07:45:00Z,TAG-U1-CondenserTemp_C,MED,Condenser temp elevated; vacuum risk. Review CW pumps/CT fans.,,TAG-U1-CondenserTemp_C
ALM-202305050815-00492,2023-05-05T08:15:00Z,TAG-U1-CondenserTemp_C,MED,Condenser temp elevated; vacuum risk. Review CW pumps/CT fans.,,TAG-U1-CondenserTemp_C
ALM-202305051050-00493,2023-05-05T10:50:00Z,TAG-U1-CondenserTemp_C,MED,Condenser temp elevated; vacuum risk. Review CW pumps/CT fans.,,TAG-U1-CondenserTemp_C
ALM-202305051255-00494,2023-05-05T12:55:00Z,TAG-U1-CondenserTemp_C,MED,Condenser temp elevated; vacuum risk. Review CW pumps/CT fans.,,TAG-U1-CondenserTemp_C
ALM-202305051645-00495,2023-05-05T16:45:00Z,TAG-U1-CondenserTemp_C,MED,Condenser temp elevated; vacuum risk. Review CW pumps/CT fans.,,TAG-U1-CondenserTemp_C
ALM-202305051840-00496,2023-05-05T18:40:00Z,TAG-U1-CondenserTemp_C,MED,Condenser temp elevated; vacuum risk. Review CW pumps/CT fans.,,TAG-U1-CondenserTemp_C
ALM-202305051850-00497,2023-05-05T18:50:00Z,TAG-U1-CondenserTemp_C,MED,Condenser temp elevated; vacuum risk. Review CW pumps/CT fans.,,TAG-U1-CondenserTemp_C
ALM-202305052030-00498,2023-05-05T20:30:00Z,TAG-U1-CondenserTemp_C,MED,Condenser temp elevated; vacuum risk. Review CW pumps/CT fans.,,TAG-U1-CondenserTemp_C
ALM-202305052220-00499,2023-05-05T22:20:00Z,TAG-U1-CondenserTemp_C,MED,Condenser temp elevated; vacuum risk. Review CW pumps/CT fans.,,TAG-U1-CondenserTemp_C
ALM-202305052255-00500,2023-05-05T22:55:00Z,TAG-U1-CondenserTemp_C,MED,Condenser temp elevated; vacuum risk. Review CW pumps/CT fans.,,TAG-U1-CondenserTemp_C
ALM-202305060020-00501,2023-05-06T00:20:00Z,TAG-U1-CondenserTemp_C,MED,Condenser temp elevated; vacuum risk. Review CW pumps/CT fans.,,TAG-U1-CondenserTemp_C
ALM-202305060100-00502,2023-05-06T01:00:00Z,TAG-U1-CondenserTemp_C,MED,Condenser temp elevated; vacuum risk. Review CW pumps/CT fans.,,TAG-U1-CondenserTemp_C
ALM-202305060345-00503,2023-05-06T03:45:00Z,TAG-U1-CondenserTemp_C,MED,Condenser temp elevated; vacuum risk. Review CW pumps/CT fans.,,TAG-U1-CondenserTemp_C
ALM-202305060435-00504,2023-05-06T04:35:00Z,TAG-U1-CondenserTemp_C,MED,Condenser temp elevated; vacuum risk. Review CW pumps/CT fans.,,TAG-U1-CondenserTemp_C
ALM-202305060950-00505,2023-05-06T09:50:00Z,TAG-U1-CondenserTemp_C,MED,Condenser temp elevated; vacuum risk. Review CW pumps/CT fans.,,TAG-U1-CondenserTemp_C
ALM-202305061130-00506,2023-05-06T11:30:00Z,TAG-U1-CondenserTemp_C,MED,Condenser temp elevated; vacuum risk. Review CW pumps/CT fans.,,TAG-U1-CondenserTemp_C
ALM-202305061220-00507,2023-05-06T12:20:00Z,TAG-U1-CondenserTemp_C,MED,Condenser temp elevated; vacuum risk. Review CW pumps/CT fans.,,TAG-U1-CondenserTemp_C
ALM-202305061350-00508,2023-05-06T13:50:00Z,TAG-U1-CondenserTemp_C,MED,Condenser temp elevated; vacuum risk. Review CW pumps/CT fans.,,TAG-U1-CondenserTemp_C
ALM-202305061800-00509,2023-05-06T18:00:00Z,TAG-U1-CondenserTemp_C,MED,Condenser temp elevated; vacuum risk. Review CW pumps/CT fans.,,TAG-U1-CondenserTemp_C
ALM-202305061805-00510,2023-05-06T18:05:00Z,TAG-U1-CondenserTemp_C,MED,Condenser temp elevated; vacuum risk. Review CW pumps/CT fans.,,TAG-U1-CondenserTemp_C
ALM-202305061900-00511,2023-05-06T19:00:00Z,TAG-U1-CondenserTemp_C,MED,Condenser temp elevated; vacuum risk. Review CW pumps/CT fans.,,TAG-U1-CondenserTemp_C
ALM-202305061920-00512,2023-05-06T19:20:00Z,TAG-U1-CondenserTemp_C,MED,Condenser temp elevated; vacuum risk. Review CW pumps/CT fans.,,TAG-U1-CondenserTemp_C
ALM-202305061945-00513,2023-05-06T19:45:00Z,TAG-U1-CondenserTemp_C,MED,Condenser temp elevated; vacuum risk. Review CW pumps/CT fans.,,TAG-U1-CondenserTemp_C
ALM-202305062205-00514,2023-05-06T22:05:00Z,TAG-U1-CondenserTemp_C,MED,Condenser temp elevated; vacuum risk. Review CW pumps/CT fans.,,TAG-U1-CondenserTemp_C
ALM-202305062305-00515,2023-05-06T23:05:00Z,TAG-U1-CondenserTemp_C,MED,Condenser temp elevated; vacuum risk. Review CW pumps/CT fans.,,TAG-U1-CondenserTemp_C
ALM-202305062345-00516,2023-05-06T23:45:00Z,TAG-U1-CondenserTemp_C,MED,Condenser temp elevated; vacuum risk. Review CW pumps/CT fans.,,TAG-U1-CondenserTemp_C
ALM-202305070040-00517,2023-05-07T00:40:00Z,TAG-U1-CondenserTemp_C,MED,Condenser temp elevated; vacuum risk. Review CW pumps/CT fans.,,TAG-U1-CondenserTemp_C
ALM-202305070120-00518,2023-05-07T01:20:00Z,TAG-U1-CondenserTemp_C,MED,Condenser temp elevated; vacuum risk. Review CW pumps/CT fans.,,TAG-U1-CondenserTemp_C
ALM-202305070215-00519,2023-05-07T02:15:00Z,TAG-U1-CondenserTemp_C,MED,Condenser temp elevated; vacuum risk. Review CW pumps/CT fans.,,TAG-U1-CondenserTemp_C
ALM-202305070435-00520,2023-05-07T04:35:00Z,TAG-U1-CondenserTemp_C,MED,Condenser temp elevated; vacuum risk. Review CW pumps/CT fans.,,TAG-U1-CondenserTemp_C
ALM-202305070500-00521,2023-05-07T05:00:00Z,TAG-U1-CondenserTemp_C,MED,Condenser temp elevated; vacuum risk. Review CW pumps/CT fans.,,TAG-U1-CondenserTemp_C
ALM-202305070730-00522,2023-05-07T07:30:00Z,TAG-U1-CondenserTemp_C,MED,Condenser temp elevated; vacuum risk. Review CW pumps/CT fans.,,TAG-U1-CondenserTemp_C
ALM-202305070950-00523,2023-05-07T09:50:00Z,TAG-U1-CondenserTemp_C,MED,Condenser temp elevated; vacuum risk. Review CW pumps/CT fans.,,TAG-U1-CondenserTemp_C
ALM-202305070955-00524,2023-05-07T09:55:00Z,TAG-U1-CondenserTemp_C,MED,Condenser temp elevated; vacuum risk. Review CW pumps/CT fans.,,TAG-U1-CondenserTemp_C
ALM-202305071025-00525,2023-05-07T10:25:00Z,TAG-U1-CondenserTemp_C,MED,Condenser temp elevated; vacuum risk. Review CW pumps/CT fans.,,TAG-U1-CondenserTemp_C
ALM-202305071150-00526,2023-05-07T11:50:00Z,TAG-U1-CondenserTemp_C,MED,Condenser temp elevated; vacuum risk. Review CW pumps/CT fans.,,TAG-U1-CondenserTemp_C
ALM-202305071230-00527,2023-05-07T12:30:00Z,TAG-U1-CondenserTemp_C,MED,Condenser temp elevated; vacuum risk. Review CW pumps/CT fans.,,TAG-U1-CondenserTemp_C
ALM-202305071550-00528,2023-05-07T15:50:00Z,TAG-U1-CondenserTemp_C,MED,Condenser temp elevated; vacuum risk. Review CW pumps/CT fans.,,TAG-U1-CondenserTemp_C
ALM-202305071600-00529,2023-05-07T16:00:00Z,TAG-U1-CondenserTemp_C,MED,Condenser temp elevated; vacuum risk. Review CW pumps/CT fans.,,TAG-U1-CondenserTemp_C
ALM-202305071650-00530,2023-05-07T16:50:00Z,TAG-U1-CondenserTemp_C,MED,Condenser temp elevated; vacuum risk. Review CW pumps/CT fans.,,TAG-U1-CondenserTemp_C
ALM-202305071715-00531,2023-05-07T17:15:00Z,TAG-U1-CondenserTemp_C,MED,Condenser temp elevated; vacuum risk. Review CW pumps/CT fans.,,TAG-U1-CondenserTemp_C
ALM-202305071735-00532,2023-05-07T17:35:00Z,TAG-U1-CondenserTemp_C,MED,Condenser temp elevated; vacuum risk. Review CW pumps/CT fans.,,TAG-U1-CondenserTemp_C
ALM-202305071835-00533,2023-05-07T18:35:00Z,TAG-U1-CondenserTemp_C,MED,Condenser temp elevated; vacuum risk. Review CW pumps/CT fans.,,TAG-U1-CondenserTemp_C
ALM-202305072340-00534,2023-05-07T23:40:00Z,TAG-U1-CondenserTemp_C,MED,Condenser temp elevated; vacuum risk. Review CW pumps/CT fans.,,TAG-U1-CondenserTemp_C
ALM-202305080315-00535,2023-05-08T03:15:00Z,TAG-U1-CondenserTemp_C,MED,Condenser temp elevated; vacuum risk. Review CW pumps/CT fans.,,TAG-U1-CondenserTemp_C
ALM-202305080515-00536,2023-05-08T05:15:00Z,TAG-U1-CondenserTemp_C,MED,Condenser temp elevated; vacuum risk. Review CW pumps/CT fans.,,TAG-U1-CondenserTemp_C
ALM-202305080815-00537,2023-05-08T08:15:00Z,TAG-U1-CondenserTemp_C,MED,Condenser temp elevated; vacuum risk. Review CW pumps/CT fans.,,TAG-U1-CondenserTemp_C
ALM-202305080830-00538,2023-05-08T08:30:00Z,TAG-U1-CondenserTemp_C,MED,Condenser temp elevated; vacuum risk. Review CW pumps/CT fans.,,TAG-U1-CondenserTemp_C
ALM-202305080915-00539,2023-05-08T09:15:00Z,TAG-U1-CondenserTemp_C,MED,Condenser temp elevated; vacuum risk. Review CW pumps/CT fans.,,TAG-U1-CondenserTemp_C
ALM-202305080930-00540,2023-05-08T09:30:00Z,TAG-U1-CondenserTemp_C,MED,Condenser temp elevated; vacuum risk. Review CW pumps/CT fans.,,TAG-U1-CondenserTemp_C
ALM-202305081010-00541,2023-05-08T10:10:00Z,TAG-U1-CondenserTemp_C,MED,Condenser temp elevated; vacuum risk. Review CW pumps/CT fans.,,TAG-U1-CondenserTemp_C
ALM-202305081240-00542,2023-05-08T12:40:00Z,TAG-U1-CondenserTemp_C,MED,Condenser temp elevated; vacuum risk. Review CW pumps/CT fans.,,TAG-U1-CondenserTemp_C
ALM-202305081350-00543,2023-05-08T13:50:00Z,TAG-U1-CondenserTemp_C,MED,Condenser temp elevated; vacuum risk. Review CW pumps/CT fans.,,TAG-U1-CondenserTemp_C
ALM-202305081500-00544,2023-05-08T15:00:00Z,TAG-U1-CondenserTemp_C,MED,Condenser temp elevated; vacuum risk. Review CW pumps/CT fans.,,TAG-U1-CondenserTemp_C
ALM-202305082220-00545,2023-05-08T22:20:00Z,TAG-U1-CondenserTemp_C,MED,Condenser temp elevated; vacuum risk. Review CW pumps/CT fans.,,TAG-U1-CondenserTemp_C
ALM-202305090000-00546,2023-05-09T00:00:00Z,TAG-U1-CondenserTemp_C,MED,Condenser temp elevated; vacuum risk. Review CW pumps/CT fans.,,TAG-U1-CondenserTemp_C
ALM-202305090130-00547,2023-05-09T01:30:00Z,TAG-U1-CondenserTemp_C,MED,Condenser temp elevated; vacuum risk. Review CW pumps/CT fans.,,TAG-U1-CondenserTemp_C
ALM-202305090830-00548,2023-05-09T08:30:00Z,TAG-U1-CondenserTemp_C,MED,Condenser temp elevated; vacuum risk. Review CW pumps/CT fans.,,TAG-U1-CondenserTemp_C
ALM-202305091125-00549,2023-05-09T11:25:00Z,TAG-U1-CondenserTemp_C,MED,Condenser temp elevated; vacuum risk. Review CW pumps/CT fans.,,TAG-U1-CondenserTemp_C
ALM-202305091330-00550,2023-05-09T13:30:00Z,TAG-U1-CondenserTemp_C,MED,Condenser temp elevated; vacuum risk. Review CW pumps/CT fans.,,TAG-U1-CondenserTemp_C
ALM-202305091335-00551,2023-05-09T13:35:00Z,TAG-U1-CondenserTemp_C,MED,Condenser temp elevated; vacuum risk. Review CW pumps/CT fans.,,TAG-U1-CondenserTemp_C
ALM-202305091450-00552,2023-05-09T14:50:00Z,TAG-U1-CondenserTemp_C,MED,Condenser temp elevated; vacuum risk. Review CW pumps/CT fans.,,TAG-U1-CondenserTemp_C
ALM-202305091715-00553,2023-05-09T17:15:00Z,TAG-U1-CondenserTemp_C,MED,Condenser temp elevated; vacuum risk. Review CW pumps/CT fans.,,TAG-U1-CondenserTemp_C
ALM-202305092030-00554,2023-05-09T20:30:00Z,TAG-U1-CondenserTemp_C,MED,Condenser temp elevated; vacuum risk. Review CW pumps/CT fans.,,TAG-U1-CondenserTemp_C
ALM-202305092140-00555,2023-05-09T21:40:00Z,TAG-U1-CondenserTemp_C,MED,Condenser temp elevated; vacuum risk. Review CW pumps/CT fans.,,TAG-U1-CondenserTemp_C
ALM-202305100045-00556,2023-05-10T00:45:00Z,TAG-U1-CondenserTemp_C,MED,Condenser temp elevated; vacuum risk. Review CW pumps/CT fans.,,TAG-U1-CondenserTemp_C
ALM-202305100135-00557,2023-05-10T01:35:00Z,TAG-U1-CondenserTemp_C,MED,Condenser temp elevated; vacuum risk. Review CW pumps/CT fans.,,TAG-U1-CondenserTemp_C
ALM-202305100320-00558,2023-05-10T03:20:00Z,TAG-U1-CondenserTemp_C,MED,Condenser temp elevated; vacuum risk. Review CW pumps/CT fans.,,TAG-U1-CondenserTemp_C
ALM-202305100600-00559,2023-05-10T06:00:00Z,TAG-U1-CondenserTemp_C,MED,Condenser temp elevated; vacuum risk. Review CW pumps/CT fans.,,TAG-U1-CondenserTemp_C
ALM-202305100655-00560,2023-05-10T06:55:00Z,TAG-U1-CondenserTemp_C,MED,Condenser temp elevated; vacuum risk. Review CW pumps/CT fans.,,TAG-U1-CondenserTemp_C
ALM-202305101530-00561,2023-05-10T15:30:00Z,TAG-U1-CondenserTemp_C,MED,Condenser temp elevated; vacuum risk. Review CW pumps/CT fans.,,TAG-U1-CondenserTemp_C
ALM-202305101850-00562,2023-05-10T18:50:00Z,TAG-U1-CondenserTemp_C,MED,Condenser temp elevated; vacuum risk. Review CW pumps/CT fans.,,TAG-U1-CondenserTemp_C
ALM-202305102140-00563,2023-05-10T21:40:00Z,TAG-U1-CondenserTemp_C,MED,Condenser temp elevated; vacuum risk. Review CW pumps/CT fans.,,TAG-U1-CondenserTemp_C
ALM-202305110235-00564,2023-05-11T02:35:00Z,TAG-U1-CondenserTemp_C,MED,Condenser temp elevated; vacuum risk. Review CW pumps/CT fans.,,TAG-U1-CondenserTemp_C
ALM-202305110300-00565,2023-05-11T03:00:00Z,TAG-U1-CondenserTemp_C,MED,Condenser temp elevated; vacuum risk. Review CW pumps/CT fans.,,TAG-U1-CondenserTemp_C
ALM-202305110635-00566,2023-05-11T06:35:00Z,TAG-U1-CondenserTemp_C,MED,Condenser temp elevated; vacuum risk. Review CW pumps/CT fans.,,TAG-U1-CondenserTemp_C
ALM-202305110755-00567,2023-05-11T07:55:00Z,TAG-U1-CondenserTemp_C,MED,Condenser temp elevated; vacuum risk. Review CW pumps/CT fans.,,TAG-U1-CondenserTemp_C
ALM-202305111015-00568,2023-05-11T10:15:00Z,TAG-U1-CondenserTemp_C,MED,Condenser temp elevated; vacuum risk. Review CW pumps/CT fans.,,TAG-U1-CondenserTemp_C
ALM-202305111205-00569,2023-05-11T12:05:00Z,TAG-U1-CondenserTemp_C,MED,Condenser temp elevated; vacuum risk. Review CW pumps/CT fans.,,TAG-U1-CondenserTemp_C
ALM-202305111305-00570,2023-05-11T13:05:00Z,TAG-U1-CondenserTemp_C,MED,Condenser temp elevated; vacuum risk. Review CW pumps/CT fans.,,TAG-U1-CondenserTemp_C
ALM-202305111905-00571,2023-05-11T19:05:00Z,TAG-U1-CondenserTemp_C,MED,Condenser temp elevated; vacuum risk. Review CW pumps/CT fans.,,TAG-U1-CondenserTemp_C
ALM-202305112225-00572,2023-05-11T22:25:00Z,TAG-U1-CondenserTemp_C,MED,Condenser temp elevated; vacuum risk. Review CW pumps/CT fans.,,TAG-U1-CondenserTemp_C
ALM-202305120055-00573,2023-05-12T00:55:00Z,TAG-U1-CondenserTemp_C,MED,Condenser temp elevated; vacuum risk. Review CW pumps/CT fans.,,TAG-U1-CondenserTemp_C
ALM-202305120350-00574,2023-05-12T03:50:00Z,TAG-U1-CondenserTemp_C,MED,Condenser temp elevated; vacuum risk. Review CW pumps/CT fans.,EVT-2023-05-TUBELEAK,TAG-U1-CondenserTemp_C
ALM-202305120605-00575,2023-05-12T06:05:00Z,TAG-U1-CondenserTemp_C,MED,Condenser temp elevated; vacuum risk. Review CW pumps/CT fans.,EVT-2023-05-TUBELEAK,TAG-U1-CondenserTemp_C
ALM-202305120645-00576,2023-05-12T06:45:00Z,TAG-U1-CondenserTemp_C,MED,Condenser temp elevated; vacuum risk. Review CW pumps/CT fans.,EVT-2023-05-TUBELEAK,TAG-U1-CondenserTemp_C
ALM-202305120935-00577,2023-05-12T09:35:00Z,TAG-U1-CondenserTemp_C,MED,Condenser temp elevated; vacuum risk. Review CW pumps/CT fans.,EVT-2023-05-TUBELEAK,TAG-U1-CondenserTemp_C
ALM-202305121005-00578,2023-05-12T10:05:00Z,TAG-U1-CondenserTemp_C,MED,Condenser temp elevated; vacuum risk. Review CW pumps/CT fans.,EVT-2023-05-TUBELEAK,TAG-U1-CondenserTemp_C
ALM-202305121225-00579,2023-05-12T12:25:00Z,TAG-U1-CondenserTemp_C,MED,Condenser temp elevated; vacuum risk. Review CW pumps/CT fans.,EVT-2023-05-TUBELEAK,TAG-U1-CondenserTemp_C
ALM-202305121430-00580,2023-05-12T14:30:00Z,TAG-U1-CondenserTemp_C,MED,Condenser temp elevated; vacuum risk. Review CW pumps/CT fans.,EVT-2023-05-TUBELEAK,TAG-U1-CondenserTemp_C
ALM-202305121435-00581,2023-05-12T14:35:00Z,TAG-U1-CondenserTemp_C,MED,Condenser temp elevated; vacuum risk. Review CW pumps/CT fans.,EVT-2023-05-TUBELEAK,TAG-U1-CondenserTemp_C
ALM-202305121655-00582,2023-05-12T16:55:00Z,TAG-U1-CondenserTemp_C,MED,Condenser temp elevated; vacuum risk. Review CW pumps/CT fans.,EVT-2023-05-TUBELEAK,TAG-U1-CondenserTemp_C
ALM-202305121940-00583,2023-05-12T19:40:00Z,TAG-U1-CondenserTemp_C,MED,Condenser temp elevated; vacuum risk. Review CW pumps/CT fans.,,TAG-U1-CondenserTemp_C
ALM-202305122000-00584,2023-05-12T20:00:00Z,TAG-U1-CondenserTemp_C,MED,Condenser temp elevated; vacuum risk. Review CW pumps/CT fans.,,TAG-U1-CondenserTemp_C
ALM-202305122250-00585,2023-05-12T22:50:00Z,TAG-U1-CondenserTemp_C,MED,Condenser temp elevated; vacuum risk. Review CW pumps/CT fans.,,TAG-U1-CondenserTemp_C
ALM-202305130015-00586,2023-05-13T00:15:00Z,TAG-U1-CondenserTemp_C,MED,Condenser temp elevated; vacuum risk. Review CW pumps/CT fans.,,TAG-U1-CondenserTemp_C
ALM-202305130105-00587,2023-05-13T01:05:00Z,TAG-U1-CondenserTemp_C,MED,Condenser temp elevated; vacuum risk. Review CW pumps/CT fans.,,TAG-U1-CondenserTemp_C
ALM-202305130140-00588,2023-05-13T01:40:00Z,TAG-U1-CondenserTemp_C,MED,Condenser temp elevated; vacuum risk. Review CW pumps/CT fans.,,TAG-U1-CondenserTemp_C
ALM-202305130225-00589,2023-05-13T02:25:00Z,TAG-U1-CondenserTemp_C,MED,Condenser temp elevated; vacuum risk. Review CW pumps/CT fans.,,TAG-U1-CondenserTemp_C
ALM-202305130320-00590,2023-05-13T03:20:00Z,TAG-U1-CondenserTemp_C,MED,Condenser temp elevated; vacuum risk. Review CW pumps/CT fans.,,TAG-U1-CondenserTemp_C
ALM-202305130615-00591,2023-05-13T06:15:00Z,TAG-U1-CondenserTemp_C,MED,Condenser temp elevated; vacuum risk. Review CW pumps/CT fans.,,TAG-U1-CondenserTemp_C
ALM-202305130740-00592,2023-05-13T07:40:00Z,TAG-U1-CondenserTemp_C,MED,Condenser temp elevated; vacuum risk. Review CW pumps/CT fans.,,TAG-U1-CondenserTemp_C
ALM-202305130755-00593,2023-05-13T07:55:00Z,TAG-U1-CondenserTemp_C,MED,Condenser temp elevated; vacuum risk. Review CW pumps/CT fans.,,TAG-U1-CondenserTemp_C
ALM-202305130930-00594,2023-05-13T09:30:00Z,TAG-U1-CondenserTemp_C,MED,Condenser temp elevated; vacuum risk. Review CW pumps/CT fans.,,TAG-U1-CondenserTemp_C
ALM-202305130940-00595,2023-05-13T09:40:00Z,TAG-U1-CondenserTemp_C,MED,Condenser temp elevated; vacuum risk. Review CW pumps/CT fans.,,TAG-U1-CondenserTemp_C
ALM-202305131135-00596,2023-05-13T11:35:00Z,TAG-U1-CondenserTemp_C,MED,Condenser temp elevated; vacuum risk. Review CW pumps/CT fans.,,TAG-U1-CondenserTemp_C
ALM-202305131205-00597,2023-05-13T12:05:00Z,TAG-U1-CondenserTemp_C,MED,Condenser temp elevated; vacuum risk. Review CW pumps/CT fans.,,TAG-U1-CondenserTemp_C
ALM-202305131255-00598,2023-05-13T12:55:00Z,TAG-U1-CondenserTemp_C,MED,Condenser temp elevated; vacuum risk. Review CW pumps/CT fans.,,TAG-U1-CondenserTemp_C
ALM-202305131810-00599,2023-05-13T18:10:00Z,TAG-U1-CondenserTemp_C,MED,Condenser temp elevated; vacuum risk. Review CW pumps/CT fans.,EVT-DRAFT-20230513-05,TAG-U1-CondenserTemp_C
ALM-202305131945-00600,2023-05-13T19:45:00Z,TAG-U1-CondenserTemp_C,MED,Condenser temp elevated; vacuum risk. Review CW pumps/CT fans.,EVT-DRAFT-20230513-05,TAG-U1-CondenserTemp_C
ALM-202305132100-00601,2023-05-13T21:00:00Z,TAG-U1-CondenserTemp_C,MED,Condenser temp elevated; vacuum risk. Review CW pumps/CT fans.,,TAG-U1-CondenserTemp_C
ALM-202305132115-00602,2023-05-13T21:15:00Z,TAG-U1-CondenserTemp_C,MED,Condenser temp elevated; vacuum risk. Review CW pumps/CT fans.,,TAG-U1-CondenserTemp_C
ALM-202305132130-00603,2023-05-13T21:30:00Z,TAG-U1-CondenserTemp_C,MED,Condenser temp elevated; vacuum risk. Review CW pumps/CT fans.,,TAG-U1-CondenserTemp_C
ALM-202305132340-00604,2023-05-13T23:40:00Z,TAG-U1-CondenserTemp_C,MED,Condenser temp elevated; vacuum risk. Review CW pumps/CT fans.,,TAG-U1-CondenserTemp_C
ALM-202305140025-00605,2023-05-14T00:25:00Z,TAG-U1-CondenserTemp_C,MED,Condenser temp elevated; vacuum risk. Review CW pumps/CT fans.,,TAG-U1-CondenserTemp_C
ALM-202305140040-00606,2023-05-14T00:40:00Z,TAG-U1-CondenserTemp_C,MED,Condenser temp elevated; vacuum risk. Review CW pumps/CT fans.,,TAG-U1-CondenserTemp_C
ALM-202305140210-00607,2023-05-14T02:10:00Z,TAG-U1-CondenserTemp_C,MED,Condenser temp elevated; vacuum risk. Review CW pumps/CT fans.,,TAG-U1-CondenserTemp_C
ALM-202305140435-00608,2023-05-14T04:35:00Z,TAG-U1-CondenserTemp_C,MED,Condenser temp elevated; vacuum risk. Review CW pumps/CT fans.,,TAG-U1-CondenserTemp_C
ALM-202305140745-00609,2023-05-14T07:45:00Z,TAG-U1-CondenserTemp_C,MED,Condenser temp elevated; vacuum risk. Review CW pumps/CT fans.,,TAG-U1-CondenserTemp_C
ALM-202305140845-00610,2023-05-14T08:45:00Z,TAG-U1-CondenserTemp_C,MED,Condenser temp elevated; vacuum risk. Review CW pumps/CT fans.,,TAG-U1-CondenserTemp_C
ALM-202305140930-00611,2023-05-14T09:30:00Z,TAG-U1-CondenserTemp_C,MED,Condenser temp elevated; vacuum risk. Review CW pumps/CT fans.,,TAG-U1-CondenserTemp_C
ALM-202305141255-00612,2023-05-14T12:55:00Z,TAG-U1-CondenserTemp_C,MED,Condenser temp elevated; vacuum risk. Review CW pumps/CT fans.,,TAG-U1-CondenserTemp_C
ALM-202305141410-00613,2023-05-14T14:10:00Z,TAG-U1-CondenserTemp_C,MED,Condenser temp elevated; vacuum risk. Review CW pumps/CT fans.,,TAG-U1-CondenserTemp_C
ALM-202305141445-00614,2023-05-14T14:45:00Z,TAG-U1-CondenserTemp_C,MED,Condenser temp elevated; vacuum risk. Review CW pumps/CT fans.,,TAG-U1-CondenserTemp_C
ALM-202305141735-00615,2023-05-14T17:35:00Z,TAG-U1-CondenserTemp_C,MED,Condenser temp elevated; vacuum risk. Review CW pumps/CT fans.,,TAG-U1-CondenserTemp_C
ALM-202305142100-00616,2023-05-14T21:00:00Z,TAG-U1-CondenserTemp_C,MED,Condenser temp elevated; vacuum risk. Review CW pumps/CT fans.,,TAG-U1-CondenserTemp_C
ALM-202305150000-00617,2023-05-15T00:00:00Z,TAG-U1-CondenserTemp_C,MED,Condenser temp elevated; vacuum risk. Review CW pumps/CT fans.,,TAG-U1-CondenserTemp_C
ALM-202305150350-00618,2023-05-15T03:50:00Z,TAG-U1-CondenserTemp_C,MED,Condenser temp elevated; vacuum risk. Review CW pumps/CT fans.,,TAG-U1-CondenserTemp_C
ALM-202305150425-00619,2023-05-15T04:25:00Z,TAG-U1-CondenserTemp_C,MED,Condenser temp elevated; vacuum risk. Review CW pumps/CT fans.,,TAG-U1-CondenserTemp_C
ALM-202305150835-00620,2023-05-15T08:35:00Z,TAG-U1-CondenserTemp_C,MED,Condenser temp elevated; vacuum risk. Review CW pumps/CT fans.,,TAG-U1-CondenserTemp_C
ALM-202305151310-00621,2023-05-15T13:10:00Z,TAG-U1-CondenserTemp_C,MED,Condenser temp elevated; vacuum risk. Review CW pumps/CT fans.,,TAG-U1-CondenserTemp_C
ALM-202305151605-00622,2023-05-15T16:05:00Z,TAG-U1-CondenserTemp_C,MED,Condenser temp elevated; vacuum risk. Review CW pumps/CT fans.,,TAG-U1-CondenserTemp_C
ALM-202305151840-00623,2023-05-15T18:40:00Z,TAG-U1-CondenserTemp_C,MED,Condenser temp elevated; vacuum risk. Review CW pumps/CT fans.,,TAG-U1-CondenserTemp_C
ALM-202305151925-00624,2023-05-15T19:25:00Z,TAG-U1-CondenserTemp_C,MED,Condenser temp elevated; vacuum risk. Review CW pumps/CT fans.,,TAG-U1-CondenserTemp_C
ALM-202305152110-00625,2023-05-15T21:10:00Z,TAG-U1-CondenserTemp_C,MED,Condenser temp elevated; vacuum risk. Review CW pumps/CT fans.,,TAG-U1-CondenserTemp_C
ALM-202305160025-00626,2023-05-16T00:25:00Z,TAG-U1-CondenserTemp_C,MED,Condenser temp elevated; vacuum risk. Review CW pumps/CT fans.,,TAG-U1-CondenserTemp_C
ALM-202305160145-00627,2023-05-16T01:45:00Z,TAG-U1-CondenserTemp_C,MED,Condenser temp elevated; vacuum risk. Review CW pumps/CT fans.,,TAG-U1-CondenserTemp_C
ALM-202305160210-00628,2023-05-16T02:10:00Z,TAG-U1-CondenserTemp_C,MED,Condenser temp elevated; vacuum risk. Review CW pumps/CT fans.,,TAG-U1-CondenserTemp_C
ALM-202305160250-00629,2023-05-16T02:50:00Z,TAG-U1-CondenserTemp_C,MED,Condenser temp elevated; vacuum risk. Review CW pumps/CT fans.,,TAG-U1-CondenserTemp_C
ALM-202305160640-00630,2023-05-16T06:40:00Z,TAG-U1-CondenserTemp_C,MED,Condenser temp elevated; vacuum risk. Review CW pumps/CT fans.,,TAG-U1-CondenserTemp_C
ALM-202305160655-00631,2023-05-16T06:55:00Z,TAG-U1-CondenserTemp_C,MED,Condenser temp elevated; vacuum risk. Review CW pumps/CT fans.,,TAG-U1-CondenserTemp_C
ALM-202305161025-00632,2023-05-16T10:25:00Z,TAG-U1-CondenserTemp_C,MED,Condenser temp elevated; vacuum risk. Review CW pumps/CT fans.,,TAG-U1-CondenserTemp_C
ALM-202305161130-00633,2023-05-16T11:30:00Z,TAG-U1-CondenserTemp_C,MED,Condenser temp elevated; vacuum risk. Review CW pumps/CT fans.,,TAG-U1-CondenserTemp_C
ALM-202305161215-00634,2023-05-16T12:15:00Z,TAG-U1-CondenserTemp_C,MED,Condenser temp elevated; vacuum risk. Review CW pumps/CT fans.,,TAG-U1-CondenserTemp_C
ALM-202305161350-00635,2023-05-16T13:50:00Z,TAG-U1-CondenserTemp_C,MED,Condenser temp elevated; vacuum risk. Review CW pumps/CT fans.,,TAG-U1-CondenserTemp_C
ALM-202305161425-00636,2023-05-16T14:25:00Z,TAG-U1-CondenserTemp_C,MED,Condenser temp elevated; vacuum risk. Review CW pumps/CT fans.,,TAG-U1-CondenserTemp_C
ALM-202305161520-00637,2023-05-16T15:20:00Z,TAG-U1-CondenserTemp_C,MED,Condenser temp elevated; vacuum risk. Review CW pumps/CT fans.,,TAG-U1-CondenserTemp_C
ALM-202305161820-00638,2023-05-16T18:20:00Z,TAG-U1-CondenserTemp_C,MED,Condenser temp elevated; vacuum risk. Review CW pumps/CT fans.,,TAG-U1-CondenserTemp_C
ALM-202305162125-00639,2023-05-16T21:25:00Z,TAG-U1-CondenserTemp_C,MED,Condenser temp elevated; vacuum risk. Review CW pumps/CT fans.,,TAG-U1-CondenserTemp_C
ALM-202305162200-00640,2023-05-16T22:00:00Z,TAG-U1-CondenserTemp_C,MED,Condenser temp elevated; vacuum risk. Review CW pumps/CT fans.,,TAG-U1-CondenserTemp_C
ALM-202305170505-00641,2023-05-17T05:05:00Z,TAG-U1-CondenserTemp_C,MED,Condenser temp elevated; vacuum risk. Review CW pumps/CT fans.,,TAG-U1-CondenserTemp_C
ALM-202305170605-00642,2023-05-17T06:05:00Z,TAG-U1-CondenserTemp_C,MED,Condenser temp elevated; vacuum risk. Review CW pumps/CT fans.,,TAG-U1-CondenserTemp_C
ALM-202305171225-00643,2023-05-17T12:25:00Z,TAG-U1-CondenserTemp_C,MED,Condenser temp elevated; vacuum risk. Review CW pumps/CT fans.,,TAG-U1-CondenserTemp_C
ALM-202305171250-00644,2023-05-17T12:50:00Z,TAG-U1-CondenserTemp_C,MED,Condenser temp elevated; vacuum risk. Review CW pumps/CT fans.,,TAG-U1-CondenserTemp_C
ALM-202305171550-00645,2023-05-17T15:50:00Z,TAG-U1-CondenserTemp_C,MED,Condenser temp elevated; vacuum risk. Review CW pumps/CT fans.,,TAG-U1-CondenserTemp_C
ALM-202305171750-00646,2023-05-17T17:50:00Z,TAG-U1-CondenserTemp_C,MED,Condenser temp elevated; vacuum risk. Review CW pumps/CT fans.,,TAG-U1-CondenserTemp_C
ALM-202305171835-00647,2023-05-17T18:35:00Z,TAG-U1-CondenserTemp_C,MED,Condenser temp elevated; vacuum risk. Review CW pumps/CT fans.,,TAG-U1-CondenserTemp_C
ALM-202305172125-00648,2023-05-17T21:25:00Z,TAG-U1-CondenserTemp_C,MED,Condenser temp elevated; vacuum risk. Review CW pumps/CT fans.,,TAG-U1-CondenserTemp_C
ALM-202305172300-00649,2023-05-17T23:00:00Z,TAG-U1-CondenserTemp_C,MED,Condenser temp elevated; vacuum risk. Review CW pumps/CT fans.,,TAG-U1-CondenserTemp_C
ALM-202305172315-00650,2023-05-17T23:15:00Z,TAG-U1-CondenserTemp_C,MED,Condenser temp elevated; vacuum risk. Review CW pumps/CT fans.,,TAG-U1-CondenserTemp_C
ALM-202305180145-00651,2023-05-18T01:45:00Z,TAG-U1-CondenserTemp_C,MED,Condenser temp elevated; vacuum risk. Review CW pumps/CT fans.,,TAG-U1-CondenserTemp_C
ALM-202305180500-00652,2023-05-18T05:00:00Z,TAG-U1-CondenserTemp_C,MED,Condenser temp elevated; vacuum risk. Review CW pumps/CT fans.,,TAG-U1-CondenserTemp_C
ALM-202305180630-00653,2023-05-18T06:30:00Z,TAG-U1-CondenserTemp_C,MED,Condenser temp elevated; vacuum risk. Review CW pumps/CT fans.,,TAG-U1-CondenserTemp_C
ALM-202305180745-00654,2023-05-18T07:45:00Z,TAG-U1-CondenserTemp_C,MED,Condenser temp elevated; vacuum risk. Review CW pumps/CT fans.,,TAG-U1-CondenserTemp_C
ALM-202305180920-00655,2023-05-18T09:20:00Z,TAG-U1-CondenserTemp_C,MED,Condenser temp elevated; vacuum risk. Review CW pumps/CT fans.,,TAG-U1-CondenserTemp_C
ALM-202305181200-00656,2023-05-18T12:00:00Z,TAG-U1-CondenserTemp_C,MED,Condenser temp elevated; vacuum risk. Review CW pumps/CT fans.,,TAG-U1-CondenserTemp_C
ALM-202305181430-00657,2023-05-18T14:30:00Z,TAG-U1-CondenserTemp_C,MED,Condenser temp elevated; vacuum risk. Review CW pumps/CT fans.,,TAG-U1-CondenserTemp_C
ALM-202305181605-00658,2023-05-18T16:05:00Z,TAG-U1-CondenserTemp_C,MED,Condenser temp elevated; vacuum risk. Review CW pumps/CT fans.,,TAG-U1-CondenserTemp_C
ALM-202305181725-00659,2023-05-18T17:25:00Z,TAG-U1-CondenserTemp_C,MED,Condenser temp elevated; vacuum risk. Review CW pumps/CT fans.,,TAG-U1-CondenserTemp_C
ALM-202305181830-00660,2023-05-18T18:30:00Z,TAG-U1-CondenserTemp_C,MED,Condenser temp elevated; vacuum risk. Review CW pumps/CT fans.,,TAG-U1-CondenserTemp_C
ALM-202305182020-00661,2023-05-18T20:20:00Z,TAG-U1-CondenserTemp_C,MED,Condenser temp elevated; vacuum risk. Review CW pumps/CT fans.,,TAG-U1-CondenserTemp_C
ALM-202305190005-00662,2023-05-19T00:05:00Z,TAG-U1-CondenserTemp_C,MED,Condenser temp elevated; vacuum risk. Review CW pumps/CT fans.,,TAG-U1-CondenserTemp_C
ALM-202305190030-00663,2023-05-19T00:30:00Z,TAG-U1-CondenserTemp_C,MED,Condenser temp elevated; vacuum risk. Review CW pumps/CT fans.,,TAG-U1-CondenserTemp_C
ALM-202305190420-00664,2023-05-19T04:20:00Z,TAG-U1-CondenserTemp_C,MED,Condenser temp elevated; vacuum risk. Review CW pumps/CT fans.,,TAG-U1-CondenserTemp_C
ALM-202305190650-00665,2023-05-19T06:50:00Z,TAG-U1-CondenserTemp_C,MED,Condenser temp elevated; vacuum risk. Review CW pumps/CT fans.,,TAG-U1-CondenserTemp_C
ALM-202305191315-00666,2023-05-19T13:15:00Z,TAG-U1-CondenserTemp_C,MED,Condenser temp elevated; vacuum risk. Review CW pumps/CT fans.,,TAG-U1-CondenserTemp_C
ALM-202305191945-00667,2023-05-19T19:45:00Z,TAG-U1-CondenserTemp_C,MED,Condenser temp elevated; vacuum risk. Review CW pumps/CT fans.,,TAG-U1-CondenserTemp_C
ALM-202305191950-00668,2023-05-19T19:50:00Z,TAG-U1-CondenserTemp_C,MED,Condenser temp elevated; vacuum risk. Review CW pumps/CT fans.,,TAG-U1-CondenserTemp_C
ALM-202305192000-00669,2023-05-19T20:00:00Z,TAG-U1-CondenserTemp_C,MED,Condenser temp elevated; vacuum risk. Review CW pumps/CT fans.,,TAG-U1-CondenserTemp_C
ALM-202305200005-00670,2023-05-20T00:05:00Z,TAG-U1-CondenserTemp_C,MED,Condenser temp elevated; vacuum risk. Review CW pumps/CT fans.,,TAG-U1-CondenserTemp_C
ALM-202305200010-00671,2023-05-20T00:10:00Z,TAG-U1-CondenserTemp_C,MED,Condenser temp elevated; vacuum risk. Review CW pumps/CT fans.,,TAG-U1-CondenserTemp_C
ALM-202305200050-00672,2023-05-20T00:50:00Z,TAG-U1-CondenserTemp_C,MED,Condenser temp elevated; vacuum risk. Review CW pumps/CT fans.,,TAG-U1-CondenserTemp_C
ALM-202305200100-00673,2023-05-20T01:00:00Z,TAG-U1-CondenserTemp_C,MED,Condenser temp elevated; vacuum risk. Review CW pumps/CT fans.,,TAG-U1-CondenserTemp_C
ALM-202305200145-00674,2023-05-20T01:45:00Z,TAG-U1-CondenserTemp_C,MED,Condenser temp elevated; vacuum risk. Review CW pumps/CT fans.,,TAG-U1-CondenserTemp_C
ALM-202305200300-00675,2023-05-20T03:00:00Z,TAG-U1-CondenserTemp_C,MED,Condenser temp elevated; vacuum risk. Review CW pumps/CT fans.,,TAG-U1-CondenserTemp_C
ALM-202305200425-00676,2023-05-20T04:25:00Z,TAG-U1-CondenserTemp_C,MED,Condenser temp elevated; vacuum risk. Review CW pumps/CT fans.,,TAG-U1-CondenserTemp_C
ALM-202305200430-00677,2023-05-20T04:30:00Z,TAG-U1-CondenserTemp_C,MED,Condenser temp elevated; vacuum risk. Review CW pumps/CT fans.,,TAG-U1-CondenserTemp_C
ALM-202305200520-00678,2023-05-20T05:20:00Z,TAG-U1-CondenserTemp_C,MED,Condenser temp elevated; vacuum risk. Review CW pumps/CT fans.,,TAG-U1-CondenserTemp_C
ALM-202305200755-00679,2023-05-20T07:55:00Z,TAG-U1-CondenserTemp_C,MED,Condenser temp elevated; vacuum risk. Review CW pumps/CT fans.,,TAG-U1-CondenserTemp_C
ALM-202305200810-00680,2023-05-20T08:10:00Z,TAG-U1-CondenserTemp_C,MED,Condenser temp elevated; vacuum risk. Review CW pumps/CT fans.,,TAG-U1-CondenserTemp_C
ALM-202305200925-00681,2023-05-20T09:25:00Z,TAG-U1-CondenserTemp_C,MED,Condenser temp elevated; vacuum risk. Review CW pumps/CT fans.,,TAG-U1-CondenserTemp_C
ALM-202305200930-00682,2023-05-20T09:30:00Z,TAG-U1-CondenserTemp_C,MED,Condenser temp elevated; vacuum risk. Review CW pumps/CT fans.,,TAG-U1-CondenserTemp_C
ALM-202305201000-00683,2023-05-20T10:00:00Z,TAG-U1-CondenserTemp_C,MED,Condenser temp elevated; vacuum risk. Review CW pumps/CT fans.,,TAG-U1-CondenserTemp_C
ALM-202305201020-00684,2023-05-20T10:20:00Z,TAG-U1-CondenserTemp_C,MED,Condenser temp elevated; vacuum risk. Review CW pumps/CT fans.,,TAG-U1-CondenserTemp_C
ALM-202305201050-00685,2023-05-20T10:50:00Z,TAG-U1-CondenserTemp_C,MED,Condenser temp elevated; vacuum risk. Review CW pumps/CT fans.,,TAG-U1-CondenserTemp_C
ALM-202305201125-00686,2023-05-20T11:25:00Z,TAG-U1-CondenserTemp_C,MED,Condenser temp elevated; vacuum risk. Review CW pumps/CT fans.,,TAG-U1-CondenserTemp_C
ALM-202305201140-00687,2023-05-20T11:40:00Z,TAG-U1-CondenserTemp_C,MED,Condenser temp elevated; vacuum risk. Review CW pumps/CT fans.,,TAG-U1-CondenserTemp_C
ALM-202305201250-00688,2023-05-20T12:50:00Z,TAG-U1-CondenserTemp_C,MED,Condenser temp elevated; vacuum risk. Review CW pumps/CT fans.,,TAG-U1-CondenserTemp_C
ALM-202305201405-00689,2023-05-20T14:05:00Z,TAG-U1-CondenserTemp_C,MED,Condenser temp elevated; vacuum risk. Review CW pumps/CT fans.,,TAG-U1-CondenserTemp_C
ALM-202305201425-00690,2023-05-20T14:25:00Z,TAG-U1-CondenserTemp_C,MED,Condenser temp elevated; vacuum risk. Review CW pumps/CT fans.,,TAG-U1-CondenserTemp_C
ALM-202305201455-00691,2023-05-20T14:55:00Z,TAG-U1-CondenserTemp_C,MED,Condenser temp elevated; vacuum risk. Review CW pumps/CT fans.,,TAG-U1-CondenserTemp_C
ALM-202305202000-00692,2023-05-20T20:00:00Z,TAG-U1-CondenserTemp_C,MED,Condenser temp elevated; vacuum risk. Review CW pumps/CT fans.,,TAG-U1-CondenserTemp_C
ALM-202305202040-00693,2023-05-20T20:40:00Z,TAG-U1-CondenserTemp_C,MED,Condenser temp elevated; vacuum risk. Review CW pumps/CT fans.,,TAG-U1-CondenserTemp_C
ALM-202305202055-00694,2023-05-20T20:55:00Z,TAG-U1-CondenserTemp_C,MED,Condenser temp elevated; vacuum risk. Review CW pumps/CT fans.,,TAG-U1-CondenserTemp_C
ALM-202305202350-00695,2023-05-20T23:50:00Z,TAG-U1-CondenserTemp_C,MED,Condenser temp elevated; vacuum risk. Review CW pumps/CT fans.,,TAG-U1-CondenserTemp_C
ALM-202305210210-00696,2023-05-21T02:10:00Z,TAG-U1-CondenserTemp_C,MED,Condenser temp elevated; vacuum risk. Review CW pumps/CT fans.,,TAG-U1-CondenserTemp_C
ALM-202305210315-00697,2023-05-21T03:15:00Z,TAG-U1-CondenserTemp_C,MED,Condenser temp elevated; vacuum risk. Review CW pumps/CT fans.,,TAG-U1-CondenserTemp_C
ALM-202305210340-00698,2023-05-21T03:40:00Z,TAG-U1-CondenserTemp_C,MED,Condenser temp elevated; vacuum risk. Review CW pumps/CT fans.,,TAG-U1-CondenserTemp_C
ALM-202305210605-00699,2023-05-21T06:05:00Z,TAG-U1-CondenserTemp_C,MED,Condenser temp elevated; vacuum risk. Review CW pumps/CT fans.,,TAG-U1-CondenserTemp_C
ALM-202305210635-00700,2023-05-21T06:35:00Z,TAG-U1-CondenserTemp_C,MED,Condenser temp elevated; vacuum risk. Review CW pumps/CT fans.,,TAG-U1-CondenserTemp_C
ALM-202305210940-00701,2023-05-21T09:40:00Z,TAG-U1-CondenserTemp_C,MED,Condenser temp elevated; vacuum risk. Review CW pumps/CT fans.,,TAG-U1-CondenserTemp_C
ALM-202305210945-00702,2023-05-21T09:45:00Z,TAG-U1-CondenserTemp_C,MED,Condenser temp elevated; vacuum risk. Review CW pumps/CT fans.,,TAG-U1-CondenserTemp_C
ALM-202305211100-00703,2023-05-21T11:00:00Z,TAG-U1-CondenserTemp_C,MED,Condenser temp elevated; vacuum risk. Review CW pumps/CT fans.,,TAG-U1-CondenserTemp_C
ALM-202305211405-00704,2023-05-21T14:05:00Z,TAG-U1-CondenserTemp_C,MED,Condenser temp elevated; vacuum risk. Review CW pumps/CT fans.,,TAG-U1-CondenserTemp_C
ALM-202305211425-00705,2023-05-21T14:25:00Z,TAG-U1-CondenserTemp_C,MED,Condenser temp elevated; vacuum risk. Review CW pumps/CT fans.,,TAG-U1-CondenserTemp_C
ALM-202305211450-00706,2023-05-21T14:50:00Z,TAG-U1-CondenserTemp_C,MED,Condenser temp elevated; vacuum risk. Review CW pumps/CT fans.,,TAG-U1-CondenserTemp_C
ALM-202305211905-00707,2023-05-21T19:05:00Z,TAG-U1-CondenserTemp_C,MED,Condenser temp elevated; vacuum risk. Review CW pumps/CT fans.,,TAG-U1-CondenserTemp_C
ALM-202305211920-00708,2023-05-21T19:20:00Z,TAG-U1-CondenserTemp_C,MED,Condenser temp elevated; vacuum risk. Review CW pumps/CT fans.,,TAG-U1-CondenserTemp_C
ALM-202305212215-00709,2023-05-21T22:15:00Z,TAG-U1-CondenserTemp_C,MED,Condenser temp elevated; vacuum risk. Review CW pumps/CT fans.,,TAG-U1-CondenserTemp_C
ALM-202305220000-00710,2023-05-22T00:00:00Z,TAG-U1-CondenserTemp_C,MED,Condenser temp elevated; vacuum risk. Review CW pumps/CT fans.,,TAG-U1-CondenserTemp_C
ALM-202305220030-00711,2023-05-22T00:30:00Z,TAG-U1-CondenserTemp_C,MED,Condenser temp elevated; vacuum risk. Review CW pumps/CT fans.,,TAG-U1-CondenserTemp_C
ALM-202305220225-00712,2023-05-22T02:25:00Z,TAG-U1-CondenserTemp_C,MED,Condenser temp elevated; vacuum risk. Review CW pumps/CT fans.,,TAG-U1-CondenserTemp_C
ALM-202305220255-00713,2023-05-22T02:55:00Z,TAG-U1-CondenserTemp_C,MED,Condenser temp elevated; vacuum risk. Review CW pumps/CT fans.,,TAG-U1-CondenserTemp_C
ALM-202305220305-00714,2023-05-22T03:05:00Z,TAG-U1-CondenserTemp_C,MED,Condenser temp elevated; vacuum risk. Review CW pumps/CT fans.,,TAG-U1-CondenserTemp_C
ALM-202305220630-00715,2023-05-22T06:30:00Z,TAG-U1-CondenserTemp_C,MED,Condenser temp elevated; vacuum risk. Review CW pumps/CT fans.,,TAG-U1-CondenserTemp_C
ALM-202305220830-00716,2023-05-22T08:30:00Z,TAG-U1-CondenserTemp_C,MED,Condenser temp elevated; vacuum risk. Review CW pumps/CT fans.,,TAG-U1-CondenserTemp_C
ALM-202305221025-00717,2023-05-22T10:25:00Z,TAG-U1-CondenserTemp_C,MED,Condenser temp elevated; vacuum risk. Review CW pumps/CT fans.,,TAG-U1-CondenserTemp_C
ALM-202305221030-00718,2023-05-22T10:30:00Z,TAG-U1-CondenserTemp_C,MED,Condenser temp elevated; vacuum risk. Review CW pumps/CT fans.,,TAG-U1-CondenserTemp_C
ALM-202305221625-00719,2023-05-22T16:25:00Z,TAG-U1-CondenserTemp_C,MED,Condenser temp elevated; vacuum risk. Review CW pumps/CT fans.,,TAG-U1-CondenserTemp_C
ALM-202305221730-00720,2023-05-22T17:30:00Z,TAG-U1-CondenserTemp_C,MED,Condenser temp elevated; vacuum risk. Review CW pumps/CT fans.,,TAG-U1-CondenserTemp_C
ALM-202305221810-00721,2023-05-22T18:10:00Z,TAG-U1-CondenserTemp_C,MED,Condenser temp elevated; vacuum risk. Review CW pumps/CT fans.,,TAG-U1-CondenserTemp_C
ALM-202305221900-00722,2023-05-22T19:00:00Z,TAG-U1-CondenserTemp_C,MED,Condenser temp elevated; vacuum risk. Review CW pumps/CT fans.,,TAG-U1-CondenserTemp_C
ALM-202305222015-00723,2023-05-22T20:15:00Z,TAG-U1-CondenserTemp_C,MED,Condenser temp elevated; vacuum risk. Review CW pumps/CT fans.,,TAG-U1-CondenserTemp_C
ALM-202305222105-00724,2023-05-22T21:05:00Z,TAG-U1-CondenserTemp_C,MED,Condenser temp elevated; vacuum risk. Review CW pumps/CT fans.,,TAG-U1-CondenserTemp_C
ALM-202305222145-00725,2023-05-22T21:45:00Z,TAG-U1-CondenserTemp_C,MED,Condenser temp elevated; vacuum risk. Review CW pumps/CT fans.,,TAG-U1-CondenserTemp_C
ALM-202305230250-00726,2023-05-23T02:50:00Z,TAG-U1-CondenserTemp_C,MED,Condenser temp elevated; vacuum risk. Review CW pumps/CT fans.,,TAG-U1-CondenserTemp_C
ALM-202305230355-00727,2023-05-23T03:55:00Z,TAG-U1-CondenserTemp_C,MED,Condenser temp elevated; vacuum risk. Review CW pumps/CT fans.,,TAG-U1-CondenserTemp_C
ALM-202305230550-00728,2023-05-23T05:50:00Z,TAG-U1-CondenserTemp_C,MED,Condenser temp elevated; vacuum risk. Review CW pumps/CT fans.,,TAG-U1-CondenserTemp_C
ALM-202305230630-00729,2023-05-23T06:30:00Z,TAG-U1-CondenserTemp_C,MED,Condenser temp elevated; vacuum risk. Review CW pumps/CT fans.,,TAG-U1-CondenserTemp_C
ALM-202305231225-00730,2023-05-23T12:25:00Z,TAG-U1-CondenserTemp_C,MED,Condenser temp elevated; vacuum risk. Review CW pumps/CT fans.,,TAG-U1-CondenserTemp_C
ALM-202305231345-00731,2023-05-23T13:45:00Z,TAG-U1-CondenserTemp_C,MED,Condenser temp elevated; vacuum risk. Review CW pumps/CT fans.,,TAG-U1-CondenserTemp_C
ALM-202305231355-00732,2023-05-23T13:55:00Z,TAG-U1-CondenserTemp_C,MED,Condenser temp elevated; vacuum risk. Review CW pumps/CT fans.,,TAG-U1-CondenserTemp_C
ALM-202305231820-00733,2023-05-23T18:20:00Z,TAG-U1-CondenserTemp_C,MED,Condenser temp elevated; vacuum risk. Review CW pumps/CT fans.,,TAG-U1-CondenserTemp_C
ALM-202305232055-00734,2023-05-23T20:55:00Z,TAG-U1-CondenserTemp_C,MED,Condenser temp elevated; vacuum risk. Review CW pumps/CT fans.,,TAG-U1-CondenserTemp_C
ALM-202305240130-00735,2023-05-24T01:30:00Z,TAG-U1-CondenserTemp_C,MED,Condenser temp elevated; vacuum risk. Review CW pumps/CT fans.,,TAG-U1-CondenserTemp_C
ALM-202305240145-00736,2023-05-24T01:45:00Z,TAG-U1-CondenserTemp_C,MED,Condenser temp elevated; vacuum risk. Review CW pumps/CT fans.,,TAG-U1-CondenserTemp_C
ALM-202305240200-00737,2023-05-24T02:00:00Z,TAG-U1-CondenserTemp_C,MED,Condenser temp elevated; vacuum risk. Review CW pumps/CT fans.,,TAG-U1-CondenserTemp_C
ALM-202305240250-00738,2023-05-24T02:50:00Z,TAG-U1-CondenserTemp_C,MED,Condenser temp elevated; vacuum risk. Review CW pumps/CT fans.,,TAG-U1-CondenserTemp_C
ALM-202305240320-00739,2023-05-24T03:20:00Z,TAG-U1-CondenserTemp_C,MED,Condenser temp elevated; vacuum risk. Review CW pumps/CT fans.,,TAG-U1-CondenserTemp_C
ALM-202305240330-00740,2023-05-24T03:30:00Z,TAG-U1-CondenserTemp_C,MED,Condenser temp elevated; vacuum risk. Review CW pumps/CT fans.,,TAG-U1-CondenserTemp_C
ALM-202305240645-00741,2023-05-24T06:45:00Z,TAG-U1-CondenserTemp_C,MED,Condenser temp elevated; vacuum risk. Review CW pumps/CT fans.,,TAG-U1-CondenserTemp_C
ALM-202305240910-00742,2023-05-24T09:10:00Z,TAG-U1-CondenserTemp_C,MED,Condenser temp elevated; vacuum risk. Review CW pumps/CT fans.,,TAG-U1-CondenserTemp_C
ALM-202305240915-00743,2023-05-24T09:15:00Z,TAG-U1-CondenserTemp_C,MED,Condenser temp elevated; vacuum risk. Review CW pumps/CT fans.,,TAG-U1-CondenserTemp_C
ALM-202305241020-00744,2023-05-24T10:20:00Z,TAG-U1-CondenserTemp_C,MED,Condenser temp elevated; vacuum risk. Review CW pumps/CT fans.,,TAG-U1-CondenserTemp_C
ALM-202305241240-00745,2023-05-24T12:40:00Z,TAG-U1-CondenserTemp_C,MED,Condenser temp elevated; vacuum risk. Review CW pumps/CT fans.,,TAG-U1-CondenserTemp_C
ALM-202305241445-00746,2023-05-24T14:45:00Z,TAG-U1-CondenserTemp_C,MED,Condenser temp elevated; vacuum risk. Review CW pumps/CT fans.,,TAG-U1-CondenserTemp_C
ALM-202305241600-00747,2023-05-24T16:00:00Z,TAG-U1-CondenserTemp_C,MED,Condenser temp elevated; vacuum risk. Review CW pumps/CT fans.,,TAG-U1-CondenserTemp_C
ALM-202305241630-00748,2023-05-24T16:30:00Z,TAG-U1-CondenserTemp_C,MED,Condenser temp elevated; vacuum risk. Review CW pumps/CT fans.,,TAG-U1-CondenserTemp_C
ALM-202305242050-00749,2023-05-24T20:50:00Z,TAG-U1-CondenserTemp_C,MED,Condenser temp elevated; vacuum risk. Review CW pumps/CT fans.,,TAG-U1-CondenserTemp_C
ALM-202305250120-00750,2023-05-25T01:20:00Z,TAG-U1-CondenserTemp_C,MED,Condenser temp elevated; vacuum risk. Review CW pumps/CT fans.,,TAG-U1-CondenserTemp_C
ALM-202305250235-00751,2023-05-25T02:35:00Z,TAG-U1-CondenserTemp_C,MED,Condenser temp elevated; vacuum risk. Review CW pumps/CT fans.,,TAG-U1-CondenserTemp_C
ALM-202305250540-00752,2023-05-25T05:40:00Z,TAG-U1-CondenserTemp_C,MED,Condenser temp elevated; vacuum risk. Review CW pumps/CT fans.,,TAG-U1-CondenserTemp_C
ALM-202305250735-00753,2023-05-25T07:35:00Z,TAG-U1-CondenserTemp_C,MED,Condenser temp elevated; vacuum risk. Review CW pumps/CT fans.,,TAG-U1-CondenserTemp_C
ALM-202305250950-00754,2023-05-25T09:50:00Z,TAG-U1-CondenserTemp_C,MED,Condenser temp elevated; vacuum risk. Review CW pumps/CT fans.,,TAG-U1-CondenserTemp_C
ALM-202305251130-00755,2023-05-25T11:30:00Z,TAG-U1-CondenserTemp_C,MED,Condenser temp elevated; vacuum risk. Review CW pumps/CT fans.,,TAG-U1-CondenserTemp_C
ALM-202305251140-00756,2023-05-25T11:40:00Z,TAG-U1-CondenserTemp_C,MED,Condenser temp elevated; vacuum risk. Review CW pumps/CT fans.,,TAG-U1-CondenserTemp_C
ALM-202305251200-00757,2023-05-25T12:00:00Z,TAG-U1-CondenserTemp_C,MED,Condenser temp elevated; vacuum risk. Review CW pumps/CT fans.,,TAG-U1-CondenserTemp_C
ALM-202305251530-00758,2023-05-25T15:30:00Z,TAG-U1-CondenserTemp_C,MED,Condenser temp elevated; vacuum risk. Review CW pumps/CT fans.,,TAG-U1-CondenserTemp_C
ALM-202305251930-00759,2023-05-25T19:30:00Z,TAG-U1-CondenserTemp_C,MED,Condenser temp elevated; vacuum risk. Review CW pumps/CT fans.,,TAG-U1-CondenserTemp_C
ALM-202305252245-00760,2023-05-25T22:45:00Z,TAG-U1-CondenserTemp_C,MED,Condenser temp elevated; vacuum risk. Review CW pumps/CT fans.,,TAG-U1-CondenserTemp_C
ALM-202305252355-00761,2023-05-25T23:55:00Z,TAG-U1-CondenserTemp_C,MED,Condenser temp elevated; vacuum risk. Review CW pumps/CT fans.,,TAG-U1-CondenserTemp_C
ALM-202305261250-00762,2023-05-26T12:50:00Z,TAG-U1-CondenserTemp_C,MED,Condenser temp elevated; vacuum risk. Review CW pumps/CT fans.,,TAG-U1-CondenserTemp_C
ALM-202305261320-00763,2023-05-26T13:20:00Z,TAG-U1-CondenserTemp_C,MED,Condenser temp elevated; vacuum risk. Review CW pumps/CT fans.,,TAG-U1-CondenserTemp_C
ALM-202305261545-00764,2023-05-26T15:45:00Z,TAG-U1-CondenserTemp_C,MED,Condenser temp elevated; vacuum risk. Review CW pumps/CT fans.,,TAG-U1-CondenserTemp_C
ALM-202305261800-00765,2023-05-26T18:00:00Z,TAG-U1-CondenserTemp_C,MED,Condenser temp elevated; vacuum risk. Review CW pumps/CT fans.,,TAG-U1-CondenserTemp_C
ALM-202305261805-00766,2023-05-26T18:05:00Z,TAG-U1-CondenserTemp_C,MED,Condenser temp elevated; vacuum risk. Review CW pumps/CT fans.,,TAG-U1-CondenserTemp_C
ALM-202305261855-00767,2023-05-26T18:55:00Z,TAG-U1-CondenserTemp_C,MED,Condenser temp elevated; vacuum risk. Review CW pumps/CT fans.,,TAG-U1-CondenserTemp_C
ALM-202305262205-00768,2023-05-26T22:05:00Z,TAG-U1-CondenserTemp_C,MED,Condenser temp elevated; vacuum risk. Review CW pumps/CT fans.,,TAG-U1-CondenserTemp_C
ALM-202305262315-00769,2023-05-26T23:15:00Z,TAG-U1-CondenserTemp_C,MED,Condenser temp elevated; vacuum risk. Review CW pumps/CT fans.,,TAG-U1-CondenserTemp_C
ALM-202305270215-00770,2023-05-27T02:15:00Z,TAG-U1-CondenserTemp_C,MED,Condenser temp elevated; vacuum risk. Review CW pumps/CT fans.,,TAG-U1-CondenserTemp_C
ALM-202305270250-00771,2023-05-27T02:50:00Z,TAG-U1-CondenserTemp_C,MED,Condenser temp elevated; vacuum risk. Review CW pumps/CT fans.,,TAG-U1-CondenserTemp_C
ALM-202305270355-00772,2023-05-27T03:55:00Z,TAG-U1-CondenserTemp_C,MED,Condenser temp elevated; vacuum risk. Review CW pumps/CT fans.,,TAG-U1-CondenserTemp_C
ALM-202305270520-00773,2023-05-27T05:20:00Z,TAG-U1-CondenserTemp_C,MED,Condenser temp elevated; vacuum risk. Review CW pumps/CT fans.,,TAG-U1-CondenserTemp_C
ALM-202305270555-00774,2023-05-27T05:55:00Z,TAG-U1-CondenserTemp_C,MED,Condenser temp elevated; vacuum risk. Review CW pumps/CT fans.,,TAG-U1-CondenserTemp_C
ALM-202305270640-00775,2023-05-27T06:40:00Z,TAG-U1-CondenserTemp_C,MED,Condenser temp elevated; vacuum risk. Review CW pumps/CT fans.,,TAG-U1-CondenserTemp_C
ALM-202305270650-00776,2023-05-27T06:50:00Z,TAG-U1-CondenserTemp_C,MED,Condenser temp elevated; vacuum risk. Review CW pumps/CT fans.,,TAG-U1-CondenserTemp_C
ALM-202305270850-00777,2023-05-27T08:50:00Z,TAG-U1-CondenserTemp_C,MED,Condenser temp elevated; vacuum risk. Review CW pumps/CT fans.,,TAG-U1-CondenserTemp_C
ALM-202305270905-00778,2023-05-27T09:05:00Z,TAG-U1-CondenserTemp_C,MED,Condenser temp elevated; vacuum risk. Review CW pumps/CT fans.,,TAG-U1-CondenserTemp_C
ALM-202305270925-00779,2023-05-27T09:25:00Z,TAG-U1-CondenserTemp_C,MED,Condenser temp elevated; vacuum risk. Review CW pumps/CT fans.,,TAG-U1-CondenserTemp_C
ALM-202305271000-00780,2023-05-27T10:00:00Z,TAG-U1-CondenserTemp_C,MED,Condenser temp elevated; vacuum risk. Review CW pumps/CT fans.,,TAG-U1-CondenserTemp_C
ALM-202305271115-00781,2023-05-27T11:15:00Z,TAG-U1-CondenserTemp_C,MED,Condenser temp elevated; vacuum risk. Review CW pumps/CT fans.,,TAG-U1-CondenserTemp_C
ALM-202305271155-00782,2023-05-27T11:55:00Z,TAG-U1-CondenserTemp_C,MED,Condenser temp elevated; vacuum risk. Review CW pumps/CT fans.,,TAG-U1-CondenserTemp_C
ALM-202305271725-00783,2023-05-27T17:25:00Z,TAG-U1-CondenserTemp_C,MED,Condenser temp elevated; vacuum risk. Review CW pumps/CT fans.,,TAG-U1-CondenserTemp_C
ALM-202305271745-00784,2023-05-27T17:45:00Z,TAG-U1-CondenserTemp_C,MED,Condenser temp elevated; vacuum risk. Review CW pumps/CT fans.,,TAG-U1-CondenserTemp_C
ALM-202305271750-00785,2023-05-27T17:50:00Z,TAG-U1-CondenserTemp_C,MED,Condenser temp elevated; vacuum risk. Review CW pumps/CT fans.,,TAG-U1-CondenserTemp_C
ALM-202305271825-00786,2023-05-27T18:25:00Z,TAG-U1-CondenserTemp_C,MED,Condenser temp elevated; vacuum risk. Review CW pumps/CT fans.,,TAG-U1-CondenserTemp_C
ALM-202305271920-00787,2023-05-27T19:20:00Z,TAG-U1-CondenserTemp_C,MED,Condenser temp elevated; vacuum risk. Review CW pumps/CT fans.,,TAG-U1-CondenserTemp_C
ALM-202305271940-00788,2023-05-27T19:40:00Z,TAG-U1-CondenserTemp_C,MED,Condenser temp elevated; vacuum risk. Review CW pumps/CT fans.,,TAG-U1-CondenserTemp_C
ALM-202305272300-00789,2023-05-27T23:00:00Z,TAG-U1-CondenserTemp_C,MED,Condenser temp elevated; vacuum risk. Review CW pumps/CT fans.,,TAG-U1-CondenserTemp_C
ALM-202305272310-00790,2023-05-27T23:10:00Z,TAG-U1-CondenserTemp_C,MED,Condenser temp elevated; vacuum risk. Review CW pumps/CT fans.,,TAG-U1-CondenserTemp_C
ALM-202305280220-00791,2023-05-28T02:20:00Z,TAG-U1-CondenserTemp_C,MED,Condenser temp elevated; vacuum risk. Review CW pumps/CT fans.,,TAG-U1-CondenserTemp_C
ALM-202305280540-00792,2023-05-28T05:40:00Z,TAG-U1-CondenserTemp_C,MED,Condenser temp elevated; vacuum risk. Review CW pumps/CT fans.,,TAG-U1-CondenserTemp_C
ALM-202305280610-00793,2023-05-28T06:10:00Z,TAG-U1-CondenserTemp_C,MED,Condenser temp elevated; vacuum risk. Review CW pumps/CT fans.,,TAG-U1-CondenserTemp_C
ALM-202305280640-00794,2023-05-28T06:40:00Z,TAG-U1-CondenserTemp_C,MED,Condenser temp elevated; vacuum risk. Review CW pumps/CT fans.,,TAG-U1-CondenserTemp_C
ALM-202305280710-00795,2023-05-28T07:10:00Z,TAG-U1-CondenserTemp_C,MED,Condenser temp elevated; vacuum risk. Review CW pumps/CT fans.,,TAG-U1-CondenserTemp_C
ALM-202305280950-00796,2023-05-28T09:50:00Z,TAG-U1-CondenserTemp_C,MED,Condenser temp elevated; vacuum risk. Review CW pumps/CT fans.,,TAG-U1-CondenserTemp_C
ALM-202305281235-00797,2023-05-28T12:35:00Z,TAG-U1-CondenserTemp_C,MED,Condenser temp elevated; vacuum risk. Review CW pumps/CT fans.,,TAG-U1-CondenserTemp_C
ALM-202305281535-00798,2023-05-28T15:35:00Z,TAG-U1-CondenserTemp_C,MED,Condenser temp elevated; vacuum risk. Review CW pumps/CT fans.,,TAG-U1-CondenserTemp_C
ALM-202305281550-00799,2023-05-28T15:50:00Z,TAG-U1-CondenserTemp_C,MED,Condenser temp elevated; vacuum risk. Review CW pumps/CT fans.,,TAG-U1-CondenserTemp_C
ALM-202305281710-00800,2023-05-28T17:10:00Z,TAG-U1-CondenserTemp_C,MED,Condenser temp elevated; vacuum risk. Review CW pumps/CT fans.,,TAG-U1-CondenserTemp_C
ALM-202305281920-00801,2023-05-28T19:20:00Z,TAG-U1-CondenserTemp_C,MED,Condenser temp elevated; vacuum risk. Review CW pumps/CT fans.,,TAG-U1-CondenserTemp_C
ALM-202305282030-00802,2023-05-28T20:30:00Z,TAG-U1-CondenserTemp_C,MED,Condenser temp elevated; vacuum risk. Review CW pumps/CT fans.,,TAG-U1-CondenserTemp_C
ALM-202305282205-00803,2023-05-28T22:05:00Z,TAG-U1-CondenserTemp_C,MED,Condenser temp elevated; vacuum risk. Review CW pumps/CT fans.,,TAG-U1-CondenserTemp_C
ALM-202305282325-00804,2023-05-28T23:25:00Z,TAG-U1-CondenserTemp_C,MED,Condenser temp elevated; vacuum risk. Review CW pumps/CT fans.,,TAG-U1-CondenserTemp_C
ALM-202305290335-00805,2023-05-29T03:35:00Z,TAG-U1-CondenserTemp_C,MED,Condenser temp elevated; vacuum risk. Review CW pumps/CT fans.,,TAG-U1-CondenserTemp_C
ALM-202305290405-00806,2023-05-29T04:05:00Z,TAG-U1-CondenserTemp_C,MED,Condenser temp elevated; vacuum risk. Review CW pumps/CT fans.,,TAG-U1-CondenserTemp_C
ALM-202305290535-00807,2023-05-29T05:35:00Z,TAG-U1-CondenserTemp_C,MED,Condenser temp elevated; vacuum risk. Review CW pumps/CT fans.,,TAG-U1-CondenserTemp_C
ALM-202305290810-00808,2023-05-29T08:10:00Z,TAG-U1-CondenserTemp_C,MED,Condenser temp elevated; vacuum risk. Review CW pumps/CT fans.,,TAG-U1-CondenserTemp_C
ALM-202305291255-00809,2023-05-29T12:55:00Z,TAG-U1-CondenserTemp_C,MED,Condenser temp elevated; vacuum risk. Review CW pumps/CT fans.,,TAG-U1-CondenserTemp_C
ALM-202305291455-00810,2023-05-29T14:55:00Z,TAG-U1-CondenserTemp_C,MED,Condenser temp elevated; vacuum risk. Review CW pumps/CT fans.,,TAG-U1-CondenserTemp_C
ALM-202305291710-00811,2023-05-29T17:10:00Z,TAG-U1-CondenserTemp_C,MED,Condenser temp elevated; vacuum risk. Review CW pumps/CT fans.,,TAG-U1-CondenserTemp_C
ALM-202305292020-00812,2023-05-29T20:20:00Z,TAG-U1-CondenserTemp_C,MED,Condenser temp elevated; vacuum risk. Review CW pumps/CT fans.,,TAG-U1-CondenserTemp_C
ALM-202305292045-00813,2023-05-29T20:45:00Z,TAG-U1-CondenserTemp_C,MED,Condenser temp elevated; vacuum risk. Review CW pumps/CT fans.,,TAG-U1-CondenserTemp_C
ALM-202305292100-00814,2023-05-29T21:00:00Z,TAG-U1-CondenserTemp_C,MED,Condenser temp elevated; vacuum risk. Review CW pumps/CT fans.,,TAG-U1-CondenserTemp_C
ALM-202305300140-00815,2023-05-30T01:40:00Z,TAG-U1-CondenserTemp_C,MED,Condenser temp elevated; vacuum risk. Review CW pumps/CT fans.,,TAG-U1-CondenserTemp_C
ALM-202305300455-00816,2023-05-30T04:55:00Z,TAG-U1-CondenserTemp_C,MED,Condenser temp elevated; vacuum risk. Review CW pumps/CT fans.,,TAG-U1-CondenserTemp_C
ALM-202305300535-00817,2023-05-30T05:35:00Z,TAG-U1-CondenserTemp_C,MED,Condenser temp elevated; vacuum risk. Review CW pumps/CT fans.,,TAG-U1-CondenserTemp_C
ALM-202305300755-00818,2023-05-30T07:55:00Z,TAG-U1-CondenserTemp_C,MED,Condenser temp elevated; vacuum risk. Review CW pumps/CT fans.,,TAG-U1-CondenserTemp_C
ALM-202305300935-00819,2023-05-30T09:35:00Z,TAG-U1-CondenserTemp_C,MED,Condenser temp elevated; vacuum risk. Review CW pumps/CT fans.,,TAG-U1-CondenserTemp_C
ALM-202305301005-00820,2023-05-30T10:05:00Z,TAG-U1-CondenserTemp_C,MED,Condenser temp elevated; vacuum risk. Review CW pumps/CT fans.,,TAG-U1-CondenserTemp_C
ALM-202305301015-00821,2023-05-30T10:15:00Z,TAG-U1-CondenserTemp_C,MED,Condenser temp elevated; vacuum risk. Review CW pumps/CT fans.,,TAG-U1-CondenserTemp_C
ALM-202305301025-00822,2023-05-30T10:25:00Z,TAG-U1-CondenserTemp_C,MED,Condenser temp elevated; vacuum risk. Review CW pumps/CT fans.,,TAG-U1-CondenserTemp_C
ALM-202305301055-00823,2023-05-30T10:55:00Z,TAG-U1-CondenserTemp_C,MED,Condenser temp elevated; vacuum risk. Review CW pumps/CT fans.,,TAG-U1-CondenserTemp_C
ALM-202305301355-00824,2023-05-30T13:55:00Z,TAG-U1-CondenserTemp_C,MED,Condenser temp elevated; vacuum risk. Review CW pumps/CT fans.,,TAG-U1-CondenserTemp_C
ALM-202305301525-00825,2023-05-30T15:25:00Z,TAG-U1-CondenserTemp_C,MED,Condenser temp elevated; vacuum risk. Review CW pumps/CT fans.,,TAG-U1-CondenserTemp_C
ALM-202305302000-00826,2023-05-30T20:00:00Z,TAG-U1-CondenserTemp_C,MED,Condenser temp elevated; vacuum risk. Review CW pumps/CT fans.,,TAG-U1-CondenserTemp_C
ALM-202305302010-00827,2023-05-30T20:10:00Z,TAG-U1-CondenserTemp_C,MED,Condenser temp elevated; vacuum risk. Review CW pumps/CT fans.,,TAG-U1-CondenserTemp_C
ALM-202305302305-00828,2023-05-30T23:05:00Z,TAG-U1-CondenserTemp_C,MED,Condenser temp elevated; vacuum risk. Review CW pumps/CT fans.,,TAG-U1-CondenserTemp_C
ALM-202305310130-00829,2023-05-31T01:30:00Z,TAG-U1-CondenserTemp_C,MED,Condenser temp elevated; vacuum risk. Review CW pumps/CT fans.,,TAG-U1-CondenserTemp_C
ALM-202305310305-00830,2023-05-31T03:05:00Z,TAG-U1-CondenserTemp_C,MED,Condenser temp elevated; vacuum risk. Review CW pumps/CT fans.,,TAG-U1-CondenserTemp_C
ALM-202305310345-00831,2023-05-31T03:45:00Z,TAG-U1-CondenserTemp_C,MED,Condenser temp elevated; vacuum risk. Review CW pumps/CT fans.,,TAG-U1-CondenserTemp_C
ALM-202305310400-00832,2023-05-31T04:00:00Z,TAG-U1-CondenserTemp_C,MED,Condenser temp elevated; vacuum risk. Review CW pumps/CT fans.,,TAG-U1-CondenserTemp_C
ALM-202305310505-00833,2023-05-31T05:05:00Z,TAG-U1-CondenserTemp_C,MED,Condenser temp elevated; vacuum risk. Review CW pumps/CT fans.,,TAG-U1-CondenserTemp_C
ALM-202305312010-00834,2023-05-31T20:10:00Z,TAG-U1-CondenserTemp_C,MED,Condenser temp elevated; vacuum risk. Review CW pumps/CT fans.,,TAG-U1-CondenserTemp_C
ALM-202305312050-00835,2023-05-31T20:50:00Z,TAG-U1-CondenserTemp_C,MED,Condenser temp elevated; vacuum risk. Review CW pumps/CT fans.,,TAG-U1-CondenserTemp_C
ALM-202305312115-00836,2023-05-31T21:15:00Z,TAG-U1-CondenserTemp_C,MED,Condenser temp elevated; vacuum risk. Review CW pumps/CT fans.,,TAG-U1-CondenserTemp_C
ALM-202306010020-00837,2023-06-01T00:20:00Z,TAG-U1-CondenserTemp_C,MED,Condenser temp elevated; vacuum risk. Review CW pumps/CT fans.,,TAG-U1-CondenserTemp_C
ALM-202306010225-00838,2023-06-01T02:25:00Z,TAG-U1-CondenserTemp_C,MED,Condenser temp elevated; vacuum risk. Review CW pumps/CT fans.,,TAG-U1-CondenserTemp_C
ALM-202306010350-00839,2023-06-01T03:50:00Z,TAG-U1-CondenserTemp_C,MED,Condenser temp elevated; vacuum risk. Review CW pumps/CT fans.,,TAG-U1-CondenserTemp_C
ALM-202306010435-00840,2023-06-01T04:35:00Z,TAG-U1-CondenserTemp_C,MED,Condenser temp elevated; vacuum risk. Review CW pumps/CT fans.,,TAG-U1-CondenserTemp_C
ALM-202306010525-00841,2023-06-01T05:25:00Z,TAG-U1-CondenserTemp_C,MED,Condenser temp elevated; vacuum risk. Review CW pumps/CT fans.,,TAG-U1-CondenserTemp_C
ALM-202306010925-00842,2023-06-01T09:25:00Z,TAG-U1-CondenserTemp_C,MED,Condenser temp elevated; vacuum risk. Review CW pumps/CT fans.,,TAG-U1-CondenserTemp_C
ALM-202306011045-00843,2023-06-01T10:45:00Z,TAG-U1-CondenserTemp_C,MED,Condenser temp elevated; vacuum risk. Review CW pumps/CT fans.,,TAG-U1-CondenserTemp_C
ALM-202306011110-00844,2023-06-01T11:10:00Z,TAG-U1-CondenserTemp_C,MED,Condenser temp elevated; vacuum risk. Review CW pumps/CT fans.,,TAG-U1-CondenserTemp_C
ALM-202306011230-00845,2023-06-01T12:30:00Z,TAG-U1-CondenserTemp_C,MED,Condenser temp elevated; vacuum risk. Review CW pumps/CT fans.,,TAG-U1-CondenserTemp_C
ALM-202306011335-00846,2023-06-01T13:35:00Z,TAG-U1-CondenserTemp_C,MED,Condenser temp elevated; vacuum risk. Review CW pumps/CT fans.,,TAG-U1-CondenserTemp_C
ALM-202306011405-00847,2023-06-01T14:05:00Z,TAG-U1-CondenserTemp_C,MED,Condenser temp elevated; vacuum risk. Review CW pumps/CT fans.,,TAG-U1-CondenserTemp_C
ALM-202306011530-00848,2023-06-01T15:30:00Z,TAG-U1-CondenserTemp_C,MED,Condenser temp elevated; vacuum risk. Review CW pumps/CT fans.,,TAG-U1-CondenserTemp_C
ALM-202306011605-00849,2023-06-01T16:05:00Z,TAG-U1-CondenserTemp_C,MED,Condenser temp elevated; vacuum risk. Review CW pumps/CT fans.,,TAG-U1-CondenserTemp_C
ALM-202306011940-00850,2023-06-01T19:40:00Z,TAG-U1-CondenserTemp_C,MED,Condenser temp elevated; vacuum risk. Review CW pumps/CT fans.,,TAG-U1-CondenserTemp_C
ALM-202306012120-00851,2023-06-01T21:20:00Z,TAG-U1-CondenserTemp_C,MED,Condenser temp elevated; vacuum risk. Review CW pumps/CT fans.,,TAG-U1-CondenserTemp_C
ALM-202306012215-00852,2023-06-01T22:15:00Z,TAG-U1-CondenserTemp_C,MED,Condenser temp elevated; vacuum risk. Review CW pumps/CT fans.,,TAG-U1-CondenserTemp_C
ALM-202306020350-00853,2023-06-02T03:50:00Z,TAG-U1-CondenserTemp_C,MED,Condenser temp elevated; vacuum risk. Review CW pumps/CT fans.,,TAG-U1-CondenserTemp_C
ALM-202306020405-00854,2023-06-02T04:05:00Z,TAG-U1-CondenserTemp_C,MED,Condenser temp elevated; vacuum risk. Review CW pumps/CT fans.,,TAG-U1-CondenserTemp_C
ALM-202306020540-00855,2023-06-02T05:40:00Z,TAG-U1-CondenserTemp_C,MED,Condenser temp elevated; vacuum risk. Review CW pumps/CT fans.,,TAG-U1-CondenserTemp_C
ALM-202306020735-00856,2023-06-02T07:35:00Z,TAG-U1-CondenserTemp_C,MED,Condenser temp elevated; vacuum risk. Review CW pumps/CT fans.,,TAG-U1-CondenserTemp_C
ALM-202306020815-00857,2023-06-02T08:15:00Z,TAG-U1-CondenserTemp_C,MED,Condenser temp elevated; vacuum risk. Review CW pumps/CT fans.,,TAG-U1-CondenserTemp_C
ALM-202306021055-00858,2023-06-02T10:55:00Z,TAG-U1-CondenserTemp_C,MED,Condenser temp elevated; vacuum risk. Review CW pumps/CT fans.,,TAG-U1-CondenserTemp_C
ALM-202306021145-00859,2023-06-02T11:45:00Z,TAG-U1-CondenserTemp_C,MED,Condenser temp elevated; vacuum risk. Review CW pumps/CT fans.,,TAG-U1-CondenserTemp_C
ALM-202306021605-00860,2023-06-02T16:05:00Z,TAG-U1-CondenserTemp_C,MED,Condenser temp elevated; vacuum risk. Review CW pumps/CT fans.,,TAG-U1-CondenserTemp_C
ALM-202306022010-00861,2023-06-02T20:10:00Z,TAG-U1-CondenserTemp_C,MED,Condenser temp elevated; vacuum risk. Review CW pumps/CT fans.,,TAG-U1-CondenserTemp_C
ALM-202306022040-00862,2023-06-02T20:40:00Z,TAG-U1-CondenserTemp_C,MED,Condenser temp elevated; vacuum risk. Review CW pumps/CT fans.,,TAG-U1-CondenserTemp_C
ALM-202306022345-00863,2023-06-02T23:45:00Z,TAG-U1-CondenserTemp_C,MED,Condenser temp elevated; vacuum risk. Review CW pumps/CT fans.,,TAG-U1-CondenserTemp_C
ALM-202306030010-00864,2023-06-03T00:10:00Z,TAG-U1-CondenserTemp_C,MED,Condenser temp elevated; vacuum risk. Review CW pumps/CT fans.,,TAG-U1-CondenserTemp_C
ALM-202306030015-00865,2023-06-03T00:15:00Z,TAG-U1-CondenserTemp_C,MED,Condenser temp elevated; vacuum risk. Review CW pumps/CT fans.,,TAG-U1-CondenserTemp_C
ALM-202306030025-00866,2023-06-03T00:25:00Z,TAG-U1-CondenserTemp_C,MED,Condenser temp elevated; vacuum risk. Review CW pumps/CT fans.,,TAG-U1-CondenserTemp_C
ALM-202306030050-00867,2023-06-03T00:50:00Z,TAG-U1-CondenserTemp_C,MED,Condenser temp elevated; vacuum risk. Review CW pumps/CT fans.,,TAG-U1-CondenserTemp_C
ALM-202306030300-00868,2023-06-03T03:00:00Z,TAG-U1-CondenserTemp_C,MED,Condenser temp elevated; vacuum risk. Review CW pumps/CT fans.,,TAG-U1-CondenserTemp_C
ALM-202306030350-00869,2023-06-03T03:50:00Z,TAG-U1-CondenserTemp_C,MED,Condenser temp elevated; vacuum risk. Review CW pumps/CT fans.,,TAG-U1-CondenserTemp_C
ALM-202306030520-00870,2023-06-03T05:20:00Z,TAG-U1-CondenserTemp_C,MED,Condenser temp elevated; vacuum risk. Review CW pumps/CT fans.,,TAG-U1-CondenserTemp_C
ALM-202306030935-00871,2023-06-03T09:35:00Z,TAG-U1-CondenserTemp_C,MED,Condenser temp elevated; vacuum risk. Review CW pumps/CT fans.,,TAG-U1-CondenserTemp_C
ALM-202306031135-00872,2023-06-03T11:35:00Z,TAG-U1-CondenserTemp_C,MED,Condenser temp elevated; vacuum risk. Review CW pumps/CT fans.,,TAG-U1-CondenserTemp_C
ALM-202306031300-00873,2023-06-03T13:00:00Z,TAG-U1-CondenserTemp_C,MED,Condenser temp elevated; vacuum risk. Review CW pumps/CT fans.,,TAG-U1-CondenserTemp_C
ALM-202306031410-00874,2023-06-03T14:10:00Z,TAG-U1-CondenserTemp_C,MED,Condenser temp elevated; vacuum risk. Review CW pumps/CT fans.,,TAG-U1-CondenserTemp_C
ALM-202306031440-00875,2023-06-03T14:40:00Z,TAG-U1-CondenserTemp_C,MED,Condenser temp elevated; vacuum risk. Review CW pumps/CT fans.,,TAG-U1-CondenserTemp_C
ALM-202306031530-00876,2023-06-03T15:30:00Z,TAG-U1-CondenserTemp_C,MED,Condenser temp elevated; vacuum risk. Review CW pumps/CT fans.,,TAG-U1-CondenserTemp_C
ALM-202306031535-00877,2023-06-03T15:35:00Z,TAG-U1-CondenserTemp_C,MED,Condenser temp elevated; vacuum risk. Review CW pumps/CT fans.,,TAG-U1-CondenserTemp_C
ALM-202306031940-00878,2023-06-03T19:40:00Z,TAG-U1-CondenserTemp_C,MED,Condenser temp elevated; vacuum risk. Review CW pumps/CT fans.,,TAG-U1-CondenserTemp_C
ALM-202306032140-00879,2023-06-03T21:40:00Z,TAG-U1-CondenserTemp_C,MED,Condenser temp elevated; vacuum risk. Review CW pumps/CT fans.,,TAG-U1-CondenserTemp_C
ALM-202306032220-00880,2023-06-03T22:20:00Z,TAG-U1-CondenserTemp_C,MED,Condenser temp elevated; vacuum risk. Review CW pumps/CT fans.,,TAG-U1-CondenserTemp_C
ALM-202306032315-00881,2023-06-03T23:15:00Z,TAG-U1-CondenserTemp_C,MED,Condenser temp elevated; vacuum risk. Review CW pumps/CT fans.,,TAG-U1-CondenserTemp_C
ALM-202306040115-00882,2023-06-04T01:15:00Z,TAG-U1-CondenserTemp_C,MED,Condenser temp elevated; vacuum risk. Review CW pumps/CT fans.,,TAG-U1-CondenserTemp_C
ALM-202306040145-00883,2023-06-04T01:45:00Z,TAG-U1-CondenserTemp_C,MED,Condenser temp elevated; vacuum risk. Review CW pumps/CT fans.,,TAG-U1-CondenserTemp_C
ALM-202306040430-00884,2023-06-04T04:30:00Z,TAG-U1-CondenserTemp_C,MED,Condenser temp elevated; vacuum risk. Review CW pumps/CT fans.,,TAG-U1-CondenserTemp_C
ALM-202306040500-00885,2023-06-04T05:00:00Z,TAG-U1-CondenserTemp_C,MED,Condenser temp elevated; vacuum risk. Review CW pumps/CT fans.,,TAG-U1-CondenserTemp_C
ALM-202306040745-00886,2023-06-04T07:45:00Z,TAG-U1-CondenserTemp_C,MED,Condenser temp elevated; vacuum risk. Review CW pumps/CT fans.,,TAG-U1-CondenserTemp_C
ALM-202306040920-00887,2023-06-04T09:20:00Z,TAG-U1-CondenserTemp_C,MED,Condenser temp elevated; vacuum risk. Review CW pumps/CT fans.,,TAG-U1-CondenserTemp_C
ALM-202306041455-00888,2023-06-04T14:55:00Z,TAG-U1-CondenserTemp_C,MED,Condenser temp elevated; vacuum risk. Review CW pumps/CT fans.,,TAG-U1-CondenserTemp_C
ALM-202306041515-00889,2023-06-04T15:15:00Z,TAG-U1-CondenserTemp_C,MED,Condenser temp elevated; vacuum risk. Review CW pumps/CT fans.,,TAG-U1-CondenserTemp_C
ALM-202306041530-00890,2023-06-04T15:30:00Z,TAG-U1-CondenserTemp_C,MED,Condenser temp elevated; vacuum risk. Review CW pumps/CT fans.,,TAG-U1-CondenserTemp_C
ALM-202306041605-00891,2023-06-04T16:05:00Z,TAG-U1-CondenserTemp_C,MED,Condenser temp elevated; vacuum risk. Review CW pumps/CT fans.,,TAG-U1-CondenserTemp_C
ALM-202306041640-00892,2023-06-04T16:40:00Z,TAG-U1-CondenserTemp_C,MED,Condenser temp elevated; vacuum risk. Review CW pumps/CT fans.,,TAG-U1-CondenserTemp_C
ALM-202306041810-00893,2023-06-04T18:10:00Z,TAG-U1-CondenserTemp_C,MED,Condenser temp elevated; vacuum risk. Review CW pumps/CT fans.,,TAG-U1-CondenserTemp_C
ALM-202306041820-00894,2023-06-04T18:20:00Z,TAG-U1-CondenserTemp_C,MED,Condenser temp elevated; vacuum risk. Review CW pumps/CT fans.,,TAG-U1-CondenserTemp_C
ALM-202306041835-00895,2023-06-04T18:35:00Z,TAG-U1-CondenserTemp_C,MED,Condenser temp elevated; vacuum risk. Review CW pumps/CT fans.,,TAG-U1-CondenserTemp_C
ALM-202306041840-00896,2023-06-04T18:40:00Z,TAG-U1-CondenserTemp_C,MED,Condenser temp elevated; vacuum risk. Review CW pumps/CT fans.,,TAG-U1-CondenserTemp_C
ALM-202306042015-00897,2023-06-04T20:15:00Z,TAG-U1-CondenserTemp_C,MED,Condenser temp elevated; vacuum risk. Review CW pumps/CT fans.,,TAG-U1-CondenserTemp_C
ALM-202306050025-00898,2023-06-05T00:25:00Z,TAG-U1-CondenserTemp_C,MED,Condenser temp elevated; vacuum risk. Review CW pumps/CT fans.,,TAG-U1-CondenserTemp_C
ALM-202306050505-00899,2023-06-05T05:05:00Z,TAG-U1-CondenserTemp_C,MED,Condenser temp elevated; vacuum risk. Review CW pumps/CT fans.,,TAG-U1-CondenserTemp_C
ALM-202306050725-00900,2023-06-05T07:25:00Z,TAG-U1-CondenserTemp_C,MED,Condenser temp elevated; vacuum risk. Review CW pumps/CT fans.,,TAG-U1-CondenserTemp_C
ALM-202306050935-00901,2023-06-05T09:35:00Z,TAG-U1-CondenserTemp_C,MED,Condenser temp elevated; vacuum risk. Review CW pumps/CT fans.,,TAG-U1-CondenserTemp_C
ALM-202306051005-00902,2023-06-05T10:05:00Z,TAG-U1-CondenserTemp_C,MED,Condenser temp elevated; vacuum risk. Review CW pumps/CT fans.,,TAG-U1-CondenserTemp_C
ALM-202306051020-00903,2023-06-05T10:20:00Z,TAG-U1-CondenserTemp_C,MED,Condenser temp elevated; vacuum risk. Review CW pumps/CT fans.,,TAG-U1-CondenserTemp_C
ALM-202306051045-00904,2023-06-05T10:45:00Z,TAG-U1-CondenserTemp_C,MED,Condenser temp elevated; vacuum risk. Review CW pumps/CT fans.,,TAG-U1-CondenserTemp_C
ALM-202306051210-00905,2023-06-05T12:10:00Z,TAG-U1-CondenserTemp_C,MED,Condenser temp elevated; vacuum risk. Review CW pumps/CT fans.,,TAG-U1-CondenserTemp_C
ALM-202306051220-00906,2023-06-05T12:20:00Z,TAG-U1-CondenserTemp_C,MED,Condenser temp elevated; vacuum risk. Review CW pumps/CT fans.,,TAG-U1-CondenserTemp_C
ALM-202306051225-00907,2023-06-05T12:25:00Z,TAG-U1-CondenserTemp_C,MED,Condenser temp elevated; vacuum risk. Review CW pumps/CT fans.,,TAG-U1-CondenserTemp_C
ALM-202306051300-00908,2023-06-05T13:00:00Z,TAG-U1-CondenserTemp_C,MED,Condenser temp elevated; vacuum risk. Review CW pumps/CT fans.,,TAG-U1-CondenserTemp_C
ALM-202306051325-00909,2023-06-05T13:25:00Z,TAG-U1-CondenserTemp_C,MED,Condenser temp elevated; vacuum risk. Review CW pumps/CT fans.,,TAG-U1-CondenserTemp_C
ALM-202306052235-00910,2023-06-05T22:35:00Z,TAG-U1-CondenserTemp_C,MED,Condenser temp elevated; vacuum risk. Review CW pumps/CT fans.,,TAG-U1-CondenserTemp_C
ALM-202306052305-00911,2023-06-05T23:05:00Z,TAG-U1-CondenserTemp_C,MED,Condenser temp elevated; vacuum risk. Review CW pumps/CT fans.,,TAG-U1-CondenserTemp_C
ALM-202306052340-00912,2023-06-05T23:40:00Z,TAG-U1-CondenserTemp_C,MED,Condenser temp elevated; vacuum risk. Review CW pumps/CT fans.,,TAG-U1-CondenserTemp_C
ALM-202306060115-00913,2023-06-06T01:15:00Z,TAG-U1-CondenserTemp_C,MED,Condenser temp elevated; vacuum risk. Review CW pumps/CT fans.,,TAG-U1-CondenserTemp_C
ALM-202306060400-00914,2023-06-06T04:00:00Z,TAG-U1-CondenserTemp_C,MED,Condenser temp elevated; vacuum risk. Review CW pumps/CT fans.,,TAG-U1-CondenserTemp_C
ALM-202306060530-00915,2023-06-06T05:30:00Z,TAG-U1-CondenserTemp_C,MED,Condenser temp elevated; vacuum risk. Review CW pumps/CT fans.,,TAG-U1-CondenserTemp_C
ALM-202306060705-00916,2023-06-06T07:05:00Z,TAG-U1-CondenserTemp_C,MED,Condenser temp elevated; vacuum risk. Review CW pumps/CT fans.,,TAG-U1-CondenserTemp_C
ALM-202306060720-00917,2023-06-06T07:20:00Z,TAG-U1-CondenserTemp_C,MED,Condenser temp elevated; vacuum risk. Review CW pumps/CT fans.,,TAG-U1-CondenserTemp_C
ALM-202306060830-00918,2023-06-06T08:30:00Z,TAG-U1-CondenserTemp_C,MED,Condenser temp elevated; vacuum risk. Review CW pumps/CT fans.,,TAG-U1-CondenserTemp_C
ALM-202306061115-00919,2023-06-06T11:15:00Z,TAG-U1-CondenserTemp_C,MED,Condenser temp elevated; vacuum risk. Review CW pumps/CT fans.,,TAG-U1-CondenserTemp_C
ALM-202306061345-00920,2023-06-06T13:45:00Z,TAG-U1-CondenserTemp_C,MED,Condenser temp elevated; vacuum risk. Review CW pumps/CT fans.,,TAG-U1-CondenserTemp_C
ALM-202306061615-00921,2023-06-06T16:15:00Z,TAG-U1-CondenserTemp_C,MED,Condenser temp elevated; vacuum risk. Review CW pumps/CT fans.,,TAG-U1-CondenserTemp_C
ALM-202306061820-00922,2023-06-06T18:20:00Z,TAG-U1-CondenserTemp_C,MED,Condenser temp elevated; vacuum risk. Review CW pumps/CT fans.,,TAG-U1-CondenserTemp_C
ALM-202306061915-00923,2023-06-06T19:15:00Z,TAG-U1-CondenserTemp_C,MED,Condenser temp elevated; vacuum risk. Review CW pumps/CT fans.,,TAG-U1-CondenserTemp_C
ALM-202306062215-00924,2023-06-06T22:15:00Z,TAG-U1-CondenserTemp_C,MED,Condenser temp elevated; vacuum risk. Review CW pumps/CT fans.,,TAG-U1-CondenserTemp_C
ALM-202306062225-00925,2023-06-06T22:25:00Z,TAG-U1-CondenserTemp_C,MED,Condenser temp elevated; vacuum risk. Review CW pumps/CT fans.,,TAG-U1-CondenserTemp_C
ALM-202306062320-00926,2023-06-06T23:20:00Z,TAG-U1-CondenserTemp_C,MED,Condenser temp elevated; vacuum risk. Review CW pumps/CT fans.,,TAG-U1-CondenserTemp_C
ALM-202306070140-00927,2023-06-07T01:40:00Z,TAG-U1-CondenserTemp_C,MED,Condenser temp elevated; vacuum risk. Review CW pumps/CT fans.,,TAG-U1-CondenserTemp_C
ALM-202306070255-00928,2023-06-07T02:55:00Z,TAG-U1-CondenserTemp_C,MED,Condenser temp elevated; vacuum risk. Review CW pumps/CT fans.,,TAG-U1-CondenserTemp_C
ALM-202306070335-00929,2023-06-07T03:35:00Z,TAG-U1-CondenserTemp_C,MED,Condenser temp elevated; vacuum risk. Review CW pumps/CT fans.,,TAG-U1-CondenserTemp_C
ALM-202306071130-00930,2023-06-07T11:30:00Z,TAG-U1-CondenserTemp_C,MED,Condenser temp elevated; vacuum risk. Review CW pumps/CT fans.,,TAG-U1-CondenserTemp_C
ALM-202306071400-00931,2023-06-07T14:00:00Z,TAG-U1-CondenserTemp_C,MED,Condenser temp elevated; vacuum risk. Review CW pumps/CT fans.,,TAG-U1-CondenserTemp_C
ALM-202306071640-00932,2023-06-07T16:40:00Z,TAG-U1-CondenserTemp_C,MED,Condenser temp elevated; vacuum risk. Review CW pumps/CT fans.,,TAG-U1-CondenserTemp_C
ALM-202306071810-00933,2023-06-07T18:10:00Z,TAG-U1-CondenserTemp_C,MED,Condenser temp elevated; vacuum risk. Review CW pumps/CT fans.,,TAG-U1-CondenserTemp_C
ALM-202306071915-00934,2023-06-07T19:15:00Z,TAG-U1-CondenserTemp_C,MED,Condenser temp elevated; vacuum risk. Review CW pumps/CT fans.,,TAG-U1-CondenserTemp_C
ALM-202306071955-00935,2023-06-07T19:55:00Z,TAG-U1-CondenserTemp_C,MED,Condenser temp elevated; vacuum risk. Review CW pumps/CT fans.,,TAG-U1-CondenserTemp_C
ALM-202306080155-00936,2023-06-08T01:55:00Z,TAG-U1-CondenserTemp_C,MED,Condenser temp elevated; vacuum risk. Review CW pumps/CT fans.,,TAG-U1-CondenserTemp_C
ALM-202306080355-00937,2023-06-08T03:55:00Z,TAG-U1-CondenserTemp_C,MED,Condenser temp elevated; vacuum risk. Review CW pumps/CT fans.,,TAG-U1-CondenserTemp_C
ALM-202306080630-00938,2023-06-08T06:30:00Z,TAG-U1-CondenserTemp_C,MED,Condenser temp elevated; vacuum risk. Review CW pumps/CT fans.,,TAG-U1-CondenserTemp_C
ALM-202306080750-00939,2023-06-08T07:50:00Z,TAG-U1-CondenserTemp_C,MED,Condenser temp elevated; vacuum risk. Review CW pumps/CT fans.,,TAG-U1-CondenserTemp_C
ALM-202306081215-00940,2023-06-08T12:15:00Z,TAG-U1-CondenserTemp_C,MED,Condenser temp elevated; vacuum risk. Review CW pumps/CT fans.,,TAG-U1-CondenserTemp_C
ALM-202306081225-00941,2023-06-08T12:25:00Z,TAG-U1-CondenserTemp_C,MED,Condenser temp elevated; vacuum risk. Review CW pumps/CT fans.,,TAG-U1-CondenserTemp_C
ALM-202306081525-00942,2023-06-08T15:25:00Z,TAG-U1-CondenserTemp_C,MED,Condenser temp elevated; vacuum risk. Review CW pumps/CT fans.,,TAG-U1-CondenserTemp_C
ALM-202306081610-00943,2023-06-08T16:10:00Z,TAG-U1-CondenserTemp_C,MED,Condenser temp elevated; vacuum risk. Review CW pumps/CT fans.,,TAG-U1-CondenserTemp_C
ALM-202306081935-00944,2023-06-08T19:35:00Z,TAG-U1-CondenserTemp_C,MED,Condenser temp elevated; vacuum risk. Review CW pumps/CT fans.,,TAG-U1-CondenserTemp_C
ALM-202306090115-00945,2023-06-09T01:15:00Z,TAG-U1-CondenserTemp_C,MED,Condenser temp elevated; vacuum risk. Review CW pumps/CT fans.,,TAG-U1-CondenserTemp_C
ALM-202306090300-00946,2023-06-09T03:00:00Z,TAG-U1-CondenserTemp_C,MED,Condenser temp elevated; vacuum risk. Review CW pumps/CT fans.,,TAG-U1-CondenserTemp_C
ALM-202306090540-00947,2023-06-09T05:40:00Z,TAG-U1-CondenserTemp_C,MED,Condenser temp elevated; vacuum risk. Review CW pumps/CT fans.,,TAG-U1-CondenserTemp_C
ALM-202306090715-00948,2023-06-09T07:15:00Z,TAG-U1-CondenserTemp_C,MED,Condenser temp elevated; vacuum risk. Review CW pumps/CT fans.,,TAG-U1-CondenserTemp_C
ALM-202306091115-00949,2023-06-09T11:15:00Z,TAG-U1-CondenserTemp_C,MED,Condenser temp elevated; vacuum risk. Review CW pumps/CT fans.,,TAG-U1-CondenserTemp_C
ALM-202306091300-00950,2023-06-09T13:00:00Z,TAG-U1-CondenserTemp_C,MED,Condenser temp elevated; vacuum risk. Review CW pumps/CT fans.,,TAG-U1-CondenserTemp_C
ALM-202306091640-00951,2023-06-09T16:40:00Z,TAG-U1-CondenserTemp_C,MED,Condenser temp elevated; vacuum risk. Review CW pumps/CT fans.,,TAG-U1-CondenserTemp_C
ALM-202306091645-00952,2023-06-09T16:45:00Z,TAG-U1-CondenserTemp_C,MED,Condenser temp elevated; vacuum risk. Review CW pumps/CT fans.,,TAG-U1-CondenserTemp_C
ALM-202306091655-00953,2023-06-09T16:55:00Z,TAG-U1-CondenserTemp_C,MED,Condenser temp elevated; vacuum risk. Review CW pumps/CT fans.,,TAG-U1-CondenserTemp_C
ALM-202306091845-00954,2023-06-09T18:45:00Z,TAG-U1-CondenserTemp_C,MED,Condenser temp elevated; vacuum risk. Review CW pumps/CT fans.,,TAG-U1-CondenserTemp_C
ALM-202306091850-00955,2023-06-09T18:50:00Z,TAG-U1-CondenserTemp_C,MED,Condenser temp elevated; vacuum risk. Review CW pumps/CT fans.,,TAG-U1-CondenserTemp_C
ALM-202306092235-00956,2023-06-09T22:35:00Z,TAG-U1-CondenserTemp_C,MED,Condenser temp elevated; vacuum risk. Review CW pumps/CT fans.,,TAG-U1-CondenserTemp_C
ALM-202306092310-00957,2023-06-09T23:10:00Z,TAG-U1-CondenserTemp_C,MED,Condenser temp elevated; vacuum risk. Review CW pumps/CT fans.,,TAG-U1-CondenserTemp_C
ALM-202306092325-00958,2023-06-09T23:25:00Z,TAG-U1-CondenserTemp_C,MED,Condenser temp elevated; vacuum risk. Review CW pumps/CT fans.,,TAG-U1-CondenserTemp_C
ALM-202306092330-00959,2023-06-09T23:30:00Z,TAG-U1-CondenserTemp_C,MED,Condenser temp elevated; vacuum risk. Review CW pumps/CT fans.,,TAG-U1-CondenserTemp_C
ALM-202306100045-00960,2023-06-10T00:45:00Z,TAG-U1-CondenserTemp_C,MED,Condenser temp elevated; vacuum risk. Review CW pumps/CT fans.,,TAG-U1-CondenserTemp_C
ALM-202306100050-00961,2023-06-10T00:50:00Z,TAG-U1-CondenserTemp_C,MED,Condenser temp elevated; vacuum risk. Review CW pumps/CT fans.,,TAG-U1-CondenserTemp_C
ALM-202306100225-00962,2023-06-10T02:25:00Z,TAG-U1-CondenserTemp_C,MED,Condenser temp elevated; vacuum risk. Review CW pumps/CT fans.,,TAG-U1-CondenserTemp_C
ALM-202306100400-00963,2023-06-10T04:00:00Z,TAG-U1-CondenserTemp_C,MED,Condenser temp elevated; vacuum risk. Review CW pumps/CT fans.,,TAG-U1-CondenserTemp_C
ALM-202306100905-00964,2023-06-10T09:05:00Z,TAG-U1-CondenserTemp_C,MED,Condenser temp elevated; vacuum risk. Review CW pumps/CT fans.,,TAG-U1-CondenserTemp_C
ALM-202306100915-00965,2023-06-10T09:15:00Z,TAG-U1-CondenserTemp_C,MED,Condenser temp elevated; vacuum risk. Review CW pumps/CT fans.,,TAG-U1-CondenserTemp_C
ALM-202306101030-00966,2023-06-10T10:30:00Z,TAG-U1-CondenserTemp_C,MED,Condenser temp elevated; vacuum risk. Review CW pumps/CT fans.,,TAG-U1-CondenserTemp_C
ALM-202306101430-00967,2023-06-10T14:30:00Z,TAG-U1-CondenserTemp_C,MED,Condenser temp elevated; vacuum risk. Review CW pumps/CT fans.,,TAG-U1-CondenserTemp_C
ALM-202306101455-00968,2023-06-10T14:55:00Z,TAG-U1-CondenserTemp_C,MED,Condenser temp elevated; vacuum risk. Review CW pumps/CT fans.,,TAG-U1-CondenserTemp_C
ALM-202306102150-00969,2023-06-10T21:50:00Z,TAG-U1-CondenserTemp_C,MED,Condenser temp elevated; vacuum risk. Review CW pumps/CT fans.,,TAG-U1-CondenserTemp_C
ALM-202306110420-00970,2023-06-11T04:20:00Z,TAG-U1-CondenserTemp_C,MED,Condenser temp elevated; vacuum risk. Review CW pumps/CT fans.,,TAG-U1-CondenserTemp_C
ALM-202306110430-00971,2023-06-11T04:30:00Z,TAG-U1-CondenserTemp_C,MED,Condenser temp elevated; vacuum risk. Review CW pumps/CT fans.,,TAG-U1-CondenserTemp_C
ALM-202306110555-00972,2023-06-11T05:55:00Z,TAG-U1-CondenserTemp_C,MED,Condenser temp elevated; vacuum risk. Review CW pumps/CT fans.,,TAG-U1-CondenserTemp_C
ALM-202306110650-00973,2023-06-11T06:50:00Z,TAG-U1-CondenserTemp_C,MED,Condenser temp elevated; vacuum risk. Review CW pumps/CT fans.,,TAG-U1-CondenserTemp_C
ALM-202306110710-00974,2023-06-11T07:10:00Z,TAG-U1-CondenserTemp_C,MED,Condenser temp elevated; vacuum risk. Review CW pumps/CT fans.,,TAG-U1-CondenserTemp_C
ALM-202306110935-00975,2023-06-11T09:35:00Z,TAG-U1-CondenserTemp_C,MED,Condenser temp elevated; vacuum risk. Review CW pumps/CT fans.,,TAG-U1-CondenserTemp_C
ALM-202306111500-00976,2023-06-11T15:00:00Z,TAG-U1-CondenserTemp_C,MED,Condenser temp elevated; vacuum risk. Review CW pumps/CT fans.,,TAG-U1-CondenserTemp_C
ALM-202306111505-00977,2023-06-11T15:05:00Z,TAG-U1-CondenserTemp_C,MED,Condenser temp elevated; vacuum risk. Review CW pumps/CT fans.,,TAG-U1-CondenserTemp_C
ALM-202306111515-00978,2023-06-11T15:15:00Z,TAG-U1-CondenserTemp_C,MED,Condenser temp elevated; vacuum risk. Review CW pumps/CT fans.,,TAG-U1-CondenserTemp_C
ALM-202306111545-00979,2023-06-11T15:45:00Z,TAG-U1-CondenserTemp_C,MED,Condenser temp elevated; vacuum risk. Review CW pumps/CT fans.,,TAG-U1-CondenserTemp_C
ALM-202306111605-00980,2023-06-11T16:05:00Z,TAG-U1-CondenserTemp_C,MED,Condenser temp elevated; vacuum risk. Review CW pumps/CT fans.,,TAG-U1-CondenserTemp_C
ALM-202306111655-00981,2023-06-11T16:55:00Z,TAG-U1-CondenserTemp_C,MED,Condenser temp elevated; vacuum risk. Review CW pumps/CT fans.,,TAG-U1-CondenserTemp_C
ALM-202306111920-00982,2023-06-11T19:20:00Z,TAG-U1-CondenserTemp_C,MED,Condenser temp elevated; vacuum risk. Review CW pumps/CT fans.,,TAG-U1-CondenserTemp_C
ALM-202306112040-00983,2023-06-11T20:40:00Z,TAG-U1-CondenserTemp_C,MED,Condenser temp elevated; vacuum risk. Review CW pumps/CT fans.,,TAG-U1-CondenserTemp_C
ALM-202306120040-00984,2023-06-12T00:40:00Z,TAG-U1-CondenserTemp_C,MED,Condenser temp elevated; vacuum risk. Review CW pumps/CT fans.,,TAG-U1-CondenserTemp_C
ALM-202306120140-00985,2023-06-12T01:40:00Z,TAG-U1-CondenserTemp_C,MED,Condenser temp elevated; vacuum risk. Review CW pumps/CT fans.,,TAG-U1-CondenserTemp_C
ALM-202306120230-00986,2023-06-12T02:30:00Z,TAG-U1-CondenserTemp_C,MED,Condenser temp elevated; vacuum risk. Review CW pumps/CT fans.,,TAG-U1-CondenserTemp_C
ALM-202306120705-00987,2023-06-12T07:05:00Z,TAG-U1-CondenserTemp_C,MED,Condenser temp elevated; vacuum risk. Review CW pumps/CT fans.,,TAG-U1-CondenserTemp_C
ALM-202306120845-00988,2023-06-12T08:45:00Z,TAG-U1-CondenserTemp_C,MED,Condenser temp elevated; vacuum risk. Review CW pumps/CT fans.,,TAG-U1-CondenserTemp_C
ALM-202306120935-00989,2023-06-12T09:35:00Z,TAG-U1-CondenserTemp_C,MED,Condenser temp elevated; vacuum risk. Review CW pumps/CT fans.,,TAG-U1-CondenserTemp_C
ALM-202306121235-00990,2023-06-12T12:35:00Z,TAG-U1-CondenserTemp_C,MED,Condenser temp elevated; vacuum risk. Review CW pumps/CT fans.,,TAG-U1-CondenserTemp_C
ALM-202306121325-00991,2023-06-12T13:25:00Z,TAG-U1-CondenserTemp_C,MED,Condenser temp elevated; vacuum risk. Review CW pumps/CT fans.,,TAG-U1-CondenserTemp_C
ALM-202306121335-00992,2023-06-12T13:35:00Z,TAG-U1-CondenserTemp_C,MED,Condenser temp elevated; vacuum risk. Review CW pumps/CT fans.,,TAG-U1-CondenserTemp_C
ALM-202306121405-00993,2023-06-12T14:05:00Z,TAG-U1-CondenserTemp_C,MED,Condenser temp elevated; vacuum risk. Review CW pumps/CT fans.,,TAG-U1-CondenserTemp_C
ALM-202306121505-00994,2023-06-12T15:05:00Z,TAG-U1-CondenserTemp_C,MED,Condenser temp elevated; vacuum risk. Review CW pumps/CT fans.,,TAG-U1-CondenserTemp_C
ALM-202306121715-00995,2023-06-12T17:15:00Z,TAG-U1-CondenserTemp_C,MED,Condenser temp elevated; vacuum risk. Review CW pumps/CT fans.,,TAG-U1-CondenserTemp_C
ALM-202306121850-00996,2023-06-12T18:50:00Z,TAG-U1-CondenserTemp_C,MED,Condenser temp elevated; vacuum risk. Review CW pumps/CT fans.,,TAG-U1-CondenserTemp_C
ALM-202306121945-00997,2023-06-12T19:45:00Z,TAG-U1-CondenserTemp_C,MED,Condenser temp elevated; vacuum risk. Review CW pumps/CT fans.,,TAG-U1-CondenserTemp_C
ALM-202306122315-00998,2023-06-12T23:15:00Z,TAG-U1-CondenserTemp_C,MED,Condenser temp elevated; vacuum risk. Review CW pumps/CT fans.,,TAG-U1-CondenserTemp_C
ALM-202306122335-00999,2023-06-12T23:35:00Z,TAG-U1-CondenserTemp_C,MED,Condenser temp elevated; vacuum risk. Review CW pumps/CT fans.,,TAG-U1-CondenserTemp_C
ALM-202306122340-01000,2023-06-12T23:40:00Z,TAG-U1-CondenserTemp_C,MED,Condenser temp elevated; vacuum risk. Review CW pumps/CT fans.,,TAG-U1-CondenserTemp_C
ALM-202306130045-01001,2023-06-13T00:45:00Z,TAG-U1-CondenserTemp_C,MED,Condenser temp elevated; vacuum risk. Review CW pumps/CT fans.,,TAG-U1-CondenserTemp_C
ALM-202306130050-01002,2023-06-13T00:50:00Z,TAG-U1-CondenserTemp_C,MED,Condenser temp elevated; vacuum risk. Review CW pumps/CT fans.,,TAG-U1-CondenserTemp_C
ALM-202306130110-01003,2023-06-13T01:10:00Z,TAG-U1-CondenserTemp_C,MED,Condenser temp elevated; vacuum risk. Review CW pumps/CT fans.,,TAG-U1-CondenserTemp_C
ALM-202306130145-01004,2023-06-13T01:45:00Z,TAG-U1-CondenserTemp_C,MED,Condenser temp elevated; vacuum risk. Review CW pumps/CT fans.,,TAG-U1-CondenserTemp_C
ALM-202306130400-01005,2023-06-13T04:00:00Z,TAG-U1-CondenserTemp_C,MED,Condenser temp elevated; vacuum risk. Review CW pumps/CT fans.,,TAG-U1-CondenserTemp_C
ALM-202306130445-01006,2023-06-13T04:45:00Z,TAG-U1-CondenserTemp_C,MED,Condenser temp elevated; vacuum risk. Review CW pumps/CT fans.,,TAG-U1-CondenserTemp_C
ALM-202306131410-01007,2023-06-13T14:10:00Z,TAG-U1-CondenserTemp_C,MED,Condenser temp elevated; vacuum risk. Review CW pumps/CT fans.,,TAG-U1-CondenserTemp_C
ALM-202306131550-01008,2023-06-13T15:50:00Z,TAG-U1-CondenserTemp_C,MED,Condenser temp elevated; vacuum risk. Review CW pumps/CT fans.,,TAG-U1-CondenserTemp_C
ALM-202306131720-01009,2023-06-13T17:20:00Z,TAG-U1-CondenserTemp_C,MED,Condenser temp elevated; vacuum risk. Review CW pumps/CT fans.,,TAG-U1-CondenserTemp_C
ALM-202306131840-01010,2023-06-13T18:40:00Z,TAG-U1-CondenserTemp_C,MED,Condenser temp elevated; vacuum risk. Review CW pumps/CT fans.,,TAG-U1-CondenserTemp_C
ALM-202306132035-01011,2023-06-13T20:35:00Z,TAG-U1-CondenserTemp_C,MED,Condenser temp elevated; vacuum risk. Review CW pumps/CT fans.,,TAG-U1-CondenserTemp_C
ALM-202306132100-01012,2023-06-13T21:00:00Z,TAG-U1-CondenserTemp_C,MED,Condenser temp elevated; vacuum risk. Review CW pumps/CT fans.,,TAG-U1-CondenserTemp_C
ALM-202306132200-01013,2023-06-13T22:00:00Z,TAG-U1-CondenserTemp_C,MED,Condenser temp elevated; vacuum risk. Review CW pumps/CT fans.,,TAG-U1-CondenserTemp_C
ALM-202306132240-01014,2023-06-13T22:40:00Z,TAG-U1-CondenserTemp_C,MED,Condenser temp elevated; vacuum risk. Review CW pumps/CT fans.,,TAG-U1-CondenserTemp_C
ALM-202306132250-01015,2023-06-13T22:50:00Z,TAG-U1-CondenserTemp_C,MED,Condenser temp elevated; vacuum risk. Review CW pumps/CT fans.,,TAG-U1-CondenserTemp_C
ALM-202306132310-01016,2023-06-13T23:10:00Z,TAG-U1-CondenserTemp_C,MED,Condenser temp elevated; vacuum risk. Review CW pumps/CT fans.,,TAG-U1-CondenserTemp_C
ALM-202306140025-01017,2023-06-14T00:25:00Z,TAG-U1-CondenserTemp_C,MED,Condenser temp elevated; vacuum risk. Review CW pumps/CT fans.,,TAG-U1-CondenserTemp_C
ALM-202306140030-01018,2023-06-14T00:30:00Z,TAG-U1-CondenserTemp_C,MED,Condenser temp elevated; vacuum risk. Review CW pumps/CT fans.,,TAG-U1-CondenserTemp_C
ALM-202306140045-01019,2023-06-14T00:45:00Z,TAG-U1-CondenserTemp_C,MED,Condenser temp elevated; vacuum risk. Review CW pumps/CT fans.,,TAG-U1-CondenserTemp_C
ALM-202306140215-01020,2023-06-14T02:15:00Z,TAG-U1-CondenserTemp_C,MED,Condenser temp elevated; vacuum risk. Review CW pumps/CT fans.,,TAG-U1-CondenserTemp_C
ALM-202306140425-01021,2023-06-14T04:25:00Z,TAG-U1-CondenserTemp_C,MED,Condenser temp elevated; vacuum risk. Review CW pumps/CT fans.,,TAG-U1-CondenserTemp_C
ALM-202306140515-01022,2023-06-14T05:15:00Z,TAG-U1-CondenserTemp_C,MED,Condenser temp elevated; vacuum risk. Review CW pumps/CT fans.,,TAG-U1-CondenserTemp_C
ALM-202306140525-01023,2023-06-14T05:25:00Z,TAG-U1-CondenserTemp_C,MED,Condenser temp elevated; vacuum risk. Review CW pumps/CT fans.,,TAG-U1-CondenserTemp_C
ALM-202306140550-01024,2023-06-14T05:50:00Z,TAG-U1-CondenserTemp_C,MED,Condenser temp elevated; vacuum risk. Review CW pumps/CT fans.,,TAG-U1-CondenserTemp_C
ALM-202306140740-01025,2023-06-14T07:40:00Z,TAG-U1-CondenserTemp_C,MED,Condenser temp elevated; vacuum risk. Review CW pumps/CT fans.,,TAG-U1-CondenserTemp_C
ALM-202306140750-01026,2023-06-14T07:50:00Z,TAG-U1-CondenserTemp_C,MED,Condenser temp elevated; vacuum risk. Review CW pumps/CT fans.,,TAG-U1-CondenserTemp_C
ALM-202306140805-01027,2023-06-14T08:05:00Z,TAG-U1-CondenserTemp_C,MED,Condenser temp elevated; vacuum risk. Review CW pumps/CT fans.,,TAG-U1-CondenserTemp_C
ALM-202306140910-01028,2023-06-14T09:10:00Z,TAG-U1-CondenserTemp_C,MED,Condenser temp elevated; vacuum risk. Review CW pumps/CT fans.,,TAG-U1-CondenserTemp_C
ALM-202306141335-01029,2023-06-14T13:35:00Z,TAG-U1-CondenserTemp_C,MED,Condenser temp elevated; vacuum risk. Review CW pumps/CT fans.,,TAG-U1-CondenserTemp_C
ALM-202306141635-01030,2023-06-14T16:35:00Z,TAG-U1-CondenserTemp_C,MED,Condenser temp elevated; vacuum risk. Review CW pumps/CT fans.,,TAG-U1-CondenserTemp_C
ALM-202306141715-01031,2023-06-14T17:15:00Z,TAG-U1-CondenserTemp_C,MED,Condenser temp elevated; vacuum risk. Review CW pumps/CT fans.,,TAG-U1-CondenserTemp_C
ALM-202306141810-01032,2023-06-14T18:10:00Z,TAG-U1-CondenserTemp_C,MED,Condenser temp elevated; vacuum risk. Review CW pumps/CT fans.,,TAG-U1-CondenserTemp_C
ALM-202306142010-01033,2023-06-14T20:10:00Z,TAG-U1-CondenserTemp_C,MED,Condenser temp elevated; vacuum risk. Review CW pumps/CT fans.,,TAG-U1-CondenserTemp_C
ALM-202306142050-01034,2023-06-14T20:50:00Z,TAG-U1-CondenserTemp_C,MED,Condenser temp elevated; vacuum risk. Review CW pumps/CT fans.,,TAG-U1-CondenserTemp_C
ALM-202306142335-01035,2023-06-14T23:35:00Z,TAG-U1-CondenserTemp_C,MED,Condenser temp elevated; vacuum risk. Review CW pumps/CT fans.,,TAG-U1-CondenserTemp_C
ALM-202306142355-01036,2023-06-14T23:55:00Z,TAG-U1-CondenserTemp_C,MED,Condenser temp elevated; vacuum risk. Review CW pumps/CT fans.,,TAG-U1-CondenserTemp_C
ALM-202306150235-01037,2023-06-15T02:35:00Z,TAG-U1-CondenserTemp_C,MED,Condenser temp elevated; vacuum risk. Review CW pumps/CT fans.,,TAG-U1-CondenserTemp_C
ALM-202306150510-01038,2023-06-15T05:10:00Z,TAG-U1-CondenserTemp_C,MED,Condenser temp elevated; vacuum risk. Review CW pumps/CT fans.,,TAG-U1-CondenserTemp_C
ALM-202306150730-01039,2023-06-15T07:30:00Z,TAG-U1-CondenserTemp_C,MED,Condenser temp elevated; vacuum risk. Review CW pumps/CT fans.,,TAG-U1-CondenserTemp_C
ALM-202306151015-01040,2023-06-15T10:15:00Z,TAG-U1-CondenserTemp_C,MED,Condenser temp elevated; vacuum risk. Review CW pumps/CT fans.,,TAG-U1-CondenserTemp_C
ALM-202306151325-01041,2023-06-15T13:25:00Z,TAG-U1-CondenserTemp_C,MED,Condenser temp elevated; vacuum risk. Review CW pumps/CT fans.,,TAG-U1-CondenserTemp_C
ALM-202306151615-01042,2023-06-15T16:15:00Z,TAG-U1-CondenserTemp_C,MED,Condenser temp elevated; vacuum risk. Review CW pumps/CT fans.,,TAG-U1-CondenserTemp_C
ALM-202306151645-01043,2023-06-15T16:45:00Z,TAG-U1-CondenserTemp_C,MED,Condenser temp elevated; vacuum risk. Review CW pumps/CT fans.,,TAG-U1-CondenserTemp_C
ALM-202306151825-01044,2023-06-15T18:25:00Z,TAG-U1-CondenserTemp_C,MED,Condenser temp elevated; vacuum risk. Review CW pumps/CT fans.,,TAG-U1-CondenserTemp_C
ALM-202306151855-01045,2023-06-15T18:55:00Z,TAG-U1-CondenserTemp_C,MED,Condenser temp elevated; vacuum risk. Review CW pumps/CT fans.,,TAG-U1-CondenserTemp_C
ALM-202306152355-01046,2023-06-15T23:55:00Z,TAG-U1-CondenserTemp_C,MED,Condenser temp elevated; vacuum risk. Review CW pumps/CT fans.,,TAG-U1-CondenserTemp_C
ALM-202306160025-01047,2023-06-16T00:25:00Z,TAG-U1-CondenserTemp_C,MED,Condenser temp elevated; vacuum risk. Review CW pumps/CT fans.,,TAG-U1-CondenserTemp_C
ALM-202306160050-01048,2023-06-16T00:50:00Z,TAG-U1-CondenserTemp_C,MED,Condenser temp elevated; vacuum risk. Review CW pumps/CT fans.,,TAG-U1-CondenserTemp_C
ALM-202306160300-01049,2023-06-16T03:00:00Z,TAG-U1-CondenserTemp_C,MED,Condenser temp elevated; vacuum risk. Review CW pumps/CT fans.,,TAG-U1-CondenserTemp_C
ALM-202306160320-01050,2023-06-16T03:20:00Z,TAG-U1-CondenserTemp_C,MED,Condenser temp elevated; vacuum risk. Review CW pumps/CT fans.,,TAG-U1-CondenserTemp_C
ALM-202306160410-01051,2023-06-16T04:10:00Z,TAG-U1-CondenserTemp_C,MED,Condenser temp elevated; vacuum risk. Review CW pumps/CT fans.,,TAG-U1-CondenserTemp_C
ALM-202306160930-01052,2023-06-16T09:30:00Z,TAG-U1-CondenserTemp_C,MED,Condenser temp elevated; vacuum risk. Review CW pumps/CT fans.,,TAG-U1-CondenserTemp_C
ALM-202306161235-01053,2023-06-16T12:35:00Z,TAG-U1-CondenserTemp_C,MED,Condenser temp elevated; vacuum risk. Review CW pumps/CT fans.,,TAG-U1-CondenserTemp_C
ALM-202306161250-01054,2023-06-16T12:50:00Z,TAG-U1-CondenserTemp_C,MED,Condenser temp elevated; vacuum risk. Review CW pumps/CT fans.,,TAG-U1-CondenserTemp_C
ALM-202306161330-01055,2023-06-16T13:30:00Z,TAG-U1-CondenserTemp_C,MED,Condenser temp elevated; vacuum risk. Review CW pumps/CT fans.,,TAG-U1-CondenserTemp_C
ALM-202306161350-01056,2023-06-16T13:50:00Z,TAG-U1-CondenserTemp_C,MED,Condenser temp elevated; vacuum risk. Review CW pumps/CT fans.,,TAG-U1-CondenserTemp_C
ALM-202306161825-01057,2023-06-16T18:25:00Z,TAG-U1-CondenserTemp_C,MED,Condenser temp elevated; vacuum risk. Review CW pumps/CT fans.,,TAG-U1-CondenserTemp_C
ALM-202306161840-01058,2023-06-16T18:40:00Z,TAG-U1-CondenserTemp_C,MED,Condenser temp elevated; vacuum risk. Review CW pumps/CT fans.,,TAG-U1-CondenserTemp_C
ALM-202306161935-01059,2023-06-16T19:35:00Z,TAG-U1-CondenserTemp_C,MED,Condenser temp elevated; vacuum risk. Review CW pumps/CT fans.,,TAG-U1-CondenserTemp_C
ALM-202306162330-01060,2023-06-16T23:30:00Z,TAG-U1-CondenserTemp_C,MED,Condenser temp elevated; vacuum risk. Review CW pumps/CT fans.,,TAG-U1-CondenserTemp_C
ALM-202306170200-01061,2023-06-17T02:00:00Z,TAG-U1-CondenserTemp_C,MED,Condenser temp elevated; vacuum risk. Review CW pumps/CT fans.,,TAG-U1-CondenserTemp_C
ALM-202306170245-01062,2023-06-17T02:45:00Z,TAG-U1-CondenserTemp_C,MED,Condenser temp elevated; vacuum risk. Review CW pumps/CT fans.,,TAG-U1-CondenserTemp_C
ALM-202306170640-01063,2023-06-17T06:40:00Z,TAG-U1-CondenserTemp_C,MED,Condenser temp elevated; vacuum risk. Review CW pumps/CT fans.,,TAG-U1-CondenserTemp_C
ALM-202306170720-01064,2023-06-17T07:20:00Z,TAG-U1-CondenserTemp_C,MED,Condenser temp elevated; vacuum risk. Review CW pumps/CT fans.,,TAG-U1-CondenserTemp_C
ALM-202306170825-01065,2023-06-17T08:25:00Z,TAG-U1-CondenserTemp_C,MED,Condenser temp elevated; vacuum risk. Review CW pumps/CT fans.,,TAG-U1-CondenserTemp_C
ALM-202306171040-01066,2023-06-17T10:40:00Z,TAG-U1-CondenserTemp_C,MED,Condenser temp elevated; vacuum risk. Review CW pumps/CT fans.,,TAG-U1-CondenserTemp_C
ALM-202306171510-01067,2023-06-17T15:10:00Z,TAG-U1-CondenserTemp_C,MED,Condenser temp elevated; vacuum risk. Review CW pumps/CT fans.,,TAG-U1-CondenserTemp_C
ALM-202306171620-01068,2023-06-17T16:20:00Z,TAG-U1-CondenserTemp_C,MED,Condenser temp elevated; vacuum risk. Review CW pumps/CT fans.,,TAG-U1-CondenserTemp_C
ALM-202306171950-01069,2023-06-17T19:50:00Z,TAG-U1-CondenserTemp_C,MED,Condenser temp elevated; vacuum risk. Review CW pumps/CT fans.,,TAG-U1-CondenserTemp_C
ALM-202306172035-01070,2023-06-17T20:35:00Z,TAG-U1-CondenserTemp_C,MED,Condenser temp elevated; vacuum risk. Review CW pumps/CT fans.,,TAG-U1-CondenserTemp_C
ALM-202306172150-01071,2023-06-17T21:50:00Z,TAG-U1-CondenserTemp_C,MED,Condenser temp elevated; vacuum risk. Review CW pumps/CT fans.,,TAG-U1-CondenserTemp_C
ALM-202306172310-01072,2023-06-17T23:10:00Z,TAG-U1-CondenserTemp_C,MED,Condenser temp elevated; vacuum risk. Review CW pumps/CT fans.,,TAG-U1-CondenserTemp_C
ALM-202306180145-01073,2023-06-18T01:45:00Z,TAG-U1-CondenserTemp_C,MED,Condenser temp elevated; vacuum risk. Review CW pumps/CT fans.,,TAG-U1-CondenserTemp_C
ALM-202306180150-01074,2023-06-18T01:50:00Z,TAG-U1-CondenserTemp_C,MED,Condenser temp elevated; vacuum risk. Review CW pumps/CT fans.,,TAG-U1-CondenserTemp_C
ALM-202306180355-01075,2023-06-18T03:55:00Z,TAG-U1-CondenserTemp_C,MED,Condenser temp elevated; vacuum risk. Review CW pumps/CT fans.,,TAG-U1-CondenserTemp_C
ALM-202306180410-01076,2023-06-18T04:10:00Z,TAG-U1-CondenserTemp_C,MED,Condenser temp elevated; vacuum risk. Review CW pumps/CT fans.,,TAG-U1-CondenserTemp_C
ALM-202306180910-01077,2023-06-18T09:10:00Z,TAG-U1-CondenserTemp_C,MED,Condenser temp elevated; vacuum risk. Review CW pumps/CT fans.,,TAG-U1-CondenserTemp_C
ALM-202306181010-01078,2023-06-18T10:10:00Z,TAG-U1-CondenserTemp_C,MED,Condenser temp elevated; vacuum risk. Review CW pumps/CT fans.,,TAG-U1-CondenserTemp_C
ALM-202306181050-01079,2023-06-18T10:50:00Z,TAG-U1-CondenserTemp_C,MED,Condenser temp elevated; vacuum risk. Review CW pumps/CT fans.,,TAG-U1-CondenserTemp_C
ALM-202306181200-01080,2023-06-18T12:00:00Z,TAG-U1-CondenserTemp_C,MED,Condenser temp elevated; vacuum risk. Review CW pumps/CT fans.,,TAG-U1-CondenserTemp_C
ALM-202306181345-01081,2023-06-18T13:45:00Z,TAG-U1-CondenserTemp_C,MED,Condenser temp elevated; vacuum risk. Review CW pumps/CT fans.,,TAG-U1-CondenserTemp_C
ALM-202306181405-01082,2023-06-18T14:05:00Z,TAG-U1-CondenserTemp_C,MED,Condenser temp elevated; vacuum risk. Review CW pumps/CT fans.,,TAG-U1-CondenserTemp_C
ALM-202306181430-01083,2023-06-18T14:30:00Z,TAG-U1-CondenserTemp_C,MED,Condenser temp elevated; vacuum risk. Review CW pumps/CT fans.,,TAG-U1-CondenserTemp_C
ALM-202306181455-01084,2023-06-18T14:55:00Z,TAG-U1-CondenserTemp_C,MED,Condenser temp elevated; vacuum risk. Review CW pumps/CT fans.,,TAG-U1-CondenserTemp_C
ALM-202306190455-01085,2023-06-19T04:55:00Z,TAG-U1-CondenserTemp_C,MED,Condenser temp elevated; vacuum risk. Review CW pumps/CT fans.,,TAG-U1-CondenserTemp_C
ALM-202306190655-01086,2023-06-19T06:55:00Z,TAG-U1-CondenserTemp_C,MED,Condenser temp elevated; vacuum risk. Review CW pumps/CT fans.,,TAG-U1-CondenserTemp_C
ALM-202306190800-01087,2023-06-19T08:00:00Z,TAG-U1-CondenserTemp_C,MED,Condenser temp elevated; vacuum risk. Review CW pumps/CT fans.,,TAG-U1-CondenserTemp_C
ALM-202306190815-01088,2023-06-19T08:15:00Z,TAG-U1-CondenserTemp_C,MED,Condenser temp elevated; vacuum risk. Review CW pumps/CT fans.,,TAG-U1-CondenserTemp_C
ALM-202306190905-01089,2023-06-19T09:05:00Z,TAG-U1-CondenserTemp_C,MED,Condenser temp elevated; vacuum risk. Review CW pumps/CT fans.,,TAG-U1-CondenserTemp_C
ALM-202306191025-01090,2023-06-19T10:25:00Z,TAG-U1-CondenserTemp_C,MED,Condenser temp elevated; vacuum risk. Review CW pumps/CT fans.,,TAG-U1-CondenserTemp_C
ALM-202306191145-01091,2023-06-19T11:45:00Z,TAG-U1-CondenserTemp_C,MED,Condenser temp elevated; vacuum risk. Review CW pumps/CT fans.,,TAG-U1-CondenserTemp_C
ALM-202306191225-01092,2023-06-19T12:25:00Z,TAG-U1-CondenserTemp_C,MED,Condenser temp elevated; vacuum risk. Review CW pumps/CT fans.,,TAG-U1-CondenserTemp_C
ALM-202306191350-01093,2023-06-19T13:50:00Z,TAG-U1-CondenserTemp_C,MED,Condenser temp elevated; vacuum risk. Review CW pumps/CT fans.,,TAG-U1-CondenserTemp_C
ALM-202306191440-01094,2023-06-19T14:40:00Z,TAG-U1-CondenserTemp_C,MED,Condenser temp elevated; vacuum risk. Review CW pumps/CT fans.,,TAG-U1-CondenserTemp_C
ALM-202306191655-01095,2023-06-19T16:55:00Z,TAG-U1-CondenserTemp_C,MED,Condenser temp elevated; vacuum risk. Review CW pumps/CT fans.,,TAG-U1-CondenserTemp_C
ALM-202306191700-01096,2023-06-19T17:00:00Z,TAG-U1-CondenserTemp_C,MED,Condenser temp elevated; vacuum risk. Review CW pumps/CT fans.,,TAG-U1-CondenserTemp_C
ALM-202306191735-01097,2023-06-19T17:35:00Z,TAG-U1-CondenserTemp_C,MED,Condenser temp elevated; vacuum risk. Review CW pumps/CT fans.,,TAG-U1-CondenserTemp_C
ALM-202306191820-01098,2023-06-19T18:20:00Z,TAG-U1-CondenserTemp_C,MED,Condenser temp elevated; vacuum risk. Review CW pumps/CT fans.,,TAG-U1-CondenserTemp_C
ALM-202306191920-01099,2023-06-19T19:20:00Z,TAG-U1-CondenserTemp_C,MED,Condenser temp elevated; vacuum risk. Review CW pumps/CT fans.,,TAG-U1-CondenserTemp_C
ALM-202306192115-01100,2023-06-19T21:15:00Z,TAG-U1-CondenserTemp_C,MED,Condenser temp elevated; vacuum risk. Review CW pumps/CT fans.,,TAG-U1-CondenserTemp_C
ALM-202306192135-01101,2023-06-19T21:35:00Z,TAG-U1-CondenserTemp_C,MED,Condenser temp elevated; vacuum risk. Review CW pumps/CT fans.,,TAG-U1-CondenserTemp_C
ALM-202306192330-01102,2023-06-19T23:30:00Z,TAG-U1-CondenserTemp_C,MED,Condenser temp elevated; vacuum risk. Review CW pumps/CT fans.,,TAG-U1-CondenserTemp_C
ALM-202306192340-01103,2023-06-19T23:40:00Z,TAG-U1-CondenserTemp_C,MED,Condenser temp elevated; vacuum risk. Review CW pumps/CT fans.,,TAG-U1-CondenserTemp_C
ALM-202306200055-01104,2023-06-20T00:55:00Z,TAG-U1-CondenserTemp_C,MED,Condenser temp elevated; vacuum risk. Review CW pumps/CT fans.,,TAG-U1-CondenserTemp_C
ALM-202306200405-01105,2023-06-20T04:05:00Z,TAG-U1-CondenserTemp_C,MED,Condenser temp elevated; vacuum risk. Review CW pumps/CT fans.,,TAG-U1-CondenserTemp_C
ALM-202306200545-01106,2023-06-20T05:45:00Z,TAG-U1-CondenserTemp_C,MED,Condenser temp elevated; vacuum risk. Review CW pumps/CT fans.,,TAG-U1-CondenserTemp_C
ALM-202306200900-01107,2023-06-20T09:00:00Z,TAG-U1-CondenserTemp_C,MED,Condenser temp elevated; vacuum risk. Review CW pumps/CT fans.,,TAG-U1-CondenserTemp_C
ALM-202306200910-01108,2023-06-20T09:10:00Z,TAG-U1-CondenserTemp_C,MED,Condenser temp elevated; vacuum risk. Review CW pumps/CT fans.,,TAG-U1-CondenserTemp_C
ALM-202306200945-01109,2023-06-20T09:45:00Z,TAG-U1-CondenserTemp_C,MED,Condenser temp elevated; vacuum risk. Review CW pumps/CT fans.,,TAG-U1-CondenserTemp_C
ALM-202306201225-01110,2023-06-20T12:25:00Z,TAG-U1-CondenserTemp_C,MED,Condenser temp elevated; vacuum risk. Review CW pumps/CT fans.,,TAG-U1-CondenserTemp_C
ALM-202306201510-01111,2023-06-20T15:10:00Z,TAG-U1-CondenserTemp_C,MED,Condenser temp elevated; vacuum risk. Review CW pumps/CT fans.,,TAG-U1-CondenserTemp_C
ALM-202306201550-01112,2023-06-20T15:50:00Z,TAG-U1-CondenserTemp_C,MED,Condenser temp elevated; vacuum risk. Review CW pumps/CT fans.,,TAG-U1-CondenserTemp_C
ALM-202306201630-01113,2023-06-20T16:30:00Z,TAG-U1-CondenserTemp_C,MED,Condenser temp elevated; vacuum risk. Review CW pumps/CT fans.,,TAG-U1-CondenserTemp_C
ALM-202306201855-01114,2023-06-20T18:55:00Z,TAG-U1-CondenserTemp_C,MED,Condenser temp elevated; vacuum risk. Review CW pumps/CT fans.,,TAG-U1-CondenserTemp_C
ALM-202306201920-01115,2023-06-20T19:20:00Z,TAG-U1-CondenserTemp_C,MED,Condenser temp elevated; vacuum risk. Review CW pumps/CT fans.,,TAG-U1-CondenserTemp_C
ALM-202306202045-01116,2023-06-20T20:45:00Z,TAG-U1-CondenserTemp_C,MED,Condenser temp elevated; vacuum risk. Review CW pumps/CT fans.,,TAG-U1-CondenserTemp_C
ALM-202306202210-01117,2023-06-20T22:10:00Z,TAG-U1-CondenserTemp_C,MED,Condenser temp elevated; vacuum risk. Review CW pumps/CT fans.,,TAG-U1-CondenserTemp_C
ALM-202306202220-01118,2023-06-20T22:20:00Z,TAG-U1-CondenserTemp_C,MED,Condenser temp elevated; vacuum risk. Review CW pumps/CT fans.,,TAG-U1-CondenserTemp_C
ALM-202306202345-01119,2023-06-20T23:45:00Z,TAG-U1-CondenserTemp_C,MED,Condenser temp elevated; vacuum risk. Review CW pumps/CT fans.,,TAG-U1-CondenserTemp_C
ALM-202306210020-01120,2023-06-21T00:20:00Z,TAG-U1-CondenserTemp_C,MED,Condenser temp elevated; vacuum risk. Review CW pumps/CT fans.,,TAG-U1-CondenserTemp_C
ALM-202306210135-01121,2023-06-21T01:35:00Z,TAG-U1-CondenserTemp_C,MED,Condenser temp elevated; vacuum risk. Review CW pumps/CT fans.,,TAG-U1-CondenserTemp_C
ALM-202306210145-01122,2023-06-21T01:45:00Z,TAG-U1-CondenserTemp_C,MED,Condenser temp elevated; vacuum risk. Review CW pumps/CT fans.,,TAG-U1-CondenserTemp_C
ALM-202306210215-01123,2023-06-21T02:15:00Z,TAG-U1-CondenserTemp_C,MED,Condenser temp elevated; vacuum risk. Review CW pumps/CT fans.,,TAG-U1-CondenserTemp_C
ALM-202306210305-01124,2023-06-21T03:05:00Z,TAG-U1-CondenserTemp_C,MED,Condenser temp elevated; vacuum risk. Review CW pumps/CT fans.,,TAG-U1-CondenserTemp_C
ALM-202306210635-01125,2023-06-21T06:35:00Z,TAG-U1-CondenserTemp_C,MED,Condenser temp elevated; vacuum risk. Review CW pumps/CT fans.,,TAG-U1-CondenserTemp_C
ALM-202306211145-01126,2023-06-21T11:45:00Z,TAG-U1-CondenserTemp_C,MED,Condenser temp elevated; vacuum risk. Review CW pumps/CT fans.,,TAG-U1-CondenserTemp_C
ALM-202306211235-01127,2023-06-21T12:35:00Z,TAG-U1-CondenserTemp_C,MED,Condenser temp elevated; vacuum risk. Review CW pumps/CT fans.,,TAG-U1-CondenserTemp_C
ALM-202306211630-01128,2023-06-21T16:30:00Z,TAG-U1-CondenserTemp_C,MED,Condenser temp elevated; vacuum risk. Review CW pumps/CT fans.,,TAG-U1-CondenserTemp_C
ALM-202306211640-01129,2023-06-21T16:40:00Z,TAG-U1-CondenserTemp_C,MED,Condenser temp elevated; vacuum risk. Review CW pumps/CT fans.,,TAG-U1-CondenserTemp_C
ALM-202306211655-01130,2023-06-21T16:55:00Z,TAG-U1-CondenserTemp_C,MED,Condenser temp elevated; vacuum risk. Review CW pumps/CT fans.,,TAG-U1-CondenserTemp_C
ALM-202306211705-01131,2023-06-21T17:05:00Z,TAG-U1-CondenserTemp_C,MED,Condenser temp elevated; vacuum risk. Review CW pumps/CT fans.,,TAG-U1-CondenserTemp_C
ALM-202306211820-01132,2023-06-21T18:20:00Z,TAG-U1-CondenserTemp_C,MED,Condenser temp elevated; vacuum risk. Review CW pumps/CT fans.,,TAG-U1-CondenserTemp_C
ALM-202306211905-01133,2023-06-21T19:05:00Z,TAG-U1-CondenserTemp_C,MED,Condenser temp elevated; vacuum risk. Review CW pumps/CT fans.,,TAG-U1-CondenserTemp_C
ALM-202306212015-01134,2023-06-21T20:15:00Z,TAG-U1-CondenserTemp_C,MED,Condenser temp elevated; vacuum risk. Review CW pumps/CT fans.,,TAG-U1-CondenserTemp_C
ALM-202306212225-01135,2023-06-21T22:25:00Z,TAG-U1-CondenserTemp_C,MED,Condenser temp elevated; vacuum risk. Review CW pumps/CT fans.,,TAG-U1-CondenserTemp_C
ALM-202306220300-01136,2023-06-22T03:00:00Z,TAG-U1-CondenserTemp_C,MED,Condenser temp elevated; vacuum risk. Review CW pumps/CT fans.,,TAG-U1-CondenserTemp_C
ALM-202306220315-01137,2023-06-22T03:15:00Z,TAG-U1-CondenserTemp_C,MED,Condenser temp elevated; vacuum risk. Review CW pumps/CT fans.,,TAG-U1-CondenserTemp_C
ALM-202306220430-01138,2023-06-22T04:30:00Z,TAG-U1-CondenserTemp_C,MED,Condenser temp elevated; vacuum risk. Review CW pumps/CT fans.,,TAG-U1-CondenserTemp_C
ALM-202306220440-01139,2023-06-22T04:40:00Z,TAG-U1-CondenserTemp_C,MED,Condenser temp elevated; vacuum risk. Review CW pumps/CT fans.,,TAG-U1-CondenserTemp_C
ALM-202306220700-01140,2023-06-22T07:00:00Z,TAG-U1-CondenserTemp_C,MED,Condenser temp elevated; vacuum risk. Review CW pumps/CT fans.,,TAG-U1-CondenserTemp_C
ALM-202306220735-01141,2023-06-22T07:35:00Z,TAG-U1-CondenserTemp_C,MED,Condenser temp elevated; vacuum risk. Review CW pumps/CT fans.,,TAG-U1-CondenserTemp_C
ALM-202306221015-01142,2023-06-22T10:15:00Z,TAG-U1-CondenserTemp_C,MED,Condenser temp elevated; vacuum risk. Review CW pumps/CT fans.,,TAG-U1-CondenserTemp_C
ALM-202306221230-01143,2023-06-22T12:30:00Z,TAG-U1-CondenserTemp_C,MED,Condenser temp elevated; vacuum risk. Review CW pumps/CT fans.,,TAG-U1-CondenserTemp_C
ALM-202306221255-01144,2023-06-22T12:55:00Z,TAG-U1-CondenserTemp_C,MED,Condenser temp elevated; vacuum risk. Review CW pumps/CT fans.,,TAG-U1-CondenserTemp_C
ALM-202306221330-01145,2023-06-22T13:30:00Z,TAG-U1-CondenserTemp_C,MED,Condenser temp elevated; vacuum risk. Review CW pumps/CT fans.,,TAG-U1-CondenserTemp_C
ALM-202306221445-01146,2023-06-22T14:45:00Z,TAG-U1-CondenserTemp_C,MED,Condenser temp elevated; vacuum risk. Review CW pumps/CT fans.,,TAG-U1-CondenserTemp_C
ALM-202306221500-01147,2023-06-22T15:00:00Z,TAG-U1-CondenserTemp_C,MED,Condenser temp elevated; vacuum risk. Review CW pumps/CT fans.,,TAG-U1-CondenserTemp_C
ALM-202306221805-01148,2023-06-22T18:05:00Z,TAG-U1-CondenserTemp_C,MED,Condenser temp elevated; vacuum risk. Review CW pumps/CT fans.,,TAG-U1-CondenserTemp_C
ALM-202306221820-01149,2023-06-22T18:20:00Z,TAG-U1-CondenserTemp_C,MED,Condenser temp elevated; vacuum risk. Review CW pumps/CT fans.,,TAG-U1-CondenserTemp_C
ALM-202306221930-01150,2023-06-22T19:30:00Z,TAG-U1-CondenserTemp_C,MED,Condenser temp elevated; vacuum risk. Review CW pumps/CT fans.,,TAG-U1-CondenserTemp_C
ALM-202306222035-01151,2023-06-22T20:35:00Z,TAG-U1-CondenserTemp_C,MED,Condenser temp elevated; vacuum risk. Review CW pumps/CT fans.,,TAG-U1-CondenserTemp_C
ALM-202306222115-01152,2023-06-22T21:15:00Z,TAG-U1-CondenserTemp_C,MED,Condenser temp elevated; vacuum risk. Review CW pumps/CT fans.,,TAG-U1-CondenserTemp_C
ALM-202306222140-01153,2023-06-22T21:40:00Z,TAG-U1-CondenserTemp_C,MED,Condenser temp elevated; vacuum risk. Review CW pumps/CT fans.,,TAG-U1-CondenserTemp_C
ALM-202306222325-01154,2023-06-22T23:25:00Z,TAG-U1-CondenserTemp_C,MED,Condenser temp elevated; vacuum risk. Review CW pumps/CT fans.,,TAG-U1-CondenserTemp_C
ALM-202306230255-01155,2023-06-23T02:55:00Z,TAG-U1-CondenserTemp_C,MED,Condenser temp elevated; vacuum risk. Review CW pumps/CT fans.,,TAG-U1-CondenserTemp_C
ALM-202306230315-01156,2023-06-23T03:15:00Z,TAG-U1-CondenserTemp_C,MED,Condenser temp elevated; vacuum risk. Review CW pumps/CT fans.,,TAG-U1-CondenserTemp_C
ALM-202306230545-01157,2023-06-23T05:45:00Z,TAG-U1-CondenserTemp_C,MED,Condenser temp elevated; vacuum risk. Review CW pumps/CT fans.,,TAG-U1-CondenserTemp_C
ALM-202306230710-01158,2023-06-23T07:10:00Z,TAG-U1-CondenserTemp_C,MED,Condenser temp elevated; vacuum risk. Review CW pumps/CT fans.,,TAG-U1-CondenserTemp_C
ALM-202306230730-01159,2023-06-23T07:30:00Z,TAG-U1-CondenserTemp_C,MED,Condenser temp elevated; vacuum risk. Review CW pumps/CT fans.,,TAG-U1-CondenserTemp_C
ALM-202306230825-01160,2023-06-23T08:25:00Z,TAG-U1-CondenserTemp_C,MED,Condenser temp elevated; vacuum risk. Review CW pumps/CT fans.,,TAG-U1-CondenserTemp_C
ALM-202306230925-01161,2023-06-23T09:25:00Z,TAG-U1-CondenserTemp_C,MED,Condenser temp elevated; vacuum risk. Review CW pumps/CT fans.,,TAG-U1-CondenserTemp_C
ALM-202306230950-01162,2023-06-23T09:50:00Z,TAG-U1-CondenserTemp_C,MED,Condenser temp elevated; vacuum risk. Review CW pumps/CT fans.,,TAG-U1-CondenserTemp_C
ALM-202306231010-01163,2023-06-23T10:10:00Z,TAG-U1-CondenserTemp_C,MED,Condenser temp elevated; vacuum risk. Review CW pumps/CT fans.,,TAG-U1-CondenserTemp_C
ALM-202306231120-01164,2023-06-23T11:20:00Z,TAG-U1-CondenserTemp_C,MED,Condenser temp elevated; vacuum risk. Review CW pumps/CT fans.,,TAG-U1-CondenserTemp_C
ALM-202306231330-01165,2023-06-23T13:30:00Z,TAG-U1-CondenserTemp_C,MED,Condenser temp elevated; vacuum risk. Review CW pumps/CT fans.,,TAG-U1-CondenserTemp_C
ALM-202306231525-01166,2023-06-23T15:25:00Z,TAG-U1-CondenserTemp_C,MED,Condenser temp elevated; vacuum risk. Review CW pumps/CT fans.,,TAG-U1-CondenserTemp_C
ALM-202306231635-01167,2023-06-23T16:35:00Z,TAG-U1-CondenserTemp_C,MED,Condenser temp elevated; vacuum risk. Review CW pumps/CT fans.,,TAG-U1-CondenserTemp_C
ALM-202306231710-01168,2023-06-23T17:10:00Z,TAG-U1-CondenserTemp_C,MED,Condenser temp elevated; vacuum risk. Review CW pumps/CT fans.,,TAG-U1-CondenserTemp_C
ALM-202306232020-01169,2023-06-23T20:20:00Z,TAG-U1-CondenserTemp_C,MED,Condenser temp elevated; vacuum risk. Review CW pumps/CT fans.,,TAG-U1-CondenserTemp_C
ALM-202306232145-01170,2023-06-23T21:45:00Z,TAG-U1-CondenserTemp_C,MED,Condenser temp elevated; vacuum risk. Review CW pumps/CT fans.,,TAG-U1-CondenserTemp_C
ALM-202306240000-01171,2023-06-24T00:00:00Z,TAG-U1-CondenserTemp_C,MED,Condenser temp elevated; vacuum risk. Review CW pumps/CT fans.,,TAG-U1-CondenserTemp_C
ALM-202306240035-01172,2023-06-24T00:35:00Z,TAG-U1-CondenserTemp_C,MED,Condenser temp elevated; vacuum risk. Review CW pumps/CT fans.,,TAG-U1-CondenserTemp_C
ALM-202306240045-01173,2023-06-24T00:45:00Z,TAG-U1-CondenserTemp_C,MED,Condenser temp elevated; vacuum risk. Review CW pumps/CT fans.,,TAG-U1-CondenserTemp_C
ALM-202306240145-01174,2023-06-24T01:45:00Z,TAG-U1-CondenserTemp_C,MED,Condenser temp elevated; vacuum risk. Review CW pumps/CT fans.,,TAG-U1-CondenserTemp_C
ALM-202306240235-01175,2023-06-24T02:35:00Z,TAG-U1-CondenserTemp_C,MED,Condenser temp elevated; vacuum risk. Review CW pumps/CT fans.,,TAG-U1-CondenserTemp_C
ALM-202306240730-01176,2023-06-24T07:30:00Z,TAG-U1-CondenserTemp_C,MED,Condenser temp elevated; vacuum risk. Review CW pumps/CT fans.,,TAG-U1-CondenserTemp_C
ALM-202306240750-01177,2023-06-24T07:50:00Z,TAG-U1-CondenserTemp_C,MED,Condenser temp elevated; vacuum risk. Review CW pumps/CT fans.,,TAG-U1-CondenserTemp_C
ALM-202306240920-01178,2023-06-24T09:20:00Z,TAG-U1-CondenserTemp_C,MED,Condenser temp elevated; vacuum risk. Review CW pumps/CT fans.,,TAG-U1-CondenserTemp_C
ALM-202306240950-01179,2023-06-24T09:50:00Z,TAG-U1-CondenserTemp_C,MED,Condenser temp elevated; vacuum risk. Review CW pumps/CT fans.,,TAG-U1-CondenserTemp_C
ALM-202306241000-01180,2023-06-24T10:00:00Z,TAG-U1-CondenserTemp_C,MED,Condenser temp elevated; vacuum risk. Review CW pumps/CT fans.,,TAG-U1-CondenserTemp_C
ALM-202306241030-01181,2023-06-24T10:30:00Z,TAG-U1-CondenserTemp_C,MED,Condenser temp elevated; vacuum risk. Review CW pumps/CT fans.,,TAG-U1-CondenserTemp_C
ALM-202306241105-01182,2023-06-24T11:05:00Z,TAG-U1-CondenserTemp_C,MED,Condenser temp elevated; vacuum risk. Review CW pumps/CT fans.,,TAG-U1-CondenserTemp_C
ALM-202306241635-01183,2023-06-24T16:35:00Z,TAG-U1-CondenserTemp_C,MED,Condenser temp elevated; vacuum risk. Review CW pumps/CT fans.,,TAG-U1-CondenserTemp_C
ALM-202306241735-01184,2023-06-24T17:35:00Z,TAG-U1-CondenserTemp_C,MED,Condenser temp elevated; vacuum risk. Review CW pumps/CT fans.,,TAG-U1-CondenserTemp_C
ALM-202306241830-01185,2023-06-24T18:30:00Z,TAG-U1-CondenserTemp_C,MED,Condenser temp elevated; vacuum risk. Review CW pumps/CT fans.,,TAG-U1-CondenserTemp_C
ALM-202306241945-01186,2023-06-24T19:45:00Z,TAG-U1-CondenserTemp_C,MED,Condenser temp elevated; vacuum risk. Review CW pumps/CT fans.,,TAG-U1-CondenserTemp_C
ALM-202306242155-01187,2023-06-24T21:55:00Z,TAG-U1-CondenserTemp_C,MED,Condenser temp elevated; vacuum risk. Review CW pumps/CT fans.,,TAG-U1-CondenserTemp_C
ALM-202306250025-01188,2023-06-25T00:25:00Z,TAG-U1-CondenserTemp_C,MED,Condenser temp elevated; vacuum risk. Review CW pumps/CT fans.,,TAG-U1-CondenserTemp_C
ALM-202306250705-01189,2023-06-25T07:05:00Z,TAG-U1-CondenserTemp_C,MED,Condenser temp elevated; vacuum risk. Review CW pumps/CT fans.,,TAG-U1-CondenserTemp_C
ALM-202306250900-01190,2023-06-25T09:00:00Z,TAG-U1-CondenserTemp_C,MED,Condenser temp elevated; vacuum risk. Review CW pumps/CT fans.,,TAG-U1-CondenserTemp_C
ALM-202306251000-01191,2023-06-25T10:00:00Z,TAG-U1-CondenserTemp_C,MED,Condenser temp elevated; vacuum risk. Review CW pumps/CT fans.,,TAG-U1-CondenserTemp_C
ALM-202306251150-01192,2023-06-25T11:50:00Z,TAG-U1-CondenserTemp_C,MED,Condenser temp elevated; vacuum risk. Review CW pumps/CT fans.,,TAG-U1-CondenserTemp_C
ALM-202306251305-01193,2023-06-25T13:05:00Z,TAG-U1-CondenserTemp_C,MED,Condenser temp elevated; vacuum risk. Review CW pumps/CT fans.,,TAG-U1-CondenserTemp_C
ALM-202306251330-01194,2023-06-25T13:30:00Z,TAG-U1-CondenserTemp_C,MED,Condenser temp elevated; vacuum risk. Review CW pumps/CT fans.,,TAG-U1-CondenserTemp_C
ALM-202306251345-01195,2023-06-25T13:45:00Z,TAG-U1-CondenserTemp_C,MED,Condenser temp elevated; vacuum risk. Review CW pumps/CT fans.,,TAG-U1-CondenserTemp_C
ALM-202306251515-01196,2023-06-25T15:15:00Z,TAG-U1-CondenserTemp_C,MED,Condenser temp elevated; vacuum risk. Review CW pumps/CT fans.,,TAG-U1-CondenserTemp_C
ALM-202306260050-01197,2023-06-26T00:50:00Z,TAG-U1-CondenserTemp_C,MED,Condenser temp elevated; vacuum risk. Review CW pumps/CT fans.,,TAG-U1-CondenserTemp_C
ALM-202306260155-01198,2023-06-26T01:55:00Z,TAG-U1-CondenserTemp_C,MED,Condenser temp elevated; vacuum risk. Review CW pumps/CT fans.,,TAG-U1-CondenserTemp_C
ALM-202306260545-01199,2023-06-26T05:45:00Z,TAG-U1-CondenserTemp_C,MED,Condenser temp elevated; vacuum risk. Review CW pumps/CT fans.,,TAG-U1-CondenserTemp_C
ALM-202306260725-01200,2023-06-26T07:25:00Z,TAG-U1-CondenserTemp_C,MED,Condenser temp elevated; vacuum risk. Review CW pumps/CT fans.,,TAG-U1-CondenserTemp_C
ALM-202306260925-01201,2023-06-26T09:25:00Z,TAG-U1-CondenserTemp_C,MED,Condenser temp elevated; vacuum risk. Review CW pumps/CT fans.,,TAG-U1-CondenserTemp_C
ALM-202306260945-01202,2023-06-26T09:45:00Z,TAG-U1-CondenserTemp_C,MED,Condenser temp elevated; vacuum risk. Review CW pumps/CT fans.,,TAG-U1-CondenserTemp_C
ALM-202306261105-01203,2023-06-26T11:05:00Z,TAG-U1-CondenserTemp_C,MED,Condenser temp elevated; vacuum risk. Review CW pumps/CT fans.,,TAG-U1-CondenserTemp_C
ALM-202306261130-01204,2023-06-26T11:30:00Z,TAG-U1-CondenserTemp_C,MED,Condenser temp elevated; vacuum risk. Review CW pumps/CT fans.,,TAG-U1-CondenserTemp_C
ALM-202306261235-01205,2023-06-26T12:35:00Z,TAG-U1-CondenserTemp_C,MED,Condenser temp elevated; vacuum risk. Review CW pumps/CT fans.,,TAG-U1-CondenserTemp_C
ALM-202306261320-01206,2023-06-26T13:20:00Z,TAG-U1-CondenserTemp_C,MED,Condenser temp elevated; vacuum risk. Review CW pumps/CT fans.,,TAG-U1-CondenserTemp_C
ALM-202306261335-01207,2023-06-26T13:35:00Z,TAG-U1-CondenserTemp_C,MED,Condenser temp elevated; vacuum risk. Review CW pumps/CT fans.,,TAG-U1-CondenserTemp_C
ALM-202306261425-01208,2023-06-26T14:25:00Z,TAG-U1-CondenserTemp_C,MED,Condenser temp elevated; vacuum risk. Review CW pumps/CT fans.,,TAG-U1-CondenserTemp_C
ALM-202306261950-01209,2023-06-26T19:50:00Z,TAG-U1-CondenserTemp_C,MED,Condenser temp elevated; vacuum risk. Review CW pumps/CT fans.,,TAG-U1-CondenserTemp_C
ALM-202306270105-01210,2023-06-27T01:05:00Z,TAG-U1-CondenserTemp_C,MED,Condenser temp elevated; vacuum risk. Review CW pumps/CT fans.,,TAG-U1-CondenserTemp_C
ALM-202306270355-01211,2023-06-27T03:55:00Z,TAG-U1-CondenserTemp_C,MED,Condenser temp elevated; vacuum risk. Review CW pumps/CT fans.,,TAG-U1-CondenserTemp_C
ALM-202306270410-01212,2023-06-27T04:10:00Z,TAG-U1-CondenserTemp_C,MED,Condenser temp elevated; vacuum risk. Review CW pumps/CT fans.,,TAG-U1-CondenserTemp_C
ALM-202306270535-01213,2023-06-27T05:35:00Z,TAG-U1-CondenserTemp_C,MED,Condenser temp elevated; vacuum risk. Review CW pumps/CT fans.,,TAG-U1-CondenserTemp_C
ALM-202306270810-01214,2023-06-27T08:10:00Z,TAG-U1-CondenserTemp_C,MED,Condenser temp elevated; vacuum risk. Review CW pumps/CT fans.,,TAG-U1-CondenserTemp_C
ALM-202306270915-01215,2023-06-27T09:15:00Z,TAG-U1-CondenserTemp_C,MED,Condenser temp elevated; vacuum risk. Review CW pumps/CT fans.,,TAG-U1-CondenserTemp_C
ALM-202306271000-01216,2023-06-27T10:00:00Z,TAG-U1-CondenserTemp_C,MED,Condenser temp elevated; vacuum risk. Review CW pumps/CT fans.,,TAG-U1-CondenserTemp_C
ALM-202306271035-01217,2023-06-27T10:35:00Z,TAG-U1-CondenserTemp_C,MED,Condenser temp elevated; vacuum risk. Review CW pumps/CT fans.,,TAG-U1-CondenserTemp_C
ALM-202306271505-01218,2023-06-27T15:05:00Z,TAG-U1-CondenserTemp_C,MED,Condenser temp elevated; vacuum risk. Review CW pumps/CT fans.,,TAG-U1-CondenserTemp_C
ALM-202306271650-01219,2023-06-27T16:50:00Z,TAG-U1-CondenserTemp_C,MED,Condenser temp elevated; vacuum risk. Review CW pumps/CT fans.,,TAG-U1-CondenserTemp_C
ALM-202306271830-01220,2023-06-27T18:30:00Z,TAG-U1-CondenserTemp_C,MED,Condenser temp elevated; vacuum risk. Review CW pumps/CT fans.,,TAG-U1-CondenserTemp_C
ALM-202306271850-01221,2023-06-27T18:50:00Z,TAG-U1-CondenserTemp_C,MED,Condenser temp elevated; vacuum risk. Review CW pumps/CT fans.,,TAG-U1-CondenserTemp_C
ALM-202306272000-01222,2023-06-27T20:00:00Z,TAG-U1-CondenserTemp_C,MED,Condenser temp elevated; vacuum risk. Review CW pumps/CT fans.,,TAG-U1-CondenserTemp_C
ALM-202306280040-01223,2023-06-28T00:40:00Z,TAG-U1-CondenserTemp_C,MED,Condenser temp elevated; vacuum risk. Review CW pumps/CT fans.,,TAG-U1-CondenserTemp_C
ALM-202306280050-01224,2023-06-28T00:50:00Z,TAG-U1-CondenserTemp_C,MED,Condenser temp elevated; vacuum risk. Review CW pumps/CT fans.,,TAG-U1-CondenserTemp_C
ALM-202306280220-01225,2023-06-28T02:20:00Z,TAG-U1-CondenserTemp_C,MED,Condenser temp elevated; vacuum risk. Review CW pumps/CT fans.,,TAG-U1-CondenserTemp_C
ALM-202306280420-01226,2023-06-28T04:20:00Z,TAG-U1-CondenserTemp_C,MED,Condenser temp elevated; vacuum risk. Review CW pumps/CT fans.,,TAG-U1-CondenserTemp_C
ALM-202306280435-01227,2023-06-28T04:35:00Z,TAG-U1-CondenserTemp_C,MED,Condenser temp elevated; vacuum risk. Review CW pumps/CT fans.,,TAG-U1-CondenserTemp_C
ALM-202306280545-01228,2023-06-28T05:45:00Z,TAG-U1-CondenserTemp_C,MED,Condenser temp elevated; vacuum risk. Review CW pumps/CT fans.,,TAG-U1-CondenserTemp_C
ALM-202306280745-01229,2023-06-28T07:45:00Z,TAG-U1-CondenserTemp_C,MED,Condenser temp elevated; vacuum risk. Review CW pumps/CT fans.,,TAG-U1-CondenserTemp_C
ALM-202306280845-01230,2023-06-28T08:45:00Z,TAG-U1-CondenserTemp_C,MED,Condenser temp elevated; vacuum risk. Review CW pumps/CT fans.,,TAG-U1-CondenserTemp_C
ALM-202306281435-01231,2023-06-28T14:35:00Z,TAG-U1-CondenserTemp_C,MED,Condenser temp elevated; vacuum risk. Review CW pumps/CT fans.,,TAG-U1-CondenserTemp_C
ALM-202306281500-01232,2023-06-28T15:00:00Z,TAG-U1-CondenserTemp_C,MED,Condenser temp elevated; vacuum risk. Review CW pumps/CT fans.,,TAG-U1-CondenserTemp_C
ALM-202306281545-01233,2023-06-28T15:45:00Z,TAG-U1-CondenserTemp_C,MED,Condenser temp elevated; vacuum risk. Review CW pumps/CT fans.,,TAG-U1-CondenserTemp_C
ALM-202306281655-01234,2023-06-28T16:55:00Z,TAG-U1-CondenserTemp_C,MED,Condenser temp elevated; vacuum risk. Review CW pumps/CT fans.,,TAG-U1-CondenserTemp_C
ALM-202306282220-01235,2023-06-28T22:20:00Z,TAG-U1-CondenserTemp_C,MED,Condenser temp elevated; vacuum risk. Review CW pumps/CT fans.,,TAG-U1-CondenserTemp_C
ALM-202306282330-01236,2023-06-28T23:30:00Z,TAG-U1-CondenserTemp_C,MED,Condenser temp elevated; vacuum risk. Review CW pumps/CT fans.,,TAG-U1-CondenserTemp_C
ALM-202306290205-01237,2023-06-29T02:05:00Z,TAG-U1-CondenserTemp_C,MED,Condenser temp elevated; vacuum risk. Review CW pumps/CT fans.,,TAG-U1-CondenserTemp_C
ALM-202306290335-01238,2023-06-29T03:35:00Z,TAG-U1-CondenserTemp_C,MED,Condenser temp elevated; vacuum risk. Review CW pumps/CT fans.,,TAG-U1-CondenserTemp_C
ALM-202306290605-01239,2023-06-29T06:05:00Z,TAG-U1-CondenserTemp_C,MED,Condenser temp elevated; vacuum risk. Review CW pumps/CT fans.,,TAG-U1-CondenserTemp_C
ALM-202306290610-01240,2023-06-29T06:10:00Z,TAG-U1-CondenserTemp_C,MED,Condenser temp elevated; vacuum risk. Review CW pumps/CT fans.,,TAG-U1-CondenserTemp_C
ALM-202306290625-01241,2023-06-29T06:25:00Z,TAG-U1-CondenserTemp_C,MED,Condenser temp elevated; vacuum risk. Review CW pumps/CT fans.,,TAG-U1-CondenserTemp_C
ALM-202306290815-01242,2023-06-29T08:15:00Z,TAG-U1-CondenserTemp_C,MED,Condenser temp elevated; vacuum risk. Review CW pumps/CT fans.,,TAG-U1-CondenserTemp_C
ALM-202306291020-01243,2023-06-29T10:20:00Z,TAG-U1-CondenserTemp_C,MED,Condenser temp elevated; vacuum risk. Review CW pumps/CT fans.,,TAG-U1-CondenserTemp_C
ALM-202306291105-01244,2023-06-29T11:05:00Z,TAG-U1-CondenserTemp_C,MED,Condenser temp elevated; vacuum risk. Review CW pumps/CT fans.,,TAG-U1-CondenserTemp_C
ALM-202306291300-01245,2023-06-29T13:00:00Z,TAG-U1-CondenserTemp_C,MED,Condenser temp elevated; vacuum risk. Review CW pumps/CT fans.,,TAG-U1-CondenserTemp_C
ALM-202306291320-01246,2023-06-29T13:20:00Z,TAG-U1-CondenserTemp_C,MED,Condenser temp elevated; vacuum risk. Review CW pumps/CT fans.,,TAG-U1-CondenserTemp_C
ALM-202306291330-01247,2023-06-29T13:30:00Z,TAG-U1-CondenserTemp_C,MED,Condenser temp elevated; vacuum risk. Review CW pumps/CT fans.,,TAG-U1-CondenserTemp_C
ALM-202306291815-01248,2023-06-29T18:15:00Z,TAG-U1-CondenserTemp_C,MED,Condenser temp elevated; vacuum risk. Review CW pumps/CT fans.,,TAG-U1-CondenserTemp_C
ALM-202306292025-01249,2023-06-29T20:25:00Z,TAG-U1-CondenserTemp_C,MED,Condenser temp elevated; vacuum risk. Review CW pumps/CT fans.,,TAG-U1-CondenserTemp_C
ALM-202306292245-01250,2023-06-29T22:45:00Z,TAG-U1-CondenserTemp_C,MED,Condenser temp elevated; vacuum risk. Review CW pumps/CT fans.,,TAG-U1-CondenserTemp_C
ALM-202306300135-01251,2023-06-30T01:35:00Z,TAG-U1-CondenserTemp_C,MED,Condenser temp elevated; vacuum risk. Review CW pumps/CT fans.,,TAG-U1-CondenserTemp_C
ALM-202306300325-01252,2023-06-30T03:25:00Z,TAG-U1-CondenserTemp_C,MED,Condenser temp elevated; vacuum risk. Review CW pumps/CT fans.,,TAG-U1-CondenserTemp_C
ALM-202306300345-01253,2023-06-30T03:45:00Z,TAG-U1-CondenserTemp_C,MED,Condenser temp elevated; vacuum risk. Review CW pumps/CT fans.,,TAG-U1-CondenserTemp_C
ALM-202306300550-01254,2023-06-30T05:50:00Z,TAG-U1-CondenserTemp_C,MED,Condenser temp elevated; vacuum risk. Review CW pumps/CT fans.,,TAG-U1-CondenserTemp_C
ALM-202306300555-01255,2023-06-30T05:55:00Z,TAG-U1-CondenserTemp_C,MED,Condenser temp elevated; vacuum risk. Review CW pumps/CT fans.,,TAG-U1-CondenserTemp_C
ALM-202306300625-01256,2023-06-30T06:25:00Z,TAG-U1-CondenserTemp_C,MED,Condenser temp elevated; vacuum risk. Review CW pumps/CT fans.,,TAG-U1-CondenserTemp_C
ALM-202306300825-01257,2023-06-30T08:25:00Z,TAG-U1-CondenserTemp_C,MED,Condenser temp elevated; vacuum risk. Review CW pumps/CT fans.,,TAG-U1-CondenserTemp_C
ALM-202306300925-01258,2023-06-30T09:25:00Z,TAG-U1-CondenserTemp_C,MED,Condenser temp elevated; vacuum risk. Review CW pumps/CT fans.,,TAG-U1-CondenserTemp_C
ALM-202306301035-01259,2023-06-30T10:35:00Z,TAG-U1-CondenserTemp_C,MED,Condenser temp elevated; vacuum risk. Review CW pumps/CT fans.,,TAG-U1-CondenserTemp_C
ALM-202306301100-01260,2023-06-30T11:00:00Z,TAG-U1-CondenserTemp_C,MED,Condenser temp elevated; vacuum risk. Review CW pumps/CT fans.,,TAG-U1-CondenserTemp_C
ALM-202306301435-01261,2023-06-30T14:35:00Z,TAG-U1-CondenserTemp_C,MED,Condenser temp elevated; vacuum risk. Review CW pumps/CT fans.,,TAG-U1-CondenserTemp_C
ALM-202306301810-01262,2023-06-30T18:10:00Z,TAG-U1-CondenserTemp_C,MED,Condenser temp elevated; vacuum risk. Review CW pumps/CT fans.,,TAG-U1-CondenserTemp_C
ALM-202308311925-01263,2023-08-31T19:25:00Z,TAG-U1-DamperPosition_pct,MED,Damper near saturation (>95%). Check ID fan response/tuning.,EVT-2023-07-WETCOAL,TAG-U1-DamperPosition_pct
ALM-202309271140-01264,2023-09-27T11:40:00Z,TAG-U1-FurnaceDraftPressure_Pa,HIGH,Furnace draft oscillation; ID fan hunting suspected. Stabilize draft.,EVT-DRAFT-20230927-07,TAG-U1-FurnaceDraftPressure_Pa
ALM-202309271255-01265,2023-09-27T12:55:00Z,TAG-U1-FurnaceDraftPressure_Pa,HIGH,Furnace draft oscillation; ID fan hunting suspected. Stabilize draft.,EVT-DRAFT-20230927-07,TAG-U1-FurnaceDraftPressure_Pa
ALM-202309271315-01266,2023-09-27T13:15:00Z,TAG-U1-FurnaceDraftPressure_Pa,HIGH,Furnace draft oscillation; ID fan hunting suspected. Stabilize draft.,EVT-DRAFT-20230927-07,TAG-U1-FurnaceDraftPressure_Pa
ALM-202309271420-01267,2023-09-27T14:20:00Z,TAG-U1-FurnaceDraftPressure_Pa,HIGH,Furnace draft oscillation; ID fan hunting suspected. Stabilize draft.,,TAG-U1-FurnaceDraftPressure_Pa
ALM-202310052000-01268,2023-10-05T20:00:00Z,TAG-U1-CondenserTemp_C,MED,Condenser temp elevated; vacuum risk. Review CW pumps/CT fans.,,TAG-U1-CondenserTemp_C
ALM-202310070925-01269,2023-10-07T09:25:00Z,TAG-U1-IDFanSpeed_pct,MED,ID fan speed high; approaching limit. Investigate draft demand.,,TAG-U1-IDFanSpeed_pct
ALM-202310091805-01270,2023-10-09T18:05:00Z,TAG-U1-CondenserTemp_C,MED,Condenser temp elevated; vacuum risk. Review CW pumps/CT fans.,,TAG-U1-CondenserTemp_C
ALM-202310092150-01271,2023-10-09T21:50:00Z,TAG-U1-CondenserTemp_C,MED,Condenser temp elevated; vacuum risk. Review CW pumps/CT fans.,,TAG-U1-CondenserTemp_C
ALM-202310112145-01272,2023-10-11T21:45:00Z,TAG-U1-CondenserTemp_C,MED,Condenser temp elevated; vacuum risk. Review CW pumps/CT fans.,,TAG-U1-CondenserTemp_C
ALM-202310181850-01273,2023-10-18T18:50:00Z,TAG-U1-CondenserTemp_C,MED,Condenser temp elevated; vacuum risk. Review CW pumps/CT fans.,,TAG-U1-CondenserTemp_C
ALM-202310232010-01274,2023-10-23T20:10:00Z,TAG-U1-CondenserTemp_C,MED,Condenser temp elevated; vacuum risk. Review CW pumps/CT fans.,,TAG-U1-CondenserTemp_C
ALM-202310241410-01275,2023-10-24T14:10:00Z,TAG-U1-DamperPosition_pct,MED,Damper near saturation (>95%). Check ID fan response/tuning.,,TAG-U1-DamperPosition_pct
ALM-202311061750-01276,2023-11-06T17:50:00Z,TAG-U1-CondenserTemp_C,MED,Condenser temp elevated; vacuum risk. Review CW pumps/CT fans.,,TAG-U1-CondenserTemp_C
ALM-202311061830-01277,2023-11-06T18:30:00Z,TAG-U1-CondenserTemp_C,MED,Condenser temp elevated; vacuum risk. Review CW pumps/CT fans.,,TAG-U1-CondenserTemp_C
ALM-202311072005-01278,2023-11-07T20:05:00Z,TAG-U1-CondenserTemp_C,MED,Condenser temp elevated; vacuum risk. Review CW pumps/CT fans.,,TAG-U1-CondenserTemp_C
ALM-202311081010-01279,2023-11-08T10:10:00Z,TAG-U1-DamperPosition_pct,MED,Damper near saturation (>95%). Check ID fan response/tuning.,,TAG-U1-DamperPosition_pct
ALM-202311081045-01280,2023-11-08T10:45:00Z,TAG-U1-DamperPosition_pct,MED,Damper near saturation (>95%). Check ID fan response/tuning.,,TAG-U1-DamperPosition_pct
ALM-202311081130-01281,2023-11-08T11:30:00Z,TAG-U1-FurnaceDraftPressure_Pa,HIGH,Furnace draft oscillation; ID fan hunting suspected. Stabilize draft.,EVT-DRAFT-20231108-09,TAG-U1-FurnaceDraftPressure_Pa
ALM-202311081300-01282,2023-11-08T13:00:00Z,TAG-U1-FurnaceDraftPressure_Pa,HIGH,Furnace draft oscillation; ID fan hunting suspected. Stabilize draft.,,TAG-U1-FurnaceDraftPressure_Pa
ALM-202311082200-01283,2023-11-08T22:00:00Z,TAG-U1-CondenserTemp_C,MED,Condenser temp elevated; vacuum risk. Review CW pumps/CT fans.,,TAG-U1-CondenserTemp_C
ALM-202311132005-01284,2023-11-13T20:05:00Z,TAG-U1-CondenserTemp_C,MED,Condenser temp elevated; vacuum risk. Review CW pumps/CT fans.,,TAG-U1-CondenserTemp_C
ALM-202311162050-01285,2023-11-16T20:50:00Z,TAG-U1-CondenserTemp_C,MED,Condenser temp elevated; vacuum risk. Review CW pumps/CT fans.,,TAG-U1-CondenserTemp_C
ALM-202311171900-01286,2023-11-17T19:00:00Z,TAG-U1-CondenserTemp_C,MED,Condenser temp elevated; vacuum risk. Review CW pumps/CT fans.,,TAG-U1-CondenserTemp_C
ALM-202311221825-01287,2023-11-22T18:25:00Z,TAG-U1-CondenserTemp_C,MED,Condenser temp elevated; vacuum risk. Review CW pumps/CT fans.,,TAG-U1-CondenserTemp_C
ALM-202311231155-01288,2023-11-23T11:55:00Z,TAG-U1-DamperPosition_pct,MED,Damper near saturation (>95%). Check ID fan response/tuning.,,TAG-U1-DamperPosition_pct
ALM-202311231250-01289,2023-11-23T12:50:00Z,TAG-U1-FurnaceDraftPressure_Pa,HIGH,Furnace draft oscillation; ID fan hunting suspected. Stabilize draft.,EVT-DRAFT-20231123-10,TAG-U1-FurnaceDraftPressure_Pa
ALM-202311231410-01290,2023-11-23T14:10:00Z,TAG-U1-FurnaceDraftPressure_Pa,HIGH,Furnace draft oscillation; ID fan hunting suspected. Stabilize draft.,EVT-DRAFT-20231123-10,TAG-U1-FurnaceDraftPressure_Pa
ALM-202311231440-01291,2023-11-23T14:40:00Z,TAG-U1-FurnaceDraftPressure_Pa,HIGH,Furnace draft oscillation; ID fan hunting suspected. Stabilize draft.,EVT-DRAFT-20231123-10,TAG-U1-FurnaceDraftPressure_Pa
ALM-202311252230-01292,2023-11-25T22:30:00Z,TAG-U1-CondenserTemp_C,MED,Condenser temp elevated; vacuum risk. Review CW pumps/CT fans.,,TAG-U1-CondenserTemp_C
ALM-202311291945-01293,2023-11-29T19:45:00Z,TAG-U1-CondenserTemp_C,MED,Condenser temp elevated; vacuum risk. Review CW pumps/CT fans.,,TAG-U1-CondenserTemp_C
ALM-202312050620-01294,2023-12-05T06:20:00Z,TAG-U1-DamperPosition_pct,MED,Damper near saturation (>95%). Check ID fan response/tuning.,,TAG-U1-DamperPosition_pct
ALM-202312051810-01295,2023-12-05T18:10:00Z,TAG-U1-CondenserTemp_C,MED,Condenser temp elevated; vacuum risk. Review CW pumps/CT fans.,,TAG-U1-CondenserTemp_C
ALM-202312081815-01296,2023-12-08T18:15:00Z,TAG-U1-CondenserTemp_C,MED,Condenser temp elevated; vacuum risk. Review CW pumps/CT fans.,,TAG-U1-CondenserTemp_C
ALM-202312082150-01297,2023-12-08T21:50:00Z,TAG-U1-CondenserTemp_C,MED,Condenser temp elevated; vacuum risk. Review CW pumps/CT fans.,,TAG-U1-CondenserTemp_C
ALM-202312111930-01298,2023-12-11T19:30:00Z,TAG-U1-CondenserTemp_C,MED,Condenser temp elevated; vacuum risk. Review CW pumps/CT fans.,,TAG-U1-CondenserTemp_C
ALM-202312112055-01299,2023-12-11T20:55:00Z,TAG-U1-CondenserTemp_C,MED,Condenser temp elevated; vacuum risk. Review CW pumps/CT fans.,,TAG-U1-CondenserTemp_C
ALM-202312130700-01300,2023-12-13T07:00:00Z,TAG-U1-CondenserTemp_C,MED,Condenser temp elevated; vacuum risk. Review CW pumps/CT fans.,,TAG-U1-CondenserTemp_C
ALM-202312161445-01301,2023-12-16T14:45:00Z,TAG-U1-DamperPosition_pct,MED,Damper near saturation (>95%). Check ID fan response/tuning.,,TAG-U1-DamperPosition_pct
ALM-202312192230-01302,2023-12-19T22:30:00Z,TAG-U1-CondenserTemp_C,MED,Condenser temp elevated; vacuum risk. Review CW pumps/CT fans.,,TAG-U1-CondenserTemp_C
ALM-202312201825-01303,2023-12-20T18:25:00Z,TAG-U1-CondenserTemp_C,MED,Condenser temp elevated; vacuum risk. Review CW pumps/CT fans.,,TAG-U1-CondenserTemp_C
ALM-202312261720-01304,2023-12-26T17:20:00Z,TAG-U1-FurnaceDraftPressure_Pa,HIGH,Furnace draft oscillation; ID fan hunting suspected. Stabilize draft.,,TAG-U1-FurnaceDraftPressure_Pa
ALM-202312261815-01305,2023-12-26T18:15:00Z,TAG-U1-DamperPosition_pct,MED,Damper near saturation (>95%). Check ID fan response/tuning.,,TAG-U1-DamperPosition_pct
ALM-202312281750-01306,2023-12-28T17:50:00Z,TAG-U1-CondenserTemp_C,MED,Condenser temp elevated; vacuum risk. Review CW pumps/CT fans.,,TAG-U1-CondenserTemp_C
ALM-202312282105-01307,2023-12-28T21:05:00Z,TAG-U1-CondenserTemp_C,MED,Condenser temp elevated; vacuum risk. Review CW pumps/CT fans.,,TAG-U1-CondenserTemp_C
ALM-202312301010-01308,2023-12-30T10:10:00Z,TAG-U1-DamperPosition_pct,MED,Damper near saturation (>95%). Check ID fan response/tuning.,,TAG-U1-DamperPosition_pct
ALM-202312301125-01309,2023-12-30T11:25:00Z,TAG-U1-FurnaceDraftPressure_Pa,HIGH,Furnace draft oscillation; ID fan hunting suspected. Stabilize draft.,EVT-DRAFT-20231230-11,TAG-U1-FurnaceDraftPressure_Pa
ALM-202401131325-01310,2024-01-13T13:25:00Z,TAG-U1-DamperPosition_pct,MED,Damper near saturation (>95%). Check ID fan response/tuning.,,TAG-U1-DamperPosition_pct
ALM-202401151800-01311,2024-01-15T18:00:00Z,TAG-U1-CondenserTemp_C,MED,Condenser temp elevated; vacuum risk. Review CW pumps/CT fans.,,TAG-U1-CondenserTemp_C
ALM-202401162125-01312,2024-01-16T21:25:00Z,TAG-U1-CondenserTemp_C,MED,Condenser temp elevated; vacuum risk. Review CW pumps/CT fans.,,TAG-U1-CondenserTemp_C
ALM-202401222000-01313,2024-01-22T20:00:00Z,TAG-U1-CondenserTemp_C,MED,Condenser temp elevated; vacuum risk. Review CW pumps/CT fans.,,TAG-U1-CondenserTemp_C
ALM-202401231535-01314,2024-01-23T15:35:00Z,TAG-U1-CondenserTemp_C,MED,Condenser temp elevated; vacuum risk. Review CW pumps/CT fans.,,TAG-U1-CondenserTemp_C
ALM-202401231720-01315,2024-01-23T17:20:00Z,TAG-U1-CondenserTemp_C,MED,Condenser temp elevated; vacuum risk. Review CW pumps/CT fans.,,TAG-U1-CondenserTemp_C
ALM-202401252115-01316,2024-01-25T21:15:00Z,TAG-U1-CondenserTemp_C,MED,Condenser temp elevated; vacuum risk. Review CW pumps/CT fans.,,TAG-U1-CondenserTemp_C
ALM-202401291610-01317,2024-01-29T16:10:00Z,TAG-U1-CondenserTemp_C,MED,Condenser temp elevated; vacuum risk. Review CW pumps/CT fans.,,TAG-U1-CondenserTemp_C
ALM-202401311800-01318,2024-01-31T18:00:00Z,TAG-U1-CondenserTemp_C,MED,Condenser temp elevated; vacuum risk. Review CW pumps/CT fans.,,TAG-U1-CondenserTemp_C
ALM-202402012100-01319,2024-02-01T21:00:00Z,TAG-U1-CondenserTemp_C,MED,Condenser temp elevated; vacuum risk. Review CW pumps/CT fans.,,TAG-U1-CondenserTemp_C
ALM-202402021940-01320,2024-02-02T19:40:00Z,TAG-U1-CondenserTemp_C,MED,Condenser temp elevated; vacuum risk. Review CW pumps/CT fans.,,TAG-U1-CondenserTemp_C
ALM-202402082010-01321,2024-02-08T20:10:00Z,TAG-U1-CondenserTemp_C,MED,Condenser temp elevated; vacuum risk. Review CW pumps/CT fans.,,TAG-U1-CondenserTemp_C
ALM-202402152030-01322,2024-02-15T20:30:00Z,TAG-U1-CondenserTemp_C,MED,Condenser temp elevated; vacuum risk. Review CW pumps/CT fans.,,TAG-U1-CondenserTemp_C
ALM-202402191820-01323,2024-02-19T18:20:00Z,TAG-U1-CondenserTemp_C,MED,Condenser temp elevated; vacuum risk. Review CW pumps/CT fans.,,TAG-U1-CondenserTemp_C
ALM-202402192300-01324,2024-02-19T23:00:00Z,TAG-U1-CondenserTemp_C,MED,Condenser temp elevated; vacuum risk. Review CW pumps/CT fans.,,TAG-U1-CondenserTemp_C
ALM-202402221200-01325,2024-02-22T12:00:00Z,TAG-U1-DamperPosition_pct,MED,Damper near saturation (>95%). Check ID fan response/tuning.,,TAG-U1-DamperPosition_pct
ALM-202402221250-01326,2024-02-22T12:50:00Z,TAG-U1-FurnaceDraftPressure_Pa,HIGH,Furnace draft oscillation; ID fan hunting suspected. Stabilize draft.,,TAG-U1-FurnaceDraftPressure_Pa
ALM-202402221330-01327,2024-02-22T13:30:00Z,TAG-U1-DamperPosition_pct,MED,Damper near saturation (>95%). Check ID fan response/tuning.,,TAG-U1-DamperPosition_pct
ALM-202402231020-01328,2024-02-23T10:20:00Z,TAG-U1-TurbineVibration_mm_s,HIGH,BRG2 vib high: check oil/alignment/pedestal. Trip risk.,EVT-2024-02-TB-VIB,TAG-U1-TurbineVibration_mm_s
ALM-202402231040-01329,2024-02-23T10:40:00Z,TAG-U1-TurbineVibration_mm_s,HIGH,BRG2 vib high: check oil/alignment/pedestal. Trip risk.,EVT-2024-02-TB-VIB,TAG-U1-TurbineVibration_mm_s
ALM-202402231930-01330,2024-02-23T19:30:00Z,TAG-U1-CondenserTemp_C,MED,Condenser temp elevated; vacuum risk. Review CW pumps/CT fans.,,TAG-U1-CondenserTemp_C
ALM-202402272145-01331,2024-02-27T21:45:00Z,TAG-U1-DamperPosition_pct,MED,Damper near saturation (>95%). Check ID fan response/tuning.,,TAG-U1-DamperPosition_pct
ALM-202402272220-01332,2024-02-27T22:20:00Z,TAG-U1-DamperPosition_pct,MED,Damper near saturation (>95%). Check ID fan response/tuning.,,TAG-U1-DamperPosition_pct
ALM-202403041500-01333,2024-03-04T15:00:00Z,TAG-U1-DamperPosition_pct,MED,Damper near saturation (>95%). Check ID fan response/tuning.,,TAG-U1-DamperPosition_pct
ALM-202403091910-01334,2024-03-09T19:10:00Z,TAG-U1-CondenserTemp_C,MED,Condenser temp elevated; vacuum risk. Review CW pumps/CT fans.,,TAG-U1-CondenserTemp_C
ALM-202403122020-01335,2024-03-12T20:20:00Z,TAG-U1-CondenserTemp_C,MED,Condenser temp elevated; vacuum risk. Review CW pumps/CT fans.,,TAG-U1-CondenserTemp_C
ALM-202403171525-01336,2024-03-17T15:25:00Z,TAG-U1-CondenserTemp_C,MED,Condenser temp elevated; vacuum risk. Review CW pumps/CT fans.,EVT-2024-03-CW-CONSTR,TAG-U1-CondenserTemp_C
ALM-202403171720-01337,2024-03-17T17:20:00Z,TAG-U1-CondenserTemp_C,MED,Condenser temp elevated; vacuum risk. Review CW pumps/CT fans.,EVT-2024-03-CW-CONSTR,TAG-U1-CondenserTemp_C
ALM-202403191805-01338,2024-03-19T18:05:00Z,TAG-U1-CondenserTemp_C,MED,Condenser temp elevated; vacuum risk. Review CW pumps/CT fans.,,TAG-U1-CondenserTemp_C
ALM-202403212300-01339,2024-03-21T23:00:00Z,TAG-U1-CondenserTemp_C,MED,Condenser temp elevated; vacuum risk. Review CW pumps/CT fans.,,TAG-U1-CondenserTemp_C
ALM-202403221825-01340,2024-03-22T18:25:00Z,TAG-U1-CondenserTemp_C,MED,Condenser temp elevated; vacuum risk. Review CW pumps/CT fans.,,TAG-U1-CondenserTemp_C
ALM-202403271940-01341,2024-03-27T19:40:00Z,TAG-U1-CondenserTemp_C,MED,Condenser temp elevated; vacuum risk. Review CW pumps/CT fans.,,TAG-U1-CondenserTemp_C
ALM-202404010025-01342,2024-04-01T00:25:00Z,TAG-U1-CondenserTemp_C,MED,Condenser temp elevated; vacuum risk. Review CW pumps/CT fans.,,TAG-U1-CondenserTemp_C
ALM-202404010150-01343,2024-04-01T01:50:00Z,TAG-U1-CondenserTemp_C,MED,Condenser temp elevated; vacuum risk. Review CW pumps/CT fans.,,TAG-U1-CondenserTemp_C
ALM-202404010205-01344,2024-04-01T02:05:00Z,TAG-U1-CondenserTemp_C,MED,Condenser temp elevated; vacuum risk. Review CW pumps/CT fans.,,TAG-U1-CondenserTemp_C
ALM-202404010255-01345,2024-04-01T02:55:00Z,TAG-U1-CondenserTemp_C,MED,Condenser temp elevated; vacuum risk. Review CW pumps/CT fans.,,TAG-U1-CondenserTemp_C
ALM-202404010515-01346,2024-04-01T05:15:00Z,TAG-U1-CondenserTemp_C,MED,Condenser temp elevated; vacuum risk. Review CW pumps/CT fans.,,TAG-U1-CondenserTemp_C
ALM-202404010555-01347,2024-04-01T05:55:00Z,TAG-U1-CondenserTemp_C,MED,Condenser temp elevated; vacuum risk. Review CW pumps/CT fans.,,TAG-U1-CondenserTemp_C
ALM-202404010625-01348,2024-04-01T06:25:00Z,TAG-U1-CondenserTemp_C,MED,Condenser temp elevated; vacuum risk. Review CW pumps/CT fans.,,TAG-U1-CondenserTemp_C
ALM-202404011435-01349,2024-04-01T14:35:00Z,TAG-U1-CondenserTemp_C,MED,Condenser temp elevated; vacuum risk. Review CW pumps/CT fans.,,TAG-U1-CondenserTemp_C
ALM-202404011605-01350,2024-04-01T16:05:00Z,TAG-U1-CondenserTemp_C,MED,Condenser temp elevated; vacuum risk. Review CW pumps/CT fans.,,TAG-U1-CondenserTemp_C
ALM-202404011805-01351,2024-04-01T18:05:00Z,TAG-U1-CondenserTemp_C,MED,Condenser temp elevated; vacuum risk. Review CW pumps/CT fans.,,TAG-U1-CondenserTemp_C
ALM-202404011955-01352,2024-04-01T19:55:00Z,TAG-U1-CondenserTemp_C,MED,Condenser temp elevated; vacuum risk. Review CW pumps/CT fans.,,TAG-U1-CondenserTemp_C
ALM-202404012005-01353,2024-04-01T20:05:00Z,TAG-U1-CondenserTemp_C,MED,Condenser temp elevated; vacuum risk. Review CW pumps/CT fans.,,TAG-U1-CondenserTemp_C
ALM-202404012125-01354,2024-04-01T21:25:00Z,TAG-U1-CondenserTemp_C,MED,Condenser temp elevated; vacuum risk. Review CW pumps/CT fans.,,TAG-U1-CondenserTemp_C
ALM-202404012145-01355,2024-04-01T21:45:00Z,TAG-U1-CondenserTemp_C,MED,Condenser temp elevated; vacuum risk. Review CW pumps/CT fans.,,TAG-U1-CondenserTemp_C
ALM-202404020010-01356,2024-04-02T00:10:00Z,TAG-U1-CondenserTemp_C,MED,Condenser temp elevated; vacuum risk. Review CW pumps/CT fans.,,TAG-U1-CondenserTemp_C
ALM-202404020130-01357,2024-04-02T01:30:00Z,TAG-U1-CondenserTemp_C,MED,Condenser temp elevated; vacuum risk. Review CW pumps/CT fans.,,TAG-U1-CondenserTemp_C
ALM-202404020500-01358,2024-04-02T05:00:00Z,TAG-U1-CondenserTemp_C,MED,Condenser temp elevated; vacuum risk. Review CW pumps/CT fans.,,TAG-U1-CondenserTemp_C
ALM-202404020515-01359,2024-04-02T05:15:00Z,TAG-U1-CondenserTemp_C,MED,Condenser temp elevated; vacuum risk. Review CW pumps/CT fans.,,TAG-U1-CondenserTemp_C
ALM-202404020720-01360,2024-04-02T07:20:00Z,TAG-U1-CondenserTemp_C,MED,Condenser temp elevated; vacuum risk. Review CW pumps/CT fans.,,TAG-U1-CondenserTemp_C
ALM-202404020900-01361,2024-04-02T09:00:00Z,TAG-U1-CondenserTemp_C,MED,Condenser temp elevated; vacuum risk. Review CW pumps/CT fans.,,TAG-U1-CondenserTemp_C
ALM-202404021835-01362,2024-04-02T18:35:00Z,TAG-U1-CondenserTemp_C,MED,Condenser temp elevated; vacuum risk. Review CW pumps/CT fans.,,TAG-U1-CondenserTemp_C
ALM-202404021930-01363,2024-04-02T19:30:00Z,TAG-U1-CondenserTemp_C,MED,Condenser temp elevated; vacuum risk. Review CW pumps/CT fans.,,TAG-U1-CondenserTemp_C
ALM-202404021940-01364,2024-04-02T19:40:00Z,TAG-U1-CondenserTemp_C,MED,Condenser temp elevated; vacuum risk. Review CW pumps/CT fans.,,TAG-U1-CondenserTemp_C
ALM-202404021955-01365,2024-04-02T19:55:00Z,TAG-U1-CondenserTemp_C,MED,Condenser temp elevated; vacuum risk. Review CW pumps/CT fans.,,TAG-U1-CondenserTemp_C
ALM-202404030035-01366,2024-04-03T00:35:00Z,TAG-U1-CondenserTemp_C,MED,Condenser temp elevated; vacuum risk. Review CW pumps/CT fans.,,TAG-U1-CondenserTemp_C
ALM-202404030205-01367,2024-04-03T02:05:00Z,TAG-U1-CondenserTemp_C,MED,Condenser temp elevated; vacuum risk. Review CW pumps/CT fans.,,TAG-U1-CondenserTemp_C
ALM-202404030335-01368,2024-04-03T03:35:00Z,TAG-U1-CondenserTemp_C,MED,Condenser temp elevated; vacuum risk. Review CW pumps/CT fans.,,TAG-U1-CondenserTemp_C
ALM-202404030420-01369,2024-04-03T04:20:00Z,TAG-U1-CondenserTemp_C,MED,Condenser temp elevated; vacuum risk. Review CW pumps/CT fans.,,TAG-U1-CondenserTemp_C
ALM-202404030455-01370,2024-04-03T04:55:00Z,TAG-U1-CondenserTemp_C,MED,Condenser temp elevated; vacuum risk. Review CW pumps/CT fans.,,TAG-U1-CondenserTemp_C
ALM-202404030500-01371,2024-04-03T05:00:00Z,TAG-U1-CondenserTemp_C,MED,Condenser temp elevated; vacuum risk. Review CW pumps/CT fans.,,TAG-U1-CondenserTemp_C
ALM-202404030830-01372,2024-04-03T08:30:00Z,TAG-U1-CondenserTemp_C,MED,Condenser temp elevated; vacuum risk. Review CW pumps/CT fans.,,TAG-U1-CondenserTemp_C
ALM-202404030910-01373,2024-04-03T09:10:00Z,TAG-U1-CondenserTemp_C,MED,Condenser temp elevated; vacuum risk. Review CW pumps/CT fans.,,TAG-U1-CondenserTemp_C
ALM-202404031005-01374,2024-04-03T10:05:00Z,TAG-U1-CondenserTemp_C,MED,Condenser temp elevated; vacuum risk. Review CW pumps/CT fans.,,TAG-U1-CondenserTemp_C
ALM-202404031545-01375,2024-04-03T15:45:00Z,TAG-U1-CondenserTemp_C,MED,Condenser temp elevated; vacuum risk. Review CW pumps/CT fans.,,TAG-U1-CondenserTemp_C
ALM-202404031635-01376,2024-04-03T16:35:00Z,TAG-U1-CondenserTemp_C,MED,Condenser temp elevated; vacuum risk. Review CW pumps/CT fans.,,TAG-U1-CondenserTemp_C
ALM-202404031705-01377,2024-04-03T17:05:00Z,TAG-U1-CondenserTemp_C,MED,Condenser temp elevated; vacuum risk. Review CW pumps/CT fans.,,TAG-U1-CondenserTemp_C
ALM-202404031725-01378,2024-04-03T17:25:00Z,TAG-U1-CondenserTemp_C,MED,Condenser temp elevated; vacuum risk. Review CW pumps/CT fans.,,TAG-U1-CondenserTemp_C
ALM-202404032100-01379,2024-04-03T21:00:00Z,TAG-U1-CondenserTemp_C,MED,Condenser temp elevated; vacuum risk. Review CW pumps/CT fans.,,TAG-U1-CondenserTemp_C
ALM-202404032105-01380,2024-04-03T21:05:00Z,TAG-U1-CondenserTemp_C,MED,Condenser temp elevated; vacuum risk. Review CW pumps/CT fans.,,TAG-U1-CondenserTemp_C
ALM-202404032140-01381,2024-04-03T21:40:00Z,TAG-U1-CondenserTemp_C,MED,Condenser temp elevated; vacuum risk. Review CW pumps/CT fans.,,TAG-U1-CondenserTemp_C
ALM-202404040355-01382,2024-04-04T03:55:00Z,TAG-U1-CondenserTemp_C,MED,Condenser temp elevated; vacuum risk. Review CW pumps/CT fans.,,TAG-U1-CondenserTemp_C
ALM-202404040440-01383,2024-04-04T04:40:00Z,TAG-U1-CondenserTemp_C,MED,Condenser temp elevated; vacuum risk. Review CW pumps/CT fans.,,TAG-U1-CondenserTemp_C
ALM-202404040555-01384,2024-04-04T05:55:00Z,TAG-U1-CondenserTemp_C,MED,Condenser temp elevated; vacuum risk. Review CW pumps/CT fans.,,TAG-U1-CondenserTemp_C
ALM-202404040610-01385,2024-04-04T06:10:00Z,TAG-U1-CondenserTemp_C,MED,Condenser temp elevated; vacuum risk. Review CW pumps/CT fans.,,TAG-U1-CondenserTemp_C
ALM-202404040625-01386,2024-04-04T06:25:00Z,TAG-U1-CondenserTemp_C,MED,Condenser temp elevated; vacuum risk. Review CW pumps/CT fans.,,TAG-U1-CondenserTemp_C
ALM-202404041130-01387,2024-04-04T11:30:00Z,TAG-U1-CondenserTemp_C,MED,Condenser temp elevated; vacuum risk. Review CW pumps/CT fans.,,TAG-U1-CondenserTemp_C
ALM-202404041310-01388,2024-04-04T13:10:00Z,TAG-U1-CondenserTemp_C,MED,Condenser temp elevated; vacuum risk. Review CW pumps/CT fans.,,TAG-U1-CondenserTemp_C
ALM-202404041425-01389,2024-04-04T14:25:00Z,TAG-U1-CondenserTemp_C,MED,Condenser temp elevated; vacuum risk. Review CW pumps/CT fans.,,TAG-U1-CondenserTemp_C
ALM-202404041535-01390,2024-04-04T15:35:00Z,TAG-U1-CondenserTemp_C,MED,Condenser temp elevated; vacuum risk. Review CW pumps/CT fans.,,TAG-U1-CondenserTemp_C
ALM-202404041755-01391,2024-04-04T17:55:00Z,TAG-U1-CondenserTemp_C,MED,Condenser temp elevated; vacuum risk. Review CW pumps/CT fans.,,TAG-U1-CondenserTemp_C
ALM-202404041930-01392,2024-04-04T19:30:00Z,TAG-U1-CondenserTemp_C,MED,Condenser temp elevated; vacuum risk. Review CW pumps/CT fans.,,TAG-U1-CondenserTemp_C
ALM-202404041935-01393,2024-04-04T19:35:00Z,TAG-U1-CondenserTemp_C,MED,Condenser temp elevated; vacuum risk. Review CW pumps/CT fans.,,TAG-U1-CondenserTemp_C
ALM-202404042125-01394,2024-04-04T21:25:00Z,TAG-U1-CondenserTemp_C,MED,Condenser temp elevated; vacuum risk. Review CW pumps/CT fans.,,TAG-U1-CondenserTemp_C
ALM-202404050030-01395,2024-04-05T00:30:00Z,TAG-U1-CondenserTemp_C,MED,Condenser temp elevated; vacuum risk. Review CW pumps/CT fans.,,TAG-U1-CondenserTemp_C
ALM-202404050050-01396,2024-04-05T00:50:00Z,TAG-U1-CondenserTemp_C,MED,Condenser temp elevated; vacuum risk. Review CW pumps/CT fans.,,TAG-U1-CondenserTemp_C
ALM-202404050155-01397,2024-04-05T01:55:00Z,TAG-U1-CondenserTemp_C,MED,Condenser temp elevated; vacuum risk. Review CW pumps/CT fans.,,TAG-U1-CondenserTemp_C
ALM-202404051340-01398,2024-04-05T13:40:00Z,TAG-U1-CondenserTemp_C,MED,Condenser temp elevated; vacuum risk. Review CW pumps/CT fans.,,TAG-U1-CondenserTemp_C
ALM-202404051430-01399,2024-04-05T14:30:00Z,TAG-U1-CondenserTemp_C,MED,Condenser temp elevated; vacuum risk. Review CW pumps/CT fans.,,TAG-U1-CondenserTemp_C
ALM-202404051730-01400,2024-04-05T17:30:00Z,TAG-U1-CondenserTemp_C,MED,Condenser temp elevated; vacuum risk. Review CW pumps/CT fans.,,TAG-U1-CondenserTemp_C
ALM-202404051910-01401,2024-04-05T19:10:00Z,TAG-U1-CondenserTemp_C,MED,Condenser temp elevated; vacuum risk. Review CW pumps/CT fans.,,TAG-U1-CondenserTemp_C
ALM-202404052305-01402,2024-04-05T23:05:00Z,TAG-U1-CondenserTemp_C,MED,Condenser temp elevated; vacuum risk. Review CW pumps/CT fans.,,TAG-U1-CondenserTemp_C
ALM-202404052315-01403,2024-04-05T23:15:00Z,TAG-U1-CondenserTemp_C,MED,Condenser temp elevated; vacuum risk. Review CW pumps/CT fans.,,TAG-U1-CondenserTemp_C
ALM-202404060030-01404,2024-04-06T00:30:00Z,TAG-U1-CondenserTemp_C,MED,Condenser temp elevated; vacuum risk. Review CW pumps/CT fans.,,TAG-U1-CondenserTemp_C
ALM-202404060300-01405,2024-04-06T03:00:00Z,TAG-U1-CondenserTemp_C,MED,Condenser temp elevated; vacuum risk. Review CW pumps/CT fans.,,TAG-U1-CondenserTemp_C
ALM-202404060410-01406,2024-04-06T04:10:00Z,TAG-U1-CondenserTemp_C,MED,Condenser temp elevated; vacuum risk. Review CW pumps/CT fans.,,TAG-U1-CondenserTemp_C
ALM-202404060635-01407,2024-04-06T06:35:00Z,TAG-U1-CondenserTemp_C,MED,Condenser temp elevated; vacuum risk. Review CW pumps/CT fans.,,TAG-U1-CondenserTemp_C
ALM-202404060910-01408,2024-04-06T09:10:00Z,TAG-U1-CondenserTemp_C,MED,Condenser temp elevated; vacuum risk. Review CW pumps/CT fans.,,TAG-U1-CondenserTemp_C
ALM-202404060935-01409,2024-04-06T09:35:00Z,TAG-U1-CondenserTemp_C,MED,Condenser temp elevated; vacuum risk. Review CW pumps/CT fans.,,TAG-U1-CondenserTemp_C
ALM-202404061110-01410,2024-04-06T11:10:00Z,TAG-U1-CondenserTemp_C,MED,Condenser temp elevated; vacuum risk. Review CW pumps/CT fans.,,TAG-U1-CondenserTemp_C
ALM-202404061120-01411,2024-04-06T11:20:00Z,TAG-U1-CondenserTemp_C,MED,Condenser temp elevated; vacuum risk. Review CW pumps/CT fans.,,TAG-U1-CondenserTemp_C
ALM-202404061800-01412,2024-04-06T18:00:00Z,TAG-U1-CondenserTemp_C,MED,Condenser temp elevated; vacuum risk. Review CW pumps/CT fans.,,TAG-U1-CondenserTemp_C
ALM-202404061835-01413,2024-04-06T18:35:00Z,TAG-U1-CondenserTemp_C,MED,Condenser temp elevated; vacuum risk. Review CW pumps/CT fans.,,TAG-U1-CondenserTemp_C
ALM-202404070010-01414,2024-04-07T00:10:00Z,TAG-U1-CondenserTemp_C,MED,Condenser temp elevated; vacuum risk. Review CW pumps/CT fans.,,TAG-U1-CondenserTemp_C
ALM-202404070055-01415,2024-04-07T00:55:00Z,TAG-U1-CondenserTemp_C,MED,Condenser temp elevated; vacuum risk. Review CW pumps/CT fans.,,TAG-U1-CondenserTemp_C
ALM-202404070120-01416,2024-04-07T01:20:00Z,TAG-U1-CondenserTemp_C,MED,Condenser temp elevated; vacuum risk. Review CW pumps/CT fans.,,TAG-U1-CondenserTemp_C
ALM-202404070435-01417,2024-04-07T04:35:00Z,TAG-U1-CondenserTemp_C,MED,Condenser temp elevated; vacuum risk. Review CW pumps/CT fans.,,TAG-U1-CondenserTemp_C
ALM-202404070550-01418,2024-04-07T05:50:00Z,TAG-U1-CondenserTemp_C,MED,Condenser temp elevated; vacuum risk. Review CW pumps/CT fans.,,TAG-U1-CondenserTemp_C
ALM-202404070605-01419,2024-04-07T06:05:00Z,TAG-U1-CondenserTemp_C,MED,Condenser temp elevated; vacuum risk. Review CW pumps/CT fans.,,TAG-U1-CondenserTemp_C
ALM-202404070910-01420,2024-04-07T09:10:00Z,TAG-U1-CondenserTemp_C,MED,Condenser temp elevated; vacuum risk. Review CW pumps/CT fans.,,TAG-U1-CondenserTemp_C
ALM-202404071020-01421,2024-04-07T10:20:00Z,TAG-U1-CondenserTemp_C,MED,Condenser temp elevated; vacuum risk. Review CW pumps/CT fans.,,TAG-U1-CondenserTemp_C
ALM-202404071050-01422,2024-04-07T10:50:00Z,TAG-U1-CondenserTemp_C,MED,Condenser temp elevated; vacuum risk. Review CW pumps/CT fans.,,TAG-U1-CondenserTemp_C
ALM-202404071425-01423,2024-04-07T14:25:00Z,TAG-U1-CondenserTemp_C,MED,Condenser temp elevated; vacuum risk. Review CW pumps/CT fans.,,TAG-U1-CondenserTemp_C
ALM-202404071615-01424,2024-04-07T16:15:00Z,TAG-U1-CondenserTemp_C,MED,Condenser temp elevated; vacuum risk. Review CW pumps/CT fans.,,TAG-U1-CondenserTemp_C
ALM-202404071625-01425,2024-04-07T16:25:00Z,TAG-U1-CondenserTemp_C,MED,Condenser temp elevated; vacuum risk. Review CW pumps/CT fans.,,TAG-U1-CondenserTemp_C
ALM-202404072135-01426,2024-04-07T21:35:00Z,TAG-U1-CondenserTemp_C,MED,Condenser temp elevated; vacuum risk. Review CW pumps/CT fans.,,TAG-U1-CondenserTemp_C
ALM-202404072225-01427,2024-04-07T22:25:00Z,TAG-U1-CondenserTemp_C,MED,Condenser temp elevated; vacuum risk. Review CW pumps/CT fans.,,TAG-U1-CondenserTemp_C
ALM-202404072350-01428,2024-04-07T23:50:00Z,TAG-U1-CondenserTemp_C,MED,Condenser temp elevated; vacuum risk. Review CW pumps/CT fans.,,TAG-U1-CondenserTemp_C
ALM-202404080040-01429,2024-04-08T00:40:00Z,TAG-U1-CondenserTemp_C,MED,Condenser temp elevated; vacuum risk. Review CW pumps/CT fans.,,TAG-U1-CondenserTemp_C
ALM-202404080105-01430,2024-04-08T01:05:00Z,TAG-U1-CondenserTemp_C,MED,Condenser temp elevated; vacuum risk. Review CW pumps/CT fans.,,TAG-U1-CondenserTemp_C
ALM-202404080335-01431,2024-04-08T03:35:00Z,TAG-U1-CondenserTemp_C,MED,Condenser temp elevated; vacuum risk. Review CW pumps/CT fans.,,TAG-U1-CondenserTemp_C
ALM-202404080650-01432,2024-04-08T06:50:00Z,TAG-U1-CondenserTemp_C,MED,Condenser temp elevated; vacuum risk. Review CW pumps/CT fans.,,TAG-U1-CondenserTemp_C
ALM-202404080750-01433,2024-04-08T07:50:00Z,TAG-U1-CondenserTemp_C,MED,Condenser temp elevated; vacuum risk. Review CW pumps/CT fans.,,TAG-U1-CondenserTemp_C
ALM-202404080845-01434,2024-04-08T08:45:00Z,TAG-U1-CondenserTemp_C,MED,Condenser temp elevated; vacuum risk. Review CW pumps/CT fans.,,TAG-U1-CondenserTemp_C
ALM-202404080900-01435,2024-04-08T09:00:00Z,TAG-U1-CondenserTemp_C,MED,Condenser temp elevated; vacuum risk. Review CW pumps/CT fans.,,TAG-U1-CondenserTemp_C
ALM-202404080925-01436,2024-04-08T09:25:00Z,TAG-U1-CondenserTemp_C,MED,Condenser temp elevated; vacuum risk. Review CW pumps/CT fans.,,TAG-U1-CondenserTemp_C
ALM-202404081030-01437,2024-04-08T10:30:00Z,TAG-U1-CondenserTemp_C,MED,Condenser temp elevated; vacuum risk. Review CW pumps/CT fans.,EVT-DRAFT-20240408-14,TAG-U1-CondenserTemp_C
ALM-202404081215-01438,2024-04-08T12:15:00Z,TAG-U1-CondenserTemp_C,MED,Condenser temp elevated; vacuum risk. Review CW pumps/CT fans.,EVT-DRAFT-20240408-14,TAG-U1-CondenserTemp_C
ALM-202404081835-01439,2024-04-08T18:35:00Z,TAG-U1-CondenserTemp_C,MED,Condenser temp elevated; vacuum risk. Review CW pumps/CT fans.,,TAG-U1-CondenserTemp_C
ALM-202404082135-01440,2024-04-08T21:35:00Z,TAG-U1-CondenserTemp_C,MED,Condenser temp elevated; vacuum risk. Review CW pumps/CT fans.,,TAG-U1-CondenserTemp_C
ALM-202404082200-01441,2024-04-08T22:00:00Z,TAG-U1-CondenserTemp_C,MED,Condenser temp elevated; vacuum risk. Review CW pumps/CT fans.,,TAG-U1-CondenserTemp_C
ALM-202404082300-01442,2024-04-08T23:00:00Z,TAG-U1-CondenserTemp_C,MED,Condenser temp elevated; vacuum risk. Review CW pumps/CT fans.,,TAG-U1-CondenserTemp_C
ALM-202404090345-01443,2024-04-09T03:45:00Z,TAG-U1-CondenserTemp_C,MED,Condenser temp elevated; vacuum risk. Review CW pumps/CT fans.,,TAG-U1-CondenserTemp_C
ALM-202404090450-01444,2024-04-09T04:50:00Z,TAG-U1-CondenserTemp_C,MED,Condenser temp elevated; vacuum risk. Review CW pumps/CT fans.,,TAG-U1-CondenserTemp_C
ALM-202404090625-01445,2024-04-09T06:25:00Z,TAG-U1-CondenserTemp_C,MED,Condenser temp elevated; vacuum risk. Review CW pumps/CT fans.,,TAG-U1-CondenserTemp_C
ALM-202404090800-01446,2024-04-09T08:00:00Z,TAG-U1-CondenserTemp_C,MED,Condenser temp elevated; vacuum risk. Review CW pumps/CT fans.,,TAG-U1-CondenserTemp_C
ALM-202404090825-01447,2024-04-09T08:25:00Z,TAG-U1-CondenserTemp_C,MED,Condenser temp elevated; vacuum risk. Review CW pumps/CT fans.,,TAG-U1-CondenserTemp_C
ALM-202404090855-01448,2024-04-09T08:55:00Z,TAG-U1-CondenserTemp_C,MED,Condenser temp elevated; vacuum risk. Review CW pumps/CT fans.,,TAG-U1-CondenserTemp_C
ALM-202404090945-01449,2024-04-09T09:45:00Z,TAG-U1-CondenserTemp_C,MED,Condenser temp elevated; vacuum risk. Review CW pumps/CT fans.,,TAG-U1-CondenserTemp_C
ALM-202404091350-01450,2024-04-09T13:50:00Z,TAG-U1-CondenserTemp_C,MED,Condenser temp elevated; vacuum risk. Review CW pumps/CT fans.,,TAG-U1-CondenserTemp_C
ALM-202404091540-01451,2024-04-09T15:40:00Z,TAG-U1-CondenserTemp_C,MED,Condenser temp elevated; vacuum risk. Review CW pumps/CT fans.,,TAG-U1-CondenserTemp_C
ALM-202404091815-01452,2024-04-09T18:15:00Z,TAG-U1-CondenserTemp_C,MED,Condenser temp elevated; vacuum risk. Review CW pumps/CT fans.,,TAG-U1-CondenserTemp_C
ALM-202404092015-01453,2024-04-09T20:15:00Z,TAG-U1-CondenserTemp_C,MED,Condenser temp elevated; vacuum risk. Review CW pumps/CT fans.,,TAG-U1-CondenserTemp_C
ALM-202404100110-01454,2024-04-10T01:10:00Z,TAG-U1-CondenserTemp_C,MED,Condenser temp elevated; vacuum risk. Review CW pumps/CT fans.,,TAG-U1-CondenserTemp_C
ALM-202404100155-01455,2024-04-10T01:55:00Z,TAG-U1-CondenserTemp_C,MED,Condenser temp elevated; vacuum risk. Review CW pumps/CT fans.,,TAG-U1-CondenserTemp_C
ALM-202404100305-01456,2024-04-10T03:05:00Z,TAG-U1-CondenserTemp_C,MED,Condenser temp elevated; vacuum risk. Review CW pumps/CT fans.,,TAG-U1-CondenserTemp_C
ALM-202404100455-01457,2024-04-10T04:55:00Z,TAG-U1-CondenserTemp_C,MED,Condenser temp elevated; vacuum risk. Review CW pumps/CT fans.,,TAG-U1-CondenserTemp_C
ALM-202404100715-01458,2024-04-10T07:15:00Z,TAG-U1-CondenserTemp_C,MED,Condenser temp elevated; vacuum risk. Review CW pumps/CT fans.,,TAG-U1-CondenserTemp_C
ALM-202404100725-01459,2024-04-10T07:25:00Z,TAG-U1-CondenserTemp_C,MED,Condenser temp elevated; vacuum risk. Review CW pumps/CT fans.,,TAG-U1-CondenserTemp_C
ALM-202404100750-01460,2024-04-10T07:50:00Z,TAG-U1-CondenserTemp_C,MED,Condenser temp elevated; vacuum risk. Review CW pumps/CT fans.,,TAG-U1-CondenserTemp_C
ALM-202404101045-01461,2024-04-10T10:45:00Z,TAG-U1-CondenserTemp_C,MED,Condenser temp elevated; vacuum risk. Review CW pumps/CT fans.,,TAG-U1-CondenserTemp_C
ALM-202404101330-01462,2024-04-10T13:30:00Z,TAG-U1-CondenserTemp_C,MED,Condenser temp elevated; vacuum risk. Review CW pumps/CT fans.,,TAG-U1-CondenserTemp_C
ALM-202404101700-01463,2024-04-10T17:00:00Z,TAG-U1-CondenserTemp_C,MED,Condenser temp elevated; vacuum risk. Review CW pumps/CT fans.,,TAG-U1-CondenserTemp_C
ALM-202404101955-01464,2024-04-10T19:55:00Z,TAG-U1-CondenserTemp_C,MED,Condenser temp elevated; vacuum risk. Review CW pumps/CT fans.,,TAG-U1-CondenserTemp_C
ALM-202404102300-01465,2024-04-10T23:00:00Z,TAG-U1-CondenserTemp_C,MED,Condenser temp elevated; vacuum risk. Review CW pumps/CT fans.,,TAG-U1-CondenserTemp_C
ALM-202404102355-01466,2024-04-10T23:55:00Z,TAG-U1-CondenserTemp_C,MED,Condenser temp elevated; vacuum risk. Review CW pumps/CT fans.,,TAG-U1-CondenserTemp_C
ALM-202404110030-01467,2024-04-11T00:30:00Z,TAG-U1-CondenserTemp_C,MED,Condenser temp elevated; vacuum risk. Review CW pumps/CT fans.,,TAG-U1-CondenserTemp_C
ALM-202404110655-01468,2024-04-11T06:55:00Z,TAG-U1-CondenserTemp_C,MED,Condenser temp elevated; vacuum risk. Review CW pumps/CT fans.,,TAG-U1-CondenserTemp_C
ALM-202404110715-01469,2024-04-11T07:15:00Z,TAG-U1-CondenserTemp_C,MED,Condenser temp elevated; vacuum risk. Review CW pumps/CT fans.,,TAG-U1-CondenserTemp_C
ALM-202404110720-01470,2024-04-11T07:20:00Z,TAG-U1-CondenserTemp_C,MED,Condenser temp elevated; vacuum risk. Review CW pumps/CT fans.,,TAG-U1-CondenserTemp_C
ALM-202404110930-01471,2024-04-11T09:30:00Z,TAG-U1-CondenserTemp_C,MED,Condenser temp elevated; vacuum risk. Review CW pumps/CT fans.,,TAG-U1-CondenserTemp_C
ALM-202404111155-01472,2024-04-11T11:55:00Z,TAG-U1-CondenserTemp_C,MED,Condenser temp elevated; vacuum risk. Review CW pumps/CT fans.,,TAG-U1-CondenserTemp_C
ALM-202404111325-01473,2024-04-11T13:25:00Z,TAG-U1-CondenserTemp_C,MED,Condenser temp elevated; vacuum risk. Review CW pumps/CT fans.,,TAG-U1-CondenserTemp_C
ALM-202404111510-01474,2024-04-11T15:10:00Z,TAG-U1-CondenserTemp_C,MED,Condenser temp elevated; vacuum risk. Review CW pumps/CT fans.,,TAG-U1-CondenserTemp_C
ALM-202404111525-01475,2024-04-11T15:25:00Z,TAG-U1-CondenserTemp_C,MED,Condenser temp elevated; vacuum risk. Review CW pumps/CT fans.,,TAG-U1-CondenserTemp_C
ALM-202404112020-01476,2024-04-11T20:20:00Z,TAG-U1-CondenserTemp_C,MED,Condenser temp elevated; vacuum risk. Review CW pumps/CT fans.,,TAG-U1-CondenserTemp_C
ALM-202404112030-01477,2024-04-11T20:30:00Z,TAG-U1-CondenserTemp_C,MED,Condenser temp elevated; vacuum risk. Review CW pumps/CT fans.,,TAG-U1-CondenserTemp_C
ALM-202404112035-01478,2024-04-11T20:35:00Z,TAG-U1-CondenserTemp_C,MED,Condenser temp elevated; vacuum risk. Review CW pumps/CT fans.,,TAG-U1-CondenserTemp_C
ALM-202404112200-01479,2024-04-11T22:00:00Z,TAG-U1-CondenserTemp_C,MED,Condenser temp elevated; vacuum risk. Review CW pumps/CT fans.,,TAG-U1-CondenserTemp_C
ALM-202404120120-01480,2024-04-12T01:20:00Z,TAG-U1-CondenserTemp_C,MED,Condenser temp elevated; vacuum risk. Review CW pumps/CT fans.,,TAG-U1-CondenserTemp_C
ALM-202404120145-01481,2024-04-12T01:45:00Z,TAG-U1-CondenserTemp_C,MED,Condenser temp elevated; vacuum risk. Review CW pumps/CT fans.,,TAG-U1-CondenserTemp_C
ALM-202404120155-01482,2024-04-12T01:55:00Z,TAG-U1-CondenserTemp_C,MED,Condenser temp elevated; vacuum risk. Review CW pumps/CT fans.,,TAG-U1-CondenserTemp_C
ALM-202404120620-01483,2024-04-12T06:20:00Z,TAG-U1-CondenserTemp_C,MED,Condenser temp elevated; vacuum risk. Review CW pumps/CT fans.,,TAG-U1-CondenserTemp_C
ALM-202404120750-01484,2024-04-12T07:50:00Z,TAG-U1-CondenserTemp_C,MED,Condenser temp elevated; vacuum risk. Review CW pumps/CT fans.,,TAG-U1-CondenserTemp_C
ALM-202404120930-01485,2024-04-12T09:30:00Z,TAG-U1-CondenserTemp_C,MED,Condenser temp elevated; vacuum risk. Review CW pumps/CT fans.,,TAG-U1-CondenserTemp_C
ALM-202404120955-01486,2024-04-12T09:55:00Z,TAG-U1-CondenserTemp_C,MED,Condenser temp elevated; vacuum risk. Review CW pumps/CT fans.,,TAG-U1-CondenserTemp_C
ALM-202404121015-01487,2024-04-12T10:15:00Z,TAG-U1-CondenserTemp_C,MED,Condenser temp elevated; vacuum risk. Review CW pumps/CT fans.,,TAG-U1-CondenserTemp_C
ALM-202404121115-01488,2024-04-12T11:15:00Z,TAG-U1-CondenserTemp_C,MED,Condenser temp elevated; vacuum risk. Review CW pumps/CT fans.,,TAG-U1-CondenserTemp_C
ALM-202404121455-01489,2024-04-12T14:55:00Z,TAG-U1-CondenserTemp_C,MED,Condenser temp elevated; vacuum risk. Review CW pumps/CT fans.,,TAG-U1-CondenserTemp_C
ALM-202404121630-01490,2024-04-12T16:30:00Z,TAG-U1-CondenserTemp_C,MED,Condenser temp elevated; vacuum risk. Review CW pumps/CT fans.,,TAG-U1-CondenserTemp_C
ALM-202404121845-01491,2024-04-12T18:45:00Z,TAG-U1-CondenserTemp_C,MED,Condenser temp elevated; vacuum risk. Review CW pumps/CT fans.,,TAG-U1-CondenserTemp_C
ALM-202404122345-01492,2024-04-12T23:45:00Z,TAG-U1-CondenserTemp_C,MED,Condenser temp elevated; vacuum risk. Review CW pumps/CT fans.,,TAG-U1-CondenserTemp_C
ALM-202404130310-01493,2024-04-13T03:10:00Z,TAG-U1-CondenserTemp_C,MED,Condenser temp elevated; vacuum risk. Review CW pumps/CT fans.,,TAG-U1-CondenserTemp_C
ALM-202404130435-01494,2024-04-13T04:35:00Z,TAG-U1-CondenserTemp_C,MED,Condenser temp elevated; vacuum risk. Review CW pumps/CT fans.,,TAG-U1-CondenserTemp_C
ALM-202404130540-01495,2024-04-13T05:40:00Z,TAG-U1-CondenserTemp_C,MED,Condenser temp elevated; vacuum risk. Review CW pumps/CT fans.,,TAG-U1-CondenserTemp_C
ALM-202404130620-01496,2024-04-13T06:20:00Z,TAG-U1-CondenserTemp_C,MED,Condenser temp elevated; vacuum risk. Review CW pumps/CT fans.,,TAG-U1-CondenserTemp_C
ALM-202404130705-01497,2024-04-13T07:05:00Z,TAG-U1-CondenserTemp_C,MED,Condenser temp elevated; vacuum risk. Review CW pumps/CT fans.,,TAG-U1-CondenserTemp_C
ALM-202404130820-01498,2024-04-13T08:20:00Z,TAG-U1-CondenserTemp_C,MED,Condenser temp elevated; vacuum risk. Review CW pumps/CT fans.,,TAG-U1-CondenserTemp_C
ALM-202404131055-01499,2024-04-13T10:55:00Z,TAG-U1-CondenserTemp_C,MED,Condenser temp elevated; vacuum risk. Review CW pumps/CT fans.,,TAG-U1-CondenserTemp_C
ALM-202404131135-01500,2024-04-13T11:35:00Z,TAG-U1-CondenserTemp_C,MED,Condenser temp elevated; vacuum risk. Review CW pumps/CT fans.,,TAG-U1-CondenserTemp_C
ALM-202404131240-01501,2024-04-13T12:40:00Z,TAG-U1-CondenserTemp_C,MED,Condenser temp elevated; vacuum risk. Review CW pumps/CT fans.,,TAG-U1-CondenserTemp_C
ALM-202404131250-01502,2024-04-13T12:50:00Z,TAG-U1-CondenserTemp_C,MED,Condenser temp elevated; vacuum risk. Review CW pumps/CT fans.,,TAG-U1-CondenserTemp_C
ALM-202404131430-01503,2024-04-13T14:30:00Z,TAG-U1-CondenserTemp_C,MED,Condenser temp elevated; vacuum risk. Review CW pumps/CT fans.,,TAG-U1-CondenserTemp_C
ALM-202404131735-01504,2024-04-13T17:35:00Z,TAG-U1-CondenserTemp_C,MED,Condenser temp elevated; vacuum risk. Review CW pumps/CT fans.,,TAG-U1-CondenserTemp_C
ALM-202404131940-01505,2024-04-13T19:40:00Z,TAG-U1-CondenserTemp_C,MED,Condenser temp elevated; vacuum risk. Review CW pumps/CT fans.,,TAG-U1-CondenserTemp_C
ALM-202404132130-01506,2024-04-13T21:30:00Z,TAG-U1-CondenserTemp_C,MED,Condenser temp elevated; vacuum risk. Review CW pumps/CT fans.,,TAG-U1-CondenserTemp_C
ALM-202404140055-01507,2024-04-14T00:55:00Z,TAG-U1-CondenserTemp_C,MED,Condenser temp elevated; vacuum risk. Review CW pumps/CT fans.,,TAG-U1-CondenserTemp_C
ALM-202404140905-01508,2024-04-14T09:05:00Z,TAG-U1-CondenserTemp_C,MED,Condenser temp elevated; vacuum risk. Review CW pumps/CT fans.,,TAG-U1-CondenserTemp_C
ALM-202404141100-01509,2024-04-14T11:00:00Z,TAG-U1-CondenserTemp_C,MED,Condenser temp elevated; vacuum risk. Review CW pumps/CT fans.,,TAG-U1-CondenserTemp_C
ALM-202404141140-01510,2024-04-14T11:40:00Z,TAG-U1-CondenserTemp_C,MED,Condenser temp elevated; vacuum risk. Review CW pumps/CT fans.,,TAG-U1-CondenserTemp_C
ALM-202404141145-01511,2024-04-14T11:45:00Z,TAG-U1-CondenserTemp_C,MED,Condenser temp elevated; vacuum risk. Review CW pumps/CT fans.,,TAG-U1-CondenserTemp_C
ALM-202404141400-01512,2024-04-14T14:00:00Z,TAG-U1-CondenserTemp_C,MED,Condenser temp elevated; vacuum risk. Review CW pumps/CT fans.,,TAG-U1-CondenserTemp_C
ALM-202404141540-01513,2024-04-14T15:40:00Z,TAG-U1-CondenserTemp_C,MED,Condenser temp elevated; vacuum risk. Review CW pumps/CT fans.,,TAG-U1-CondenserTemp_C
ALM-202404141740-01514,2024-04-14T17:40:00Z,TAG-U1-CondenserTemp_C,MED,Condenser temp elevated; vacuum risk. Review CW pumps/CT fans.,,TAG-U1-CondenserTemp_C
ALM-202404141750-01515,2024-04-14T17:50:00Z,TAG-U1-CondenserTemp_C,MED,Condenser temp elevated; vacuum risk. Review CW pumps/CT fans.,,TAG-U1-CondenserTemp_C
ALM-202404141805-01516,2024-04-14T18:05:00Z,TAG-U1-CondenserTemp_C,MED,Condenser temp elevated; vacuum risk. Review CW pumps/CT fans.,,TAG-U1-CondenserTemp_C
ALM-202404150305-01517,2024-04-15T03:05:00Z,TAG-U1-CondenserTemp_C,MED,Condenser temp elevated; vacuum risk. Review CW pumps/CT fans.,,TAG-U1-CondenserTemp_C
ALM-202404150535-01518,2024-04-15T05:35:00Z,TAG-U1-CondenserTemp_C,MED,Condenser temp elevated; vacuum risk. Review CW pumps/CT fans.,,TAG-U1-CondenserTemp_C
ALM-202404150550-01519,2024-04-15T05:50:00Z,TAG-U1-CondenserTemp_C,MED,Condenser temp elevated; vacuum risk. Review CW pumps/CT fans.,,TAG-U1-CondenserTemp_C
ALM-202404150650-01520,2024-04-15T06:50:00Z,TAG-U1-CondenserTemp_C,MED,Condenser temp elevated; vacuum risk. Review CW pumps/CT fans.,,TAG-U1-CondenserTemp_C
ALM-202404150725-01521,2024-04-15T07:25:00Z,TAG-U1-CondenserTemp_C,MED,Condenser temp elevated; vacuum risk. Review CW pumps/CT fans.,,TAG-U1-CondenserTemp_C
ALM-202404150755-01522,2024-04-15T07:55:00Z,TAG-U1-CondenserTemp_C,MED,Condenser temp elevated; vacuum risk. Review CW pumps/CT fans.,,TAG-U1-CondenserTemp_C
ALM-202404150915-01523,2024-04-15T09:15:00Z,TAG-U1-CondenserTemp_C,MED,Condenser temp elevated; vacuum risk. Review CW pumps/CT fans.,,TAG-U1-CondenserTemp_C
ALM-202404151030-01524,2024-04-15T10:30:00Z,TAG-U1-CondenserTemp_C,MED,Condenser temp elevated; vacuum risk. Review CW pumps/CT fans.,EVT-DRAFT-20240415-15,TAG-U1-CondenserTemp_C
ALM-202404151205-01525,2024-04-15T12:05:00Z,TAG-U1-CondenserTemp_C,MED,Condenser temp elevated; vacuum risk. Review CW pumps/CT fans.,EVT-DRAFT-20240415-15,TAG-U1-CondenserTemp_C
ALM-202404151355-01526,2024-04-15T13:55:00Z,TAG-U1-CondenserTemp_C,MED,Condenser temp elevated; vacuum risk. Review CW pumps/CT fans.,,TAG-U1-CondenserTemp_C
ALM-202404151815-01527,2024-04-15T18:15:00Z,TAG-U1-CondenserTemp_C,MED,Condenser temp elevated; vacuum risk. Review CW pumps/CT fans.,,TAG-U1-CondenserTemp_C
ALM-202404151955-01528,2024-04-15T19:55:00Z,TAG-U1-CondenserTemp_C,MED,Condenser temp elevated; vacuum risk. Review CW pumps/CT fans.,,TAG-U1-CondenserTemp_C
ALM-202404152200-01529,2024-04-15T22:00:00Z,TAG-U1-CondenserTemp_C,MED,Condenser temp elevated; vacuum risk. Review CW pumps/CT fans.,,TAG-U1-CondenserTemp_C
ALM-202404152305-01530,2024-04-15T23:05:00Z,TAG-U1-CondenserTemp_C,MED,Condenser temp elevated; vacuum risk. Review CW pumps/CT fans.,,TAG-U1-CondenserTemp_C
ALM-202404152315-01531,2024-04-15T23:15:00Z,TAG-U1-CondenserTemp_C,MED,Condenser temp elevated; vacuum risk. Review CW pumps/CT fans.,,TAG-U1-CondenserTemp_C
ALM-202404160350-01532,2024-04-16T03:50:00Z,TAG-U1-CondenserTemp_C,MED,Condenser temp elevated; vacuum risk. Review CW pumps/CT fans.,,TAG-U1-CondenserTemp_C
ALM-202404160425-01533,2024-04-16T04:25:00Z,TAG-U1-CondenserTemp_C,MED,Condenser temp elevated; vacuum risk. Review CW pumps/CT fans.,,TAG-U1-CondenserTemp_C
ALM-202404160535-01534,2024-04-16T05:35:00Z,TAG-U1-CondenserTemp_C,MED,Condenser temp elevated; vacuum risk. Review CW pumps/CT fans.,,TAG-U1-CondenserTemp_C
ALM-202404160900-01535,2024-04-16T09:00:00Z,TAG-U1-CondenserTemp_C,MED,Condenser temp elevated; vacuum risk. Review CW pumps/CT fans.,,TAG-U1-CondenserTemp_C
ALM-202404160910-01536,2024-04-16T09:10:00Z,TAG-U1-CondenserTemp_C,MED,Condenser temp elevated; vacuum risk. Review CW pumps/CT fans.,,TAG-U1-CondenserTemp_C
ALM-202404161515-01537,2024-04-16T15:15:00Z,TAG-U1-CondenserTemp_C,MED,Condenser temp elevated; vacuum risk. Review CW pumps/CT fans.,,TAG-U1-CondenserTemp_C
ALM-202404161705-01538,2024-04-16T17:05:00Z,TAG-U1-CondenserTemp_C,MED,Condenser temp elevated; vacuum risk. Review CW pumps/CT fans.,,TAG-U1-CondenserTemp_C
ALM-202404161805-01539,2024-04-16T18:05:00Z,TAG-U1-CondenserTemp_C,MED,Condenser temp elevated; vacuum risk. Review CW pumps/CT fans.,,TAG-U1-CondenserTemp_C
ALM-202404161900-01540,2024-04-16T19:00:00Z,TAG-U1-CondenserTemp_C,MED,Condenser temp elevated; vacuum risk. Review CW pumps/CT fans.,,TAG-U1-CondenserTemp_C
ALM-202404162120-01541,2024-04-16T21:20:00Z,TAG-U1-CondenserTemp_C,MED,Condenser temp elevated; vacuum risk. Review CW pumps/CT fans.,,TAG-U1-CondenserTemp_C
ALM-202404162135-01542,2024-04-16T21:35:00Z,TAG-U1-CondenserTemp_C,MED,Condenser temp elevated; vacuum risk. Review CW pumps/CT fans.,,TAG-U1-CondenserTemp_C
ALM-202404162250-01543,2024-04-16T22:50:00Z,TAG-U1-CondenserTemp_C,MED,Condenser temp elevated; vacuum risk. Review CW pumps/CT fans.,,TAG-U1-CondenserTemp_C
ALM-202404170115-01544,2024-04-17T01:15:00Z,TAG-U1-CondenserTemp_C,MED,Condenser temp elevated; vacuum risk. Review CW pumps/CT fans.,,TAG-U1-CondenserTemp_C
ALM-202404170125-01545,2024-04-17T01:25:00Z,TAG-U1-CondenserTemp_C,MED,Condenser temp elevated; vacuum risk. Review CW pumps/CT fans.,,TAG-U1-CondenserTemp_C
ALM-202404170350-01546,2024-04-17T03:50:00Z,TAG-U1-CondenserTemp_C,MED,Condenser temp elevated; vacuum risk. Review CW pumps/CT fans.,,TAG-U1-CondenserTemp_C
ALM-202404170605-01547,2024-04-17T06:05:00Z,TAG-U1-CondenserTemp_C,MED,Condenser temp elevated; vacuum risk. Review CW pumps/CT fans.,,TAG-U1-CondenserTemp_C
ALM-202404170905-01548,2024-04-17T09:05:00Z,TAG-U1-CondenserTemp_C,MED,Condenser temp elevated; vacuum risk. Review CW pumps/CT fans.,,TAG-U1-CondenserTemp_C
ALM-202404171600-01549,2024-04-17T16:00:00Z,TAG-U1-CondenserTemp_C,MED,Condenser temp elevated; vacuum risk. Review CW pumps/CT fans.,,TAG-U1-CondenserTemp_C
ALM-202404172020-01550,2024-04-17T20:20:00Z,TAG-U1-CondenserTemp_C,MED,Condenser temp elevated; vacuum risk. Review CW pumps/CT fans.,,TAG-U1-CondenserTemp_C
ALM-202404172120-01551,2024-04-17T21:20:00Z,TAG-U1-CondenserTemp_C,MED,Condenser temp elevated; vacuum risk. Review CW pumps/CT fans.,,TAG-U1-CondenserTemp_C
ALM-202404180100-01552,2024-04-18T01:00:00Z,TAG-U1-CondenserTemp_C,MED,Condenser temp elevated; vacuum risk. Review CW pumps/CT fans.,,TAG-U1-CondenserTemp_C
ALM-202404180240-01553,2024-04-18T02:40:00Z,TAG-U1-CondenserTemp_C,MED,Condenser temp elevated; vacuum risk. Review CW pumps/CT fans.,,TAG-U1-CondenserTemp_C
ALM-202404180300-01554,2024-04-18T03:00:00Z,TAG-U1-CondenserTemp_C,MED,Condenser temp elevated; vacuum risk. Review CW pumps/CT fans.,,TAG-U1-CondenserTemp_C
ALM-202404180555-01555,2024-04-18T05:55:00Z,TAG-U1-CondenserTemp_C,MED,Condenser temp elevated; vacuum risk. Review CW pumps/CT fans.,,TAG-U1-CondenserTemp_C
ALM-202404180650-01556,2024-04-18T06:50:00Z,TAG-U1-CondenserTemp_C,MED,Condenser temp elevated; vacuum risk. Review CW pumps/CT fans.,,TAG-U1-CondenserTemp_C
ALM-202404180740-01557,2024-04-18T07:40:00Z,TAG-U1-CondenserTemp_C,MED,Condenser temp elevated; vacuum risk. Review CW pumps/CT fans.,,TAG-U1-CondenserTemp_C
ALM-202404180835-01558,2024-04-18T08:35:00Z,TAG-U1-CondenserTemp_C,MED,Condenser temp elevated; vacuum risk. Review CW pumps/CT fans.,,TAG-U1-CondenserTemp_C
ALM-202404180940-01559,2024-04-18T09:40:00Z,TAG-U1-CondenserTemp_C,MED,Condenser temp elevated; vacuum risk. Review CW pumps/CT fans.,,TAG-U1-CondenserTemp_C
ALM-202404181105-01560,2024-04-18T11:05:00Z,TAG-U1-CondenserTemp_C,MED,Condenser temp elevated; vacuum risk. Review CW pumps/CT fans.,,TAG-U1-CondenserTemp_C
ALM-202404181140-01561,2024-04-18T11:40:00Z,TAG-U1-CondenserTemp_C,MED,Condenser temp elevated; vacuum risk. Review CW pumps/CT fans.,,TAG-U1-CondenserTemp_C
ALM-202404181325-01562,2024-04-18T13:25:00Z,TAG-U1-CondenserTemp_C,MED,Condenser temp elevated; vacuum risk. Review CW pumps/CT fans.,,TAG-U1-CondenserTemp_C
ALM-202404181350-01563,2024-04-18T13:50:00Z,TAG-U1-CondenserTemp_C,MED,Condenser temp elevated; vacuum risk. Review CW pumps/CT fans.,,TAG-U1-CondenserTemp_C
ALM-202404181720-01564,2024-04-18T17:20:00Z,TAG-U1-CondenserTemp_C,MED,Condenser temp elevated; vacuum risk. Review CW pumps/CT fans.,,TAG-U1-CondenserTemp_C
ALM-202404181740-01565,2024-04-18T17:40:00Z,TAG-U1-CondenserTemp_C,MED,Condenser temp elevated; vacuum risk. Review CW pumps/CT fans.,,TAG-U1-CondenserTemp_C
ALM-202404182330-01566,2024-04-18T23:30:00Z,TAG-U1-CondenserTemp_C,MED,Condenser temp elevated; vacuum risk. Review CW pumps/CT fans.,,TAG-U1-CondenserTemp_C
ALM-202404190005-01567,2024-04-19T00:05:00Z,TAG-U1-CondenserTemp_C,MED,Condenser temp elevated; vacuum risk. Review CW pumps/CT fans.,,TAG-U1-CondenserTemp_C
ALM-202404190235-01568,2024-04-19T02:35:00Z,TAG-U1-CondenserTemp_C,MED,Condenser temp elevated; vacuum risk. Review CW pumps/CT fans.,,TAG-U1-CondenserTemp_C
ALM-202404190425-01569,2024-04-19T04:25:00Z,TAG-U1-CondenserTemp_C,MED,Condenser temp elevated; vacuum risk. Review CW pumps/CT fans.,,TAG-U1-CondenserTemp_C
ALM-202404190510-01570,2024-04-19T05:10:00Z,TAG-U1-CondenserTemp_C,MED,Condenser temp elevated; vacuum risk. Review CW pumps/CT fans.,,TAG-U1-CondenserTemp_C
ALM-202404191050-01571,2024-04-19T10:50:00Z,TAG-U1-CondenserTemp_C,MED,Condenser temp elevated; vacuum risk. Review CW pumps/CT fans.,,TAG-U1-CondenserTemp_C
ALM-202404191145-01572,2024-04-19T11:45:00Z,TAG-U1-CondenserTemp_C,MED,Condenser temp elevated; vacuum risk. Review CW pumps/CT fans.,,TAG-U1-CondenserTemp_C
ALM-202404191330-01573,2024-04-19T13:30:00Z,TAG-U1-CondenserTemp_C,MED,Condenser temp elevated; vacuum risk. Review CW pumps/CT fans.,,TAG-U1-CondenserTemp_C
ALM-202404191500-01574,2024-04-19T15:00:00Z,TAG-U1-CondenserTemp_C,MED,Condenser temp elevated; vacuum risk. Review CW pumps/CT fans.,,TAG-U1-CondenserTemp_C
ALM-202404191815-01575,2024-04-19T18:15:00Z,TAG-U1-CondenserTemp_C,MED,Condenser temp elevated; vacuum risk. Review CW pumps/CT fans.,,TAG-U1-CondenserTemp_C
ALM-202404191900-01576,2024-04-19T19:00:00Z,TAG-U1-CondenserTemp_C,MED,Condenser temp elevated; vacuum risk. Review CW pumps/CT fans.,,TAG-U1-CondenserTemp_C
ALM-202404192105-01577,2024-04-19T21:05:00Z,TAG-U1-CondenserTemp_C,MED,Condenser temp elevated; vacuum risk. Review CW pumps/CT fans.,,TAG-U1-CondenserTemp_C
ALM-202404200135-01578,2024-04-20T01:35:00Z,TAG-U1-CondenserTemp_C,MED,Condenser temp elevated; vacuum risk. Review CW pumps/CT fans.,,TAG-U1-CondenserTemp_C
ALM-202404200415-01579,2024-04-20T04:15:00Z,TAG-U1-CondenserTemp_C,MED,Condenser temp elevated; vacuum risk. Review CW pumps/CT fans.,,TAG-U1-CondenserTemp_C
ALM-202404200715-01580,2024-04-20T07:15:00Z,TAG-U1-CondenserTemp_C,MED,Condenser temp elevated; vacuum risk. Review CW pumps/CT fans.,,TAG-U1-CondenserTemp_C
ALM-202404200855-01581,2024-04-20T08:55:00Z,TAG-U1-CondenserTemp_C,MED,Condenser temp elevated; vacuum risk. Review CW pumps/CT fans.,,TAG-U1-CondenserTemp_C
ALM-202404201230-01582,2024-04-20T12:30:00Z,TAG-U1-CondenserTemp_C,MED,Condenser temp elevated; vacuum risk. Review CW pumps/CT fans.,,TAG-U1-CondenserTemp_C
ALM-202404201255-01583,2024-04-20T12:55:00Z,TAG-U1-CondenserTemp_C,MED,Condenser temp elevated; vacuum risk. Review CW pumps/CT fans.,,TAG-U1-CondenserTemp_C
ALM-202404201320-01584,2024-04-20T13:20:00Z,TAG-U1-CondenserTemp_C,MED,Condenser temp elevated; vacuum risk. Review CW pumps/CT fans.,,TAG-U1-CondenserTemp_C
ALM-202404201340-01585,2024-04-20T13:40:00Z,TAG-U1-CondenserTemp_C,MED,Condenser temp elevated; vacuum risk. Review CW pumps/CT fans.,,TAG-U1-CondenserTemp_C
ALM-202404201510-01586,2024-04-20T15:10:00Z,TAG-U1-CondenserTemp_C,MED,Condenser temp elevated; vacuum risk. Review CW pumps/CT fans.,,TAG-U1-CondenserTemp_C
ALM-202404201640-01587,2024-04-20T16:40:00Z,TAG-U1-CondenserTemp_C,MED,Condenser temp elevated; vacuum risk. Review CW pumps/CT fans.,,TAG-U1-CondenserTemp_C
ALM-202404201725-01588,2024-04-20T17:25:00Z,TAG-U1-CondenserTemp_C,MED,Condenser temp elevated; vacuum risk. Review CW pumps/CT fans.,,TAG-U1-CondenserTemp_C
ALM-202404201810-01589,2024-04-20T18:10:00Z,TAG-U1-CondenserTemp_C,MED,Condenser temp elevated; vacuum risk. Review CW pumps/CT fans.,,TAG-U1-CondenserTemp_C
ALM-202404201830-01590,2024-04-20T18:30:00Z,TAG-U1-CondenserTemp_C,MED,Condenser temp elevated; vacuum risk. Review CW pumps/CT fans.,,TAG-U1-CondenserTemp_C
ALM-202404201935-01591,2024-04-20T19:35:00Z,TAG-U1-CondenserTemp_C,MED,Condenser temp elevated; vacuum risk. Review CW pumps/CT fans.,,TAG-U1-CondenserTemp_C
ALM-202404210000-01592,2024-04-21T00:00:00Z,TAG-U1-CondenserTemp_C,MED,Condenser temp elevated; vacuum risk. Review CW pumps/CT fans.,,TAG-U1-CondenserTemp_C
ALM-202404210010-01593,2024-04-21T00:10:00Z,TAG-U1-CondenserTemp_C,MED,Condenser temp elevated; vacuum risk. Review CW pumps/CT fans.,,TAG-U1-CondenserTemp_C
ALM-202404210440-01594,2024-04-21T04:40:00Z,TAG-U1-CondenserTemp_C,MED,Condenser temp elevated; vacuum risk. Review CW pumps/CT fans.,,TAG-U1-CondenserTemp_C
ALM-202404210500-01595,2024-04-21T05:00:00Z,TAG-U1-CondenserTemp_C,MED,Condenser temp elevated; vacuum risk. Review CW pumps/CT fans.,,TAG-U1-CondenserTemp_C
ALM-202404210940-01596,2024-04-21T09:40:00Z,TAG-U1-CondenserTemp_C,MED,Condenser temp elevated; vacuum risk. Review CW pumps/CT fans.,,TAG-U1-CondenserTemp_C
ALM-202404211010-01597,2024-04-21T10:10:00Z,TAG-U1-CondenserTemp_C,MED,Condenser temp elevated; vacuum risk. Review CW pumps/CT fans.,,TAG-U1-CondenserTemp_C
ALM-202404211015-01598,2024-04-21T10:15:00Z,TAG-U1-CondenserTemp_C,MED,Condenser temp elevated; vacuum risk. Review CW pumps/CT fans.,,TAG-U1-CondenserTemp_C
ALM-202404211025-01599,2024-04-21T10:25:00Z,TAG-U1-CondenserTemp_C,MED,Condenser temp elevated; vacuum risk. Review CW pumps/CT fans.,,TAG-U1-CondenserTemp_C
ALM-202404211330-01600,2024-04-21T13:30:00Z,TAG-U1-CondenserTemp_C,MED,Condenser temp elevated; vacuum risk. Review CW pumps/CT fans.,,TAG-U1-CondenserTemp_C
ALM-202404211415-01601,2024-04-21T14:15:00Z,TAG-U1-CondenserTemp_C,MED,Condenser temp elevated; vacuum risk. Review CW pumps/CT fans.,,TAG-U1-CondenserTemp_C
ALM-202404211520-01602,2024-04-21T15:20:00Z,TAG-U1-CondenserTemp_C,MED,Condenser temp elevated; vacuum risk. Review CW pumps/CT fans.,,TAG-U1-CondenserTemp_C
ALM-202404211825-01603,2024-04-21T18:25:00Z,TAG-U1-CondenserTemp_C,MED,Condenser temp elevated; vacuum risk. Review CW pumps/CT fans.,,TAG-U1-CondenserTemp_C
ALM-202404211850-01604,2024-04-21T18:50:00Z,TAG-U1-CondenserTemp_C,MED,Condenser temp elevated; vacuum risk. Review CW pumps/CT fans.,,TAG-U1-CondenserTemp_C
ALM-202404212335-01605,2024-04-21T23:35:00Z,TAG-U1-CondenserTemp_C,MED,Condenser temp elevated; vacuum risk. Review CW pumps/CT fans.,,TAG-U1-CondenserTemp_C
ALM-202404220245-01606,2024-04-22T02:45:00Z,TAG-U1-CondenserTemp_C,MED,Condenser temp elevated; vacuum risk. Review CW pumps/CT fans.,,TAG-U1-CondenserTemp_C
ALM-202404220320-01607,2024-04-22T03:20:00Z,TAG-U1-CondenserTemp_C,MED,Condenser temp elevated; vacuum risk. Review CW pumps/CT fans.,,TAG-U1-CondenserTemp_C
ALM-202404220410-01608,2024-04-22T04:10:00Z,TAG-U1-CondenserTemp_C,MED,Condenser temp elevated; vacuum risk. Review CW pumps/CT fans.,,TAG-U1-CondenserTemp_C
ALM-202404220525-01609,2024-04-22T05:25:00Z,TAG-U1-CondenserTemp_C,MED,Condenser temp elevated; vacuum risk. Review CW pumps/CT fans.,,TAG-U1-CondenserTemp_C
ALM-202404220645-01610,2024-04-22T06:45:00Z,TAG-U1-CondenserTemp_C,MED,Condenser temp elevated; vacuum risk. Review CW pumps/CT fans.,,TAG-U1-CondenserTemp_C
ALM-202404220815-01611,2024-04-22T08:15:00Z,TAG-U1-CondenserTemp_C,MED,Condenser temp elevated; vacuum risk. Review CW pumps/CT fans.,,TAG-U1-CondenserTemp_C
ALM-202404220955-01612,2024-04-22T09:55:00Z,TAG-U1-CondenserTemp_C,MED,Condenser temp elevated; vacuum risk. Review CW pumps/CT fans.,,TAG-U1-CondenserTemp_C
ALM-202404221240-01613,2024-04-22T12:40:00Z,TAG-U1-CondenserTemp_C,MED,Condenser temp elevated; vacuum risk. Review CW pumps/CT fans.,,TAG-U1-CondenserTemp_C
ALM-202404221305-01614,2024-04-22T13:05:00Z,TAG-U1-CondenserTemp_C,MED,Condenser temp elevated; vacuum risk. Review CW pumps/CT fans.,,TAG-U1-CondenserTemp_C
ALM-202404221455-01615,2024-04-22T14:55:00Z,TAG-U1-CondenserTemp_C,MED,Condenser temp elevated; vacuum risk. Review CW pumps/CT fans.,,TAG-U1-CondenserTemp_C
ALM-202404221855-01616,2024-04-22T18:55:00Z,TAG-U1-CondenserTemp_C,MED,Condenser temp elevated; vacuum risk. Review CW pumps/CT fans.,,TAG-U1-CondenserTemp_C
ALM-202404222035-01617,2024-04-22T20:35:00Z,TAG-U1-CondenserTemp_C,MED,Condenser temp elevated; vacuum risk. Review CW pumps/CT fans.,,TAG-U1-CondenserTemp_C
ALM-202404230250-01618,2024-04-23T02:50:00Z,TAG-U1-CondenserTemp_C,MED,Condenser temp elevated; vacuum risk. Review CW pumps/CT fans.,,TAG-U1-CondenserTemp_C
ALM-202404230645-01619,2024-04-23T06:45:00Z,TAG-U1-CondenserTemp_C,MED,Condenser temp elevated; vacuum risk. Review CW pumps/CT fans.,,TAG-U1-CondenserTemp_C
ALM-202404231130-01620,2024-04-23T11:30:00Z,TAG-U1-CondenserTemp_C,MED,Condenser temp elevated; vacuum risk. Review CW pumps/CT fans.,,TAG-U1-CondenserTemp_C
ALM-202404231320-01621,2024-04-23T13:20:00Z,TAG-U1-CondenserTemp_C,MED,Condenser temp elevated; vacuum risk. Review CW pumps/CT fans.,,TAG-U1-CondenserTemp_C
ALM-202404232150-01622,2024-04-23T21:50:00Z,TAG-U1-CondenserTemp_C,MED,Condenser temp elevated; vacuum risk. Review CW pumps/CT fans.,,TAG-U1-CondenserTemp_C
ALM-202404232220-01623,2024-04-23T22:20:00Z,TAG-U1-CondenserTemp_C,MED,Condenser temp elevated; vacuum risk. Review CW pumps/CT fans.,,TAG-U1-CondenserTemp_C
ALM-202404232230-01624,2024-04-23T22:30:00Z,TAG-U1-CondenserTemp_C,MED,Condenser temp elevated; vacuum risk. Review CW pumps/CT fans.,,TAG-U1-CondenserTemp_C
ALM-202404232245-01625,2024-04-23T22:45:00Z,TAG-U1-CondenserTemp_C,MED,Condenser temp elevated; vacuum risk. Review CW pumps/CT fans.,,TAG-U1-CondenserTemp_C
ALM-202404232300-01626,2024-04-23T23:00:00Z,TAG-U1-CondenserTemp_C,MED,Condenser temp elevated; vacuum risk. Review CW pumps/CT fans.,,TAG-U1-CondenserTemp_C
ALM-202404232335-01627,2024-04-23T23:35:00Z,TAG-U1-CondenserTemp_C,MED,Condenser temp elevated; vacuum risk. Review CW pumps/CT fans.,,TAG-U1-CondenserTemp_C
ALM-202404240220-01628,2024-04-24T02:20:00Z,TAG-U1-CondenserTemp_C,MED,Condenser temp elevated; vacuum risk. Review CW pumps/CT fans.,,TAG-U1-CondenserTemp_C
ALM-202404240240-01629,2024-04-24T02:40:00Z,TAG-U1-CondenserTemp_C,MED,Condenser temp elevated; vacuum risk. Review CW pumps/CT fans.,,TAG-U1-CondenserTemp_C
ALM-202404240245-01630,2024-04-24T02:45:00Z,TAG-U1-CondenserTemp_C,MED,Condenser temp elevated; vacuum risk. Review CW pumps/CT fans.,,TAG-U1-CondenserTemp_C
ALM-202404240300-01631,2024-04-24T03:00:00Z,TAG-U1-CondenserTemp_C,MED,Condenser temp elevated; vacuum risk. Review CW pumps/CT fans.,,TAG-U1-CondenserTemp_C
ALM-202404240430-01632,2024-04-24T04:30:00Z,TAG-U1-CondenserTemp_C,MED,Condenser temp elevated; vacuum risk. Review CW pumps/CT fans.,,TAG-U1-CondenserTemp_C
ALM-202404240520-01633,2024-04-24T05:20:00Z,TAG-U1-CondenserTemp_C,MED,Condenser temp elevated; vacuum risk. Review CW pumps/CT fans.,,TAG-U1-CondenserTemp_C
ALM-202404240645-01634,2024-04-24T06:45:00Z,TAG-U1-CondenserTemp_C,MED,Condenser temp elevated; vacuum risk. Review CW pumps/CT fans.,,TAG-U1-CondenserTemp_C
ALM-202404240935-01635,2024-04-24T09:35:00Z,TAG-U1-CondenserTemp_C,MED,Condenser temp elevated; vacuum risk. Review CW pumps/CT fans.,,TAG-U1-CondenserTemp_C
ALM-202404241350-01636,2024-04-24T13:50:00Z,TAG-U1-CondenserTemp_C,MED,Condenser temp elevated; vacuum risk. Review CW pumps/CT fans.,,TAG-U1-CondenserTemp_C
ALM-202404242010-01637,2024-04-24T20:10:00Z,TAG-U1-CondenserTemp_C,MED,Condenser temp elevated; vacuum risk. Review CW pumps/CT fans.,,TAG-U1-CondenserTemp_C
ALM-202404242050-01638,2024-04-24T20:50:00Z,TAG-U1-CondenserTemp_C,MED,Condenser temp elevated; vacuum risk. Review CW pumps/CT fans.,,TAG-U1-CondenserTemp_C
ALM-202404242055-01639,2024-04-24T20:55:00Z,TAG-U1-CondenserTemp_C,MED,Condenser temp elevated; vacuum risk. Review CW pumps/CT fans.,,TAG-U1-CondenserTemp_C
ALM-202404242105-01640,2024-04-24T21:05:00Z,TAG-U1-CondenserTemp_C,MED,Condenser temp elevated; vacuum risk. Review CW pumps/CT fans.,,TAG-U1-CondenserTemp_C
ALM-202404242150-01641,2024-04-24T21:50:00Z,TAG-U1-CondenserTemp_C,MED,Condenser temp elevated; vacuum risk. Review CW pumps/CT fans.,,TAG-U1-CondenserTemp_C
ALM-202404242305-01642,2024-04-24T23:05:00Z,TAG-U1-CondenserTemp_C,MED,Condenser temp elevated; vacuum risk. Review CW pumps/CT fans.,,TAG-U1-CondenserTemp_C
ALM-202404242350-01643,2024-04-24T23:50:00Z,TAG-U1-CondenserTemp_C,MED,Condenser temp elevated; vacuum risk. Review CW pumps/CT fans.,,TAG-U1-CondenserTemp_C
ALM-202404250015-01644,2024-04-25T00:15:00Z,TAG-U1-CondenserTemp_C,MED,Condenser temp elevated; vacuum risk. Review CW pumps/CT fans.,,TAG-U1-CondenserTemp_C
ALM-202404250050-01645,2024-04-25T00:50:00Z,TAG-U1-CondenserTemp_C,MED,Condenser temp elevated; vacuum risk. Review CW pumps/CT fans.,,TAG-U1-CondenserTemp_C
ALM-202404250435-01646,2024-04-25T04:35:00Z,TAG-U1-CondenserTemp_C,MED,Condenser temp elevated; vacuum risk. Review CW pumps/CT fans.,,TAG-U1-CondenserTemp_C
ALM-202404250610-01647,2024-04-25T06:10:00Z,TAG-U1-CondenserTemp_C,MED,Condenser temp elevated; vacuum risk. Review CW pumps/CT fans.,,TAG-U1-CondenserTemp_C
ALM-202404250750-01648,2024-04-25T07:50:00Z,TAG-U1-CondenserTemp_C,MED,Condenser temp elevated; vacuum risk. Review CW pumps/CT fans.,,TAG-U1-CondenserTemp_C
ALM-202404251435-01649,2024-04-25T14:35:00Z,TAG-U1-CondenserTemp_C,MED,Condenser temp elevated; vacuum risk. Review CW pumps/CT fans.,,TAG-U1-CondenserTemp_C
ALM-202404251605-01650,2024-04-25T16:05:00Z,TAG-U1-CondenserTemp_C,MED,Condenser temp elevated; vacuum risk. Review CW pumps/CT fans.,,TAG-U1-CondenserTemp_C
ALM-202404251715-01651,2024-04-25T17:15:00Z,TAG-U1-CondenserTemp_C,MED,Condenser temp elevated; vacuum risk. Review CW pumps/CT fans.,,TAG-U1-CondenserTemp_C
ALM-202404252105-01652,2024-04-25T21:05:00Z,TAG-U1-CondenserTemp_C,MED,Condenser temp elevated; vacuum risk. Review CW pumps/CT fans.,,TAG-U1-CondenserTemp_C
ALM-202404252115-01653,2024-04-25T21:15:00Z,TAG-U1-CondenserTemp_C,MED,Condenser temp elevated; vacuum risk. Review CW pumps/CT fans.,,TAG-U1-CondenserTemp_C
ALM-202404252330-01654,2024-04-25T23:30:00Z,TAG-U1-CondenserTemp_C,MED,Condenser temp elevated; vacuum risk. Review CW pumps/CT fans.,,TAG-U1-CondenserTemp_C
ALM-202404260310-01655,2024-04-26T03:10:00Z,TAG-U1-CondenserTemp_C,MED,Condenser temp elevated; vacuum risk. Review CW pumps/CT fans.,,TAG-U1-CondenserTemp_C
ALM-202404260405-01656,2024-04-26T04:05:00Z,TAG-U1-CondenserTemp_C,MED,Condenser temp elevated; vacuum risk. Review CW pumps/CT fans.,,TAG-U1-CondenserTemp_C
ALM-202404260620-01657,2024-04-26T06:20:00Z,TAG-U1-CondenserTemp_C,MED,Condenser temp elevated; vacuum risk. Review CW pumps/CT fans.,,TAG-U1-CondenserTemp_C
ALM-202404260625-01658,2024-04-26T06:25:00Z,TAG-U1-CondenserTemp_C,MED,Condenser temp elevated; vacuum risk. Review CW pumps/CT fans.,,TAG-U1-CondenserTemp_C
ALM-202404261025-01659,2024-04-26T10:25:00Z,TAG-U1-CondenserTemp_C,MED,Condenser temp elevated; vacuum risk. Review CW pumps/CT fans.,,TAG-U1-CondenserTemp_C
ALM-202404261525-01660,2024-04-26T15:25:00Z,TAG-U1-CondenserTemp_C,MED,Condenser temp elevated; vacuum risk. Review CW pumps/CT fans.,,TAG-U1-CondenserTemp_C
ALM-202404261905-01661,2024-04-26T19:05:00Z,TAG-U1-CondenserTemp_C,MED,Condenser temp elevated; vacuum risk. Review CW pumps/CT fans.,,TAG-U1-CondenserTemp_C
ALM-202404270225-01662,2024-04-27T02:25:00Z,TAG-U1-CondenserTemp_C,MED,Condenser temp elevated; vacuum risk. Review CW pumps/CT fans.,,TAG-U1-CondenserTemp_C
ALM-202404270310-01663,2024-04-27T03:10:00Z,TAG-U1-CondenserTemp_C,MED,Condenser temp elevated; vacuum risk. Review CW pumps/CT fans.,,TAG-U1-CondenserTemp_C
ALM-202404270450-01664,2024-04-27T04:50:00Z,TAG-U1-CondenserTemp_C,MED,Condenser temp elevated; vacuum risk. Review CW pumps/CT fans.,,TAG-U1-CondenserTemp_C
ALM-202404270710-01665,2024-04-27T07:10:00Z,TAG-U1-CondenserTemp_C,MED,Condenser temp elevated; vacuum risk. Review CW pumps/CT fans.,,TAG-U1-CondenserTemp_C
ALM-202404270745-01666,2024-04-27T07:45:00Z,TAG-U1-CondenserTemp_C,MED,Condenser temp elevated; vacuum risk. Review CW pumps/CT fans.,,TAG-U1-CondenserTemp_C
ALM-202404271005-01667,2024-04-27T10:05:00Z,TAG-U1-CondenserTemp_C,MED,Condenser temp elevated; vacuum risk. Review CW pumps/CT fans.,,TAG-U1-CondenserTemp_C
ALM-202404271125-01668,2024-04-27T11:25:00Z,TAG-U1-CondenserTemp_C,MED,Condenser temp elevated; vacuum risk. Review CW pumps/CT fans.,,TAG-U1-CondenserTemp_C
ALM-202404271225-01669,2024-04-27T12:25:00Z,TAG-U1-CondenserTemp_C,MED,Condenser temp elevated; vacuum risk. Review CW pumps/CT fans.,,TAG-U1-CondenserTemp_C
ALM-202404271355-01670,2024-04-27T13:55:00Z,TAG-U1-CondenserTemp_C,MED,Condenser temp elevated; vacuum risk. Review CW pumps/CT fans.,,TAG-U1-CondenserTemp_C
ALM-202404271500-01671,2024-04-27T15:00:00Z,TAG-U1-CondenserTemp_C,MED,Condenser temp elevated; vacuum risk. Review CW pumps/CT fans.,,TAG-U1-CondenserTemp_C
ALM-202404271720-01672,2024-04-27T17:20:00Z,TAG-U1-CondenserTemp_C,MED,Condenser temp elevated; vacuum risk. Review CW pumps/CT fans.,,TAG-U1-CondenserTemp_C
ALM-202404271920-01673,2024-04-27T19:20:00Z,TAG-U1-CondenserTemp_C,MED,Condenser temp elevated; vacuum risk. Review CW pumps/CT fans.,,TAG-U1-CondenserTemp_C
ALM-202404272220-01674,2024-04-27T22:20:00Z,TAG-U1-CondenserTemp_C,MED,Condenser temp elevated; vacuum risk. Review CW pumps/CT fans.,,TAG-U1-CondenserTemp_C
ALM-202404272230-01675,2024-04-27T22:30:00Z,TAG-U1-CondenserTemp_C,MED,Condenser temp elevated; vacuum risk. Review CW pumps/CT fans.,,TAG-U1-CondenserTemp_C
ALM-202404272255-01676,2024-04-27T22:55:00Z,TAG-U1-CondenserTemp_C,MED,Condenser temp elevated; vacuum risk. Review CW pumps/CT fans.,,TAG-U1-CondenserTemp_C
ALM-202404272315-01677,2024-04-27T23:15:00Z,TAG-U1-CondenserTemp_C,MED,Condenser temp elevated; vacuum risk. Review CW pumps/CT fans.,,TAG-U1-CondenserTemp_C
ALM-202404280405-01678,2024-04-28T04:05:00Z,TAG-U1-CondenserTemp_C,MED,Condenser temp elevated; vacuum risk. Review CW pumps/CT fans.,,TAG-U1-CondenserTemp_C
ALM-202404280645-01679,2024-04-28T06:45:00Z,TAG-U1-CondenserTemp_C,MED,Condenser temp elevated; vacuum risk. Review CW pumps/CT fans.,,TAG-U1-CondenserTemp_C
ALM-202404281155-01680,2024-04-28T11:55:00Z,TAG-U1-CondenserTemp_C,MED,Condenser temp elevated; vacuum risk. Review CW pumps/CT fans.,,TAG-U1-CondenserTemp_C
ALM-202404281210-01681,2024-04-28T12:10:00Z,TAG-U1-CondenserTemp_C,MED,Condenser temp elevated; vacuum risk. Review CW pumps/CT fans.,,TAG-U1-CondenserTemp_C
ALM-202404281240-01682,2024-04-28T12:40:00Z,TAG-U1-CondenserTemp_C,MED,Condenser temp elevated; vacuum risk. Review CW pumps/CT fans.,,TAG-U1-CondenserTemp_C
ALM-202404281735-01683,2024-04-28T17:35:00Z,TAG-U1-CondenserTemp_C,MED,Condenser temp elevated; vacuum risk. Review CW pumps/CT fans.,,TAG-U1-CondenserTemp_C
ALM-202404281745-01684,2024-04-28T17:45:00Z,TAG-U1-CondenserTemp_C,MED,Condenser temp elevated; vacuum risk. Review CW pumps/CT fans.,,TAG-U1-CondenserTemp_C
ALM-202404282040-01685,2024-04-28T20:40:00Z,TAG-U1-CondenserTemp_C,MED,Condenser temp elevated; vacuum risk. Review CW pumps/CT fans.,,TAG-U1-CondenserTemp_C
ALM-202404282055-01686,2024-04-28T20:55:00Z,TAG-U1-CondenserTemp_C,MED,Condenser temp elevated; vacuum risk. Review CW pumps/CT fans.,,TAG-U1-CondenserTemp_C
ALM-202404282135-01687,2024-04-28T21:35:00Z,TAG-U1-CondenserTemp_C,MED,Condenser temp elevated; vacuum risk. Review CW pumps/CT fans.,,TAG-U1-CondenserTemp_C
ALM-202404282235-01688,2024-04-28T22:35:00Z,TAG-U1-CondenserTemp_C,MED,Condenser temp elevated; vacuum risk. Review CW pumps/CT fans.,,TAG-U1-CondenserTemp_C
ALM-202404282345-01689,2024-04-28T23:45:00Z,TAG-U1-CondenserTemp_C,MED,Condenser temp elevated; vacuum risk. Review CW pumps/CT fans.,,TAG-U1-CondenserTemp_C
ALM-202404282350-01690,2024-04-28T23:50:00Z,TAG-U1-CondenserTemp_C,MED,Condenser temp elevated; vacuum risk. Review CW pumps/CT fans.,,TAG-U1-CondenserTemp_C
ALM-202404290340-01691,2024-04-29T03:40:00Z,TAG-U1-CondenserTemp_C,MED,Condenser temp elevated; vacuum risk. Review CW pumps/CT fans.,,TAG-U1-CondenserTemp_C
ALM-202404290410-01692,2024-04-29T04:10:00Z,TAG-U1-CondenserTemp_C,MED,Condenser temp elevated; vacuum risk. Review CW pumps/CT fans.,,TAG-U1-CondenserTemp_C
ALM-202404290515-01693,2024-04-29T05:15:00Z,TAG-U1-CondenserTemp_C,MED,Condenser temp elevated; vacuum risk. Review CW pumps/CT fans.,,TAG-U1-CondenserTemp_C
ALM-202404290805-01694,2024-04-29T08:05:00Z,TAG-U1-CondenserTemp_C,MED,Condenser temp elevated; vacuum risk. Review CW pumps/CT fans.,,TAG-U1-CondenserTemp_C
ALM-202404290845-01695,2024-04-29T08:45:00Z,TAG-U1-CondenserTemp_C,MED,Condenser temp elevated; vacuum risk. Review CW pumps/CT fans.,,TAG-U1-CondenserTemp_C
ALM-202404290900-01696,2024-04-29T09:00:00Z,TAG-U1-CondenserTemp_C,MED,Condenser temp elevated; vacuum risk. Review CW pumps/CT fans.,,TAG-U1-CondenserTemp_C
ALM-202404291200-01697,2024-04-29T12:00:00Z,TAG-U1-CondenserTemp_C,MED,Condenser temp elevated; vacuum risk. Review CW pumps/CT fans.,,TAG-U1-CondenserTemp_C
ALM-202404291350-01698,2024-04-29T13:50:00Z,TAG-U1-CondenserTemp_C,MED,Condenser temp elevated; vacuum risk. Review CW pumps/CT fans.,,TAG-U1-CondenserTemp_C
ALM-202404291500-01699,2024-04-29T15:00:00Z,TAG-U1-CondenserTemp_C,MED,Condenser temp elevated; vacuum risk. Review CW pumps/CT fans.,,TAG-U1-CondenserTemp_C
ALM-202404291605-01700,2024-04-29T16:05:00Z,TAG-U1-CondenserTemp_C,MED,Condenser temp elevated; vacuum risk. Review CW pumps/CT fans.,,TAG-U1-CondenserTemp_C
ALM-202404291650-01701,2024-04-29T16:50:00Z,TAG-U1-CondenserTemp_C,MED,Condenser temp elevated; vacuum risk. Review CW pumps/CT fans.,,TAG-U1-CondenserTemp_C
ALM-202404291950-01702,2024-04-29T19:50:00Z,TAG-U1-CondenserTemp_C,MED,Condenser temp elevated; vacuum risk. Review CW pumps/CT fans.,,TAG-U1-CondenserTemp_C
ALM-202404292155-01703,2024-04-29T21:55:00Z,TAG-U1-CondenserTemp_C,MED,Condenser temp elevated; vacuum risk. Review CW pumps/CT fans.,,TAG-U1-CondenserTemp_C
ALM-202404292235-01704,2024-04-29T22:35:00Z,TAG-U1-CondenserTemp_C,MED,Condenser temp elevated; vacuum risk. Review CW pumps/CT fans.,,TAG-U1-CondenserTemp_C
ALM-202404292300-01705,2024-04-29T23:00:00Z,TAG-U1-CondenserTemp_C,MED,Condenser temp elevated; vacuum risk. Review CW pumps/CT fans.,,TAG-U1-CondenserTemp_C
ALM-202404300220-01706,2024-04-30T02:20:00Z,TAG-U1-CondenserTemp_C,MED,Condenser temp elevated; vacuum risk. Review CW pumps/CT fans.,,TAG-U1-CondenserTemp_C
ALM-202404300310-01707,2024-04-30T03:10:00Z,TAG-U1-CondenserTemp_C,MED,Condenser temp elevated; vacuum risk. Review CW pumps/CT fans.,,TAG-U1-CondenserTemp_C
ALM-202404300345-01708,2024-04-30T03:45:00Z,TAG-U1-CondenserTemp_C,MED,Condenser temp elevated; vacuum risk. Review CW pumps/CT fans.,,TAG-U1-CondenserTemp_C
ALM-202404300405-01709,2024-04-30T04:05:00Z,TAG-U1-CondenserTemp_C,MED,Condenser temp elevated; vacuum risk. Review CW pumps/CT fans.,,TAG-U1-CondenserTemp_C
ALM-202404300550-01710,2024-04-30T05:50:00Z,TAG-U1-CondenserTemp_C,MED,Condenser temp elevated; vacuum risk. Review CW pumps/CT fans.,,TAG-U1-CondenserTemp_C
ALM-202404301215-01711,2024-04-30T12:15:00Z,TAG-U1-CondenserTemp_C,MED,Condenser temp elevated; vacuum risk. Review CW pumps/CT fans.,,TAG-U1-CondenserTemp_C
ALM-202404301400-01712,2024-04-30T14:00:00Z,TAG-U1-CondenserTemp_C,MED,Condenser temp elevated; vacuum risk. Review CW pumps/CT fans.,,TAG-U1-CondenserTemp_C
ALM-202404301520-01713,2024-04-30T15:20:00Z,TAG-U1-CondenserTemp_C,MED,Condenser temp elevated; vacuum risk. Review CW pumps/CT fans.,,TAG-U1-CondenserTemp_C
ALM-202404301610-01714,2024-04-30T16:10:00Z,TAG-U1-CondenserTemp_C,MED,Condenser temp elevated; vacuum risk. Review CW pumps/CT fans.,,TAG-U1-CondenserTemp_C
ALM-202404301655-01715,2024-04-30T16:55:00Z,TAG-U1-CondenserTemp_C,MED,Condenser temp elevated; vacuum risk. Review CW pumps/CT fans.,,TAG-U1-CondenserTemp_C
ALM-202404301730-01716,2024-04-30T17:30:00Z,TAG-U1-CondenserTemp_C,MED,Condenser temp elevated; vacuum risk. Review CW pumps/CT fans.,,TAG-U1-CondenserTemp_C
ALM-202404301905-01717,2024-04-30T19:05:00Z,TAG-U1-CondenserTemp_C,MED,Condenser temp elevated; vacuum risk. Review CW pumps/CT fans.,,TAG-U1-CondenserTemp_C
ALM-202404302015-01718,2024-04-30T20:15:00Z,TAG-U1-CondenserTemp_C,MED,Condenser temp elevated; vacuum risk. Review CW pumps/CT fans.,,TAG-U1-CondenserTemp_C
ALM-202404302340-01719,2024-04-30T23:40:00Z,TAG-U1-CondenserTemp_C,MED,Condenser temp elevated; vacuum risk. Review CW pumps/CT fans.,,TAG-U1-CondenserTemp_C
ALM-202405010210-01720,2024-05-01T02:10:00Z,TAG-U1-CondenserTemp_C,MED,Condenser temp elevated; vacuum risk. Review CW pumps/CT fans.,,TAG-U1-CondenserTemp_C
ALM-202405010355-01721,2024-05-01T03:55:00Z,TAG-U1-CondenserTemp_C,MED,Condenser temp elevated; vacuum risk. Review CW pumps/CT fans.,,TAG-U1-CondenserTemp_C
ALM-202405010415-01722,2024-05-01T04:15:00Z,TAG-U1-CondenserTemp_C,MED,Condenser temp elevated; vacuum risk. Review CW pumps/CT fans.,,TAG-U1-CondenserTemp_C
ALM-202405010535-01723,2024-05-01T05:35:00Z,TAG-U1-CondenserTemp_C,MED,Condenser temp elevated; vacuum risk. Review CW pumps/CT fans.,,TAG-U1-CondenserTemp_C
ALM-202405010905-01724,2024-05-01T09:05:00Z,TAG-U1-CondenserTemp_C,MED,Condenser temp elevated; vacuum risk. Review CW pumps/CT fans.,,TAG-U1-CondenserTemp_C
ALM-202405011255-01725,2024-05-01T12:55:00Z,TAG-U1-CondenserTemp_C,MED,Condenser temp elevated; vacuum risk. Review CW pumps/CT fans.,,TAG-U1-CondenserTemp_C
ALM-202405011305-01726,2024-05-01T13:05:00Z,TAG-U1-CondenserTemp_C,MED,Condenser temp elevated; vacuum risk. Review CW pumps/CT fans.,,TAG-U1-CondenserTemp_C
ALM-202405011345-01727,2024-05-01T13:45:00Z,TAG-U1-CondenserTemp_C,MED,Condenser temp elevated; vacuum risk. Review CW pumps/CT fans.,,TAG-U1-CondenserTemp_C
ALM-202405011605-01728,2024-05-01T16:05:00Z,TAG-U1-CondenserTemp_C,MED,Condenser temp elevated; vacuum risk. Review CW pumps/CT fans.,,TAG-U1-CondenserTemp_C
ALM-202405012055-01729,2024-05-01T20:55:00Z,TAG-U1-CondenserTemp_C,MED,Condenser temp elevated; vacuum risk. Review CW pumps/CT fans.,,TAG-U1-CondenserTemp_C
ALM-202405020210-01730,2024-05-02T02:10:00Z,TAG-U1-CondenserTemp_C,MED,Condenser temp elevated; vacuum risk. Review CW pumps/CT fans.,,TAG-U1-CondenserTemp_C
ALM-202405020315-01731,2024-05-02T03:15:00Z,TAG-U1-CondenserTemp_C,MED,Condenser temp elevated; vacuum risk. Review CW pumps/CT fans.,,TAG-U1-CondenserTemp_C
ALM-202405020320-01732,2024-05-02T03:20:00Z,TAG-U1-CondenserTemp_C,MED,Condenser temp elevated; vacuum risk. Review CW pumps/CT fans.,,TAG-U1-CondenserTemp_C
ALM-202405020410-01733,2024-05-02T04:10:00Z,TAG-U1-CondenserTemp_C,MED,Condenser temp elevated; vacuum risk. Review CW pumps/CT fans.,,TAG-U1-CondenserTemp_C
ALM-202405020500-01734,2024-05-02T05:00:00Z,TAG-U1-CondenserTemp_C,MED,Condenser temp elevated; vacuum risk. Review CW pumps/CT fans.,,TAG-U1-CondenserTemp_C
ALM-202405020625-01735,2024-05-02T06:25:00Z,TAG-U1-CondenserTemp_C,MED,Condenser temp elevated; vacuum risk. Review CW pumps/CT fans.,,TAG-U1-CondenserTemp_C
ALM-202405020650-01736,2024-05-02T06:50:00Z,TAG-U1-CondenserTemp_C,MED,Condenser temp elevated; vacuum risk. Review CW pumps/CT fans.,,TAG-U1-CondenserTemp_C
ALM-202405021030-01737,2024-05-02T10:30:00Z,TAG-U1-CondenserTemp_C,MED,Condenser temp elevated; vacuum risk. Review CW pumps/CT fans.,,TAG-U1-CondenserTemp_C
ALM-202405021045-01738,2024-05-02T10:45:00Z,TAG-U1-CondenserTemp_C,MED,Condenser temp elevated; vacuum risk. Review CW pumps/CT fans.,,TAG-U1-CondenserTemp_C
ALM-202405021145-01739,2024-05-02T11:45:00Z,TAG-U1-CondenserTemp_C,MED,Condenser temp elevated; vacuum risk. Review CW pumps/CT fans.,,TAG-U1-CondenserTemp_C
ALM-202405021410-01740,2024-05-02T14:10:00Z,TAG-U1-CondenserTemp_C,MED,Condenser temp elevated; vacuum risk. Review CW pumps/CT fans.,,TAG-U1-CondenserTemp_C
ALM-202405021430-01741,2024-05-02T14:30:00Z,TAG-U1-CondenserTemp_C,MED,Condenser temp elevated; vacuum risk. Review CW pumps/CT fans.,,TAG-U1-CondenserTemp_C
ALM-202405021550-01742,2024-05-02T15:50:00Z,TAG-U1-CondenserTemp_C,MED,Condenser temp elevated; vacuum risk. Review CW pumps/CT fans.,,TAG-U1-CondenserTemp_C
ALM-202405021805-01743,2024-05-02T18:05:00Z,TAG-U1-CondenserTemp_C,MED,Condenser temp elevated; vacuum risk. Review CW pumps/CT fans.,,TAG-U1-CondenserTemp_C
ALM-202405021855-01744,2024-05-02T18:55:00Z,TAG-U1-CondenserTemp_C,MED,Condenser temp elevated; vacuum risk. Review CW pumps/CT fans.,,TAG-U1-CondenserTemp_C
ALM-202405030135-01745,2024-05-03T01:35:00Z,TAG-U1-CondenserTemp_C,MED,Condenser temp elevated; vacuum risk. Review CW pumps/CT fans.,,TAG-U1-CondenserTemp_C
ALM-202405030335-01746,2024-05-03T03:35:00Z,TAG-U1-CondenserTemp_C,MED,Condenser temp elevated; vacuum risk. Review CW pumps/CT fans.,,TAG-U1-CondenserTemp_C
ALM-202405030655-01747,2024-05-03T06:55:00Z,TAG-U1-CondenserTemp_C,MED,Condenser temp elevated; vacuum risk. Review CW pumps/CT fans.,,TAG-U1-CondenserTemp_C
ALM-202405030800-01748,2024-05-03T08:00:00Z,TAG-U1-CondenserTemp_C,MED,Condenser temp elevated; vacuum risk. Review CW pumps/CT fans.,,TAG-U1-CondenserTemp_C
ALM-202405030910-01749,2024-05-03T09:10:00Z,TAG-U1-CondenserTemp_C,MED,Condenser temp elevated; vacuum risk. Review CW pumps/CT fans.,,TAG-U1-CondenserTemp_C
ALM-202405031440-01750,2024-05-03T14:40:00Z,TAG-U1-CondenserTemp_C,MED,Condenser temp elevated; vacuum risk. Review CW pumps/CT fans.,,TAG-U1-CondenserTemp_C
ALM-202405031630-01751,2024-05-03T16:30:00Z,TAG-U1-CondenserTemp_C,MED,Condenser temp elevated; vacuum risk. Review CW pumps/CT fans.,,TAG-U1-CondenserTemp_C
ALM-202405031955-01752,2024-05-03T19:55:00Z,TAG-U1-CondenserTemp_C,MED,Condenser temp elevated; vacuum risk. Review CW pumps/CT fans.,,TAG-U1-CondenserTemp_C
ALM-202405040235-01753,2024-05-04T02:35:00Z,TAG-U1-CondenserTemp_C,MED,Condenser temp elevated; vacuum risk. Review CW pumps/CT fans.,,TAG-U1-CondenserTemp_C
ALM-202405040330-01754,2024-05-04T03:30:00Z,TAG-U1-CondenserTemp_C,MED,Condenser temp elevated; vacuum risk. Review CW pumps/CT fans.,,TAG-U1-CondenserTemp_C
ALM-202405040500-01755,2024-05-04T05:00:00Z,TAG-U1-CondenserTemp_C,MED,Condenser temp elevated; vacuum risk. Review CW pumps/CT fans.,,TAG-U1-CondenserTemp_C
ALM-202405040835-01756,2024-05-04T08:35:00Z,TAG-U1-CondenserTemp_C,MED,Condenser temp elevated; vacuum risk. Review CW pumps/CT fans.,,TAG-U1-CondenserTemp_C
ALM-202405040930-01757,2024-05-04T09:30:00Z,TAG-U1-CondenserTemp_C,MED,Condenser temp elevated; vacuum risk. Review CW pumps/CT fans.,,TAG-U1-CondenserTemp_C
ALM-202405041040-01758,2024-05-04T10:40:00Z,TAG-U1-CondenserTemp_C,MED,Condenser temp elevated; vacuum risk. Review CW pumps/CT fans.,,TAG-U1-CondenserTemp_C
ALM-202405041125-01759,2024-05-04T11:25:00Z,TAG-U1-CondenserTemp_C,MED,Condenser temp elevated; vacuum risk. Review CW pumps/CT fans.,,TAG-U1-CondenserTemp_C
ALM-202405041345-01760,2024-05-04T13:45:00Z,TAG-U1-CondenserTemp_C,MED,Condenser temp elevated; vacuum risk. Review CW pumps/CT fans.,,TAG-U1-CondenserTemp_C
ALM-202405041515-01761,2024-05-04T15:15:00Z,TAG-U1-CondenserTemp_C,MED,Condenser temp elevated; vacuum risk. Review CW pumps/CT fans.,,TAG-U1-CondenserTemp_C
ALM-202405041550-01762,2024-05-04T15:50:00Z,TAG-U1-CondenserTemp_C,MED,Condenser temp elevated; vacuum risk. Review CW pumps/CT fans.,,TAG-U1-CondenserTemp_C
ALM-202405041610-01763,2024-05-04T16:10:00Z,TAG-U1-CondenserTemp_C,MED,Condenser temp elevated; vacuum risk. Review CW pumps/CT fans.,,TAG-U1-CondenserTemp_C
ALM-202405042045-01764,2024-05-04T20:45:00Z,TAG-U1-CondenserTemp_C,MED,Condenser temp elevated; vacuum risk. Review CW pumps/CT fans.,,TAG-U1-CondenserTemp_C
ALM-202405050120-01765,2024-05-05T01:20:00Z,TAG-U1-CondenserTemp_C,MED,Condenser temp elevated; vacuum risk. Review CW pumps/CT fans.,,TAG-U1-CondenserTemp_C
ALM-202405050350-01766,2024-05-05T03:50:00Z,TAG-U1-CondenserTemp_C,MED,Condenser temp elevated; vacuum risk. Review CW pumps/CT fans.,,TAG-U1-CondenserTemp_C
ALM-202405050420-01767,2024-05-05T04:20:00Z,TAG-U1-CondenserTemp_C,MED,Condenser temp elevated; vacuum risk. Review CW pumps/CT fans.,,TAG-U1-CondenserTemp_C
ALM-202405050450-01768,2024-05-05T04:50:00Z,TAG-U1-CondenserTemp_C,MED,Condenser temp elevated; vacuum risk. Review CW pumps/CT fans.,,TAG-U1-CondenserTemp_C
ALM-202405050845-01769,2024-05-05T08:45:00Z,TAG-U1-CondenserTemp_C,MED,Condenser temp elevated; vacuum risk. Review CW pumps/CT fans.,,TAG-U1-CondenserTemp_C
ALM-202405051145-01770,2024-05-05T11:45:00Z,TAG-U1-CondenserTemp_C,MED,Condenser temp elevated; vacuum risk. Review CW pumps/CT fans.,,TAG-U1-CondenserTemp_C
ALM-202405051330-01771,2024-05-05T13:30:00Z,TAG-U1-CondenserTemp_C,MED,Condenser temp elevated; vacuum risk. Review CW pumps/CT fans.,,TAG-U1-CondenserTemp_C
ALM-202405051425-01772,2024-05-05T14:25:00Z,TAG-U1-CondenserTemp_C,MED,Condenser temp elevated; vacuum risk. Review CW pumps/CT fans.,,TAG-U1-CondenserTemp_C
ALM-202405051510-01773,2024-05-05T15:10:00Z,TAG-U1-CondenserTemp_C,MED,Condenser temp elevated; vacuum risk. Review CW pumps/CT fans.,,TAG-U1-CondenserTemp_C
ALM-202405051520-01774,2024-05-05T15:20:00Z,TAG-U1-CondenserTemp_C,MED,Condenser temp elevated; vacuum risk. Review CW pumps/CT fans.,,TAG-U1-CondenserTemp_C
ALM-202405051620-01775,2024-05-05T16:20:00Z,TAG-U1-CondenserTemp_C,MED,Condenser temp elevated; vacuum risk. Review CW pumps/CT fans.,,TAG-U1-CondenserTemp_C
ALM-202405051955-01776,2024-05-05T19:55:00Z,TAG-U1-CondenserTemp_C,MED,Condenser temp elevated; vacuum risk. Review CW pumps/CT fans.,,TAG-U1-CondenserTemp_C
ALM-202405052120-01777,2024-05-05T21:20:00Z,TAG-U1-CondenserTemp_C,MED,Condenser temp elevated; vacuum risk. Review CW pumps/CT fans.,,TAG-U1-CondenserTemp_C
ALM-202405052155-01778,2024-05-05T21:55:00Z,TAG-U1-CondenserTemp_C,MED,Condenser temp elevated; vacuum risk. Review CW pumps/CT fans.,,TAG-U1-CondenserTemp_C
ALM-202405052210-01779,2024-05-05T22:10:00Z,TAG-U1-CondenserTemp_C,MED,Condenser temp elevated; vacuum risk. Review CW pumps/CT fans.,,TAG-U1-CondenserTemp_C
ALM-202405052305-01780,2024-05-05T23:05:00Z,TAG-U1-CondenserTemp_C,MED,Condenser temp elevated; vacuum risk. Review CW pumps/CT fans.,,TAG-U1-CondenserTemp_C
ALM-202405060345-01781,2024-05-06T03:45:00Z,TAG-U1-CondenserTemp_C,MED,Condenser temp elevated; vacuum risk. Review CW pumps/CT fans.,,TAG-U1-CondenserTemp_C
ALM-202405060350-01782,2024-05-06T03:50:00Z,TAG-U1-CondenserTemp_C,MED,Condenser temp elevated; vacuum risk. Review CW pumps/CT fans.,,TAG-U1-CondenserTemp_C
ALM-202405060430-01783,2024-05-06T04:30:00Z,TAG-U1-CondenserTemp_C,MED,Condenser temp elevated; vacuum risk. Review CW pumps/CT fans.,,TAG-U1-CondenserTemp_C
ALM-202405061355-01784,2024-05-06T13:55:00Z,TAG-U1-CondenserTemp_C,MED,Condenser temp elevated; vacuum risk. Review CW pumps/CT fans.,,TAG-U1-CondenserTemp_C
ALM-202405062045-01785,2024-05-06T20:45:00Z,TAG-U1-CondenserTemp_C,MED,Condenser temp elevated; vacuum risk. Review CW pumps/CT fans.,,TAG-U1-CondenserTemp_C
ALM-202405062105-01786,2024-05-06T21:05:00Z,TAG-U1-CondenserTemp_C,MED,Condenser temp elevated; vacuum risk. Review CW pumps/CT fans.,,TAG-U1-CondenserTemp_C
ALM-202405062220-01787,2024-05-06T22:20:00Z,TAG-U1-CondenserTemp_C,MED,Condenser temp elevated; vacuum risk. Review CW pumps/CT fans.,,TAG-U1-CondenserTemp_C
ALM-202405062300-01788,2024-05-06T23:00:00Z,TAG-U1-CondenserTemp_C,MED,Condenser temp elevated; vacuum risk. Review CW pumps/CT fans.,,TAG-U1-CondenserTemp_C
ALM-202405070045-01789,2024-05-07T00:45:00Z,TAG-U1-CondenserTemp_C,MED,Condenser temp elevated; vacuum risk. Review CW pumps/CT fans.,,TAG-U1-CondenserTemp_C
ALM-202405070115-01790,2024-05-07T01:15:00Z,TAG-U1-CondenserTemp_C,MED,Condenser temp elevated; vacuum risk. Review CW pumps/CT fans.,,TAG-U1-CondenserTemp_C
ALM-202405070420-01791,2024-05-07T04:20:00Z,TAG-U1-CondenserTemp_C,MED,Condenser temp elevated; vacuum risk. Review CW pumps/CT fans.,,TAG-U1-CondenserTemp_C
ALM-202405070430-01792,2024-05-07T04:30:00Z,TAG-U1-CondenserTemp_C,MED,Condenser temp elevated; vacuum risk. Review CW pumps/CT fans.,,TAG-U1-CondenserTemp_C
ALM-202405070445-01793,2024-05-07T04:45:00Z,TAG-U1-CondenserTemp_C,MED,Condenser temp elevated; vacuum risk. Review CW pumps/CT fans.,,TAG-U1-CondenserTemp_C
ALM-202405070505-01794,2024-05-07T05:05:00Z,TAG-U1-CondenserTemp_C,MED,Condenser temp elevated; vacuum risk. Review CW pumps/CT fans.,,TAG-U1-CondenserTemp_C
ALM-202405070610-01795,2024-05-07T06:10:00Z,TAG-U1-CondenserTemp_C,MED,Condenser temp elevated; vacuum risk. Review CW pumps/CT fans.,,TAG-U1-CondenserTemp_C
ALM-202405070650-01796,2024-05-07T06:50:00Z,TAG-U1-CondenserTemp_C,MED,Condenser temp elevated; vacuum risk. Review CW pumps/CT fans.,,TAG-U1-CondenserTemp_C
ALM-202405070810-01797,2024-05-07T08:10:00Z,TAG-U1-CondenserTemp_C,MED,Condenser temp elevated; vacuum risk. Review CW pumps/CT fans.,,TAG-U1-CondenserTemp_C
ALM-202405071430-01798,2024-05-07T14:30:00Z,TAG-U1-CondenserTemp_C,MED,Condenser temp elevated; vacuum risk. Review CW pumps/CT fans.,,TAG-U1-CondenserTemp_C
ALM-202405071600-01799,2024-05-07T16:00:00Z,TAG-U1-CondenserTemp_C,MED,Condenser temp elevated; vacuum risk. Review CW pumps/CT fans.,,TAG-U1-CondenserTemp_C
ALM-202405071810-01800,2024-05-07T18:10:00Z,TAG-U1-CondenserTemp_C,MED,Condenser temp elevated; vacuum risk. Review CW pumps/CT fans.,,TAG-U1-CondenserTemp_C
ALM-202405072120-01801,2024-05-07T21:20:00Z,TAG-U1-CondenserTemp_C,MED,Condenser temp elevated; vacuum risk. Review CW pumps/CT fans.,,TAG-U1-CondenserTemp_C
ALM-202405072155-01802,2024-05-07T21:55:00Z,TAG-U1-CondenserTemp_C,MED,Condenser temp elevated; vacuum risk. Review CW pumps/CT fans.,,TAG-U1-CondenserTemp_C
ALM-202405080000-01803,2024-05-08T00:00:00Z,TAG-U1-CondenserTemp_C,MED,Condenser temp elevated; vacuum risk. Review CW pumps/CT fans.,,TAG-U1-CondenserTemp_C
ALM-202405080135-01804,2024-05-08T01:35:00Z,TAG-U1-CondenserTemp_C,MED,Condenser temp elevated; vacuum risk. Review CW pumps/CT fans.,,TAG-U1-CondenserTemp_C
ALM-202405080440-01805,2024-05-08T04:40:00Z,TAG-U1-CondenserTemp_C,MED,Condenser temp elevated; vacuum risk. Review CW pumps/CT fans.,,TAG-U1-CondenserTemp_C
ALM-202405080550-01806,2024-05-08T05:50:00Z,TAG-U1-CondenserTemp_C,MED,Condenser temp elevated; vacuum risk. Review CW pumps/CT fans.,,TAG-U1-CondenserTemp_C
ALM-202405080725-01807,2024-05-08T07:25:00Z,TAG-U1-CondenserTemp_C,MED,Condenser temp elevated; vacuum risk. Review CW pumps/CT fans.,,TAG-U1-CondenserTemp_C
ALM-202405080840-01808,2024-05-08T08:40:00Z,TAG-U1-CondenserTemp_C,MED,Condenser temp elevated; vacuum risk. Review CW pumps/CT fans.,,TAG-U1-CondenserTemp_C
ALM-202405080925-01809,2024-05-08T09:25:00Z,TAG-U1-CondenserTemp_C,MED,Condenser temp elevated; vacuum risk. Review CW pumps/CT fans.,,TAG-U1-CondenserTemp_C
ALM-202405081030-01810,2024-05-08T10:30:00Z,TAG-U1-CondenserTemp_C,MED,Condenser temp elevated; vacuum risk. Review CW pumps/CT fans.,,TAG-U1-CondenserTemp_C
ALM-202405081130-01811,2024-05-08T11:30:00Z,TAG-U1-CondenserTemp_C,MED,Condenser temp elevated; vacuum risk. Review CW pumps/CT fans.,,TAG-U1-CondenserTemp_C
ALM-202405081145-01812,2024-05-08T11:45:00Z,TAG-U1-CondenserTemp_C,MED,Condenser temp elevated; vacuum risk. Review CW pumps/CT fans.,,TAG-U1-CondenserTemp_C
ALM-202405081315-01813,2024-05-08T13:15:00Z,TAG-U1-CondenserTemp_C,MED,Condenser temp elevated; vacuum risk. Review CW pumps/CT fans.,,TAG-U1-CondenserTemp_C
ALM-202405081705-01814,2024-05-08T17:05:00Z,TAG-U1-CondenserTemp_C,MED,Condenser temp elevated; vacuum risk. Review CW pumps/CT fans.,,TAG-U1-CondenserTemp_C
ALM-202405081755-01815,2024-05-08T17:55:00Z,TAG-U1-CondenserTemp_C,MED,Condenser temp elevated; vacuum risk. Review CW pumps/CT fans.,,TAG-U1-CondenserTemp_C
ALM-202405081840-01816,2024-05-08T18:40:00Z,TAG-U1-CondenserTemp_C,MED,Condenser temp elevated; vacuum risk. Review CW pumps/CT fans.,,TAG-U1-CondenserTemp_C
ALM-202405082105-01817,2024-05-08T21:05:00Z,TAG-U1-CondenserTemp_C,MED,Condenser temp elevated; vacuum risk. Review CW pumps/CT fans.,,TAG-U1-CondenserTemp_C
ALM-202405090125-01818,2024-05-09T01:25:00Z,TAG-U1-CondenserTemp_C,MED,Condenser temp elevated; vacuum risk. Review CW pumps/CT fans.,,TAG-U1-CondenserTemp_C
ALM-202405090345-01819,2024-05-09T03:45:00Z,TAG-U1-CondenserTemp_C,MED,Condenser temp elevated; vacuum risk. Review CW pumps/CT fans.,,TAG-U1-CondenserTemp_C
ALM-202405090435-01820,2024-05-09T04:35:00Z,TAG-U1-CondenserTemp_C,MED,Condenser temp elevated; vacuum risk. Review CW pumps/CT fans.,,TAG-U1-CondenserTemp_C
ALM-202405090630-01821,2024-05-09T06:30:00Z,TAG-U1-CondenserTemp_C,MED,Condenser temp elevated; vacuum risk. Review CW pumps/CT fans.,,TAG-U1-CondenserTemp_C
ALM-202405090935-01822,2024-05-09T09:35:00Z,TAG-U1-CondenserTemp_C,MED,Condenser temp elevated; vacuum risk. Review CW pumps/CT fans.,,TAG-U1-CondenserTemp_C
ALM-202405090950-01823,2024-05-09T09:50:00Z,TAG-U1-CondenserTemp_C,MED,Condenser temp elevated; vacuum risk. Review CW pumps/CT fans.,,TAG-U1-CondenserTemp_C
ALM-202405091035-01824,2024-05-09T10:35:00Z,TAG-U1-CondenserTemp_C,MED,Condenser temp elevated; vacuum risk. Review CW pumps/CT fans.,,TAG-U1-CondenserTemp_C
ALM-202405091210-01825,2024-05-09T12:10:00Z,TAG-U1-CondenserTemp_C,MED,Condenser temp elevated; vacuum risk. Review CW pumps/CT fans.,,TAG-U1-CondenserTemp_C
ALM-202405091235-01826,2024-05-09T12:35:00Z,TAG-U1-CondenserTemp_C,MED,Condenser temp elevated; vacuum risk. Review CW pumps/CT fans.,,TAG-U1-CondenserTemp_C
ALM-202405091255-01827,2024-05-09T12:55:00Z,TAG-U1-CondenserTemp_C,MED,Condenser temp elevated; vacuum risk. Review CW pumps/CT fans.,,TAG-U1-CondenserTemp_C
ALM-202405091350-01828,2024-05-09T13:50:00Z,TAG-U1-CondenserTemp_C,MED,Condenser temp elevated; vacuum risk. Review CW pumps/CT fans.,,TAG-U1-CondenserTemp_C
ALM-202405091805-01829,2024-05-09T18:05:00Z,TAG-U1-CondenserTemp_C,MED,Condenser temp elevated; vacuum risk. Review CW pumps/CT fans.,,TAG-U1-CondenserTemp_C
ALM-202405091810-01830,2024-05-09T18:10:00Z,TAG-U1-CondenserTemp_C,MED,Condenser temp elevated; vacuum risk. Review CW pumps/CT fans.,,TAG-U1-CondenserTemp_C
ALM-202405092255-01831,2024-05-09T22:55:00Z,TAG-U1-CondenserTemp_C,MED,Condenser temp elevated; vacuum risk. Review CW pumps/CT fans.,,TAG-U1-CondenserTemp_C
ALM-202405100225-01832,2024-05-10T02:25:00Z,TAG-U1-CondenserTemp_C,MED,Condenser temp elevated; vacuum risk. Review CW pumps/CT fans.,,TAG-U1-CondenserTemp_C
ALM-202405100300-01833,2024-05-10T03:00:00Z,TAG-U1-CondenserTemp_C,MED,Condenser temp elevated; vacuum risk. Review CW pumps/CT fans.,,TAG-U1-CondenserTemp_C
ALM-202405100320-01834,2024-05-10T03:20:00Z,TAG-U1-CondenserTemp_C,MED,Condenser temp elevated; vacuum risk. Review CW pumps/CT fans.,,TAG-U1-CondenserTemp_C
ALM-202405100450-01835,2024-05-10T04:50:00Z,TAG-U1-CondenserTemp_C,MED,Condenser temp elevated; vacuum risk. Review CW pumps/CT fans.,,TAG-U1-CondenserTemp_C
ALM-202405100800-01836,2024-05-10T08:00:00Z,TAG-U1-CondenserTemp_C,MED,Condenser temp elevated; vacuum risk. Review CW pumps/CT fans.,,TAG-U1-CondenserTemp_C
ALM-202405100910-01837,2024-05-10T09:10:00Z,TAG-U1-CondenserTemp_C,MED,Condenser temp elevated; vacuum risk. Review CW pumps/CT fans.,,TAG-U1-CondenserTemp_C
ALM-202405100920-01838,2024-05-10T09:20:00Z,TAG-U1-CondenserTemp_C,MED,Condenser temp elevated; vacuum risk. Review CW pumps/CT fans.,,TAG-U1-CondenserTemp_C
ALM-202405101040-01839,2024-05-10T10:40:00Z,TAG-U1-CondenserTemp_C,MED,Condenser temp elevated; vacuum risk. Review CW pumps/CT fans.,,TAG-U1-CondenserTemp_C
ALM-202405101230-01840,2024-05-10T12:30:00Z,TAG-U1-CondenserTemp_C,MED,Condenser temp elevated; vacuum risk. Review CW pumps/CT fans.,,TAG-U1-CondenserTemp_C
ALM-202405101325-01841,2024-05-10T13:25:00Z,TAG-U1-CondenserTemp_C,MED,Condenser temp elevated; vacuum risk. Review CW pumps/CT fans.,,TAG-U1-CondenserTemp_C
ALM-202405101405-01842,2024-05-10T14:05:00Z,TAG-U1-CondenserTemp_C,MED,Condenser temp elevated; vacuum risk. Review CW pumps/CT fans.,,TAG-U1-CondenserTemp_C
ALM-202405101420-01843,2024-05-10T14:20:00Z,TAG-U1-CondenserTemp_C,MED,Condenser temp elevated; vacuum risk. Review CW pumps/CT fans.,,TAG-U1-CondenserTemp_C
ALM-202405101440-01844,2024-05-10T14:40:00Z,TAG-U1-CondenserTemp_C,MED,Condenser temp elevated; vacuum risk. Review CW pumps/CT fans.,,TAG-U1-CondenserTemp_C
ALM-202405101545-01845,2024-05-10T15:45:00Z,TAG-U1-CondenserTemp_C,MED,Condenser temp elevated; vacuum risk. Review CW pumps/CT fans.,,TAG-U1-CondenserTemp_C
ALM-202405101610-01846,2024-05-10T16:10:00Z,TAG-U1-CondenserTemp_C,MED,Condenser temp elevated; vacuum risk. Review CW pumps/CT fans.,,TAG-U1-CondenserTemp_C
ALM-202405101635-01847,2024-05-10T16:35:00Z,TAG-U1-CondenserTemp_C,MED,Condenser temp elevated; vacuum risk. Review CW pumps/CT fans.,,TAG-U1-CondenserTemp_C
ALM-202405102235-01848,2024-05-10T22:35:00Z,TAG-U1-CondenserTemp_C,MED,Condenser temp elevated; vacuum risk. Review CW pumps/CT fans.,,TAG-U1-CondenserTemp_C
ALM-202405102310-01849,2024-05-10T23:10:00Z,TAG-U1-CondenserTemp_C,MED,Condenser temp elevated; vacuum risk. Review CW pumps/CT fans.,,TAG-U1-CondenserTemp_C
ALM-202405110030-01850,2024-05-11T00:30:00Z,TAG-U1-CondenserTemp_C,MED,Condenser temp elevated; vacuum risk. Review CW pumps/CT fans.,,TAG-U1-CondenserTemp_C
ALM-202405110205-01851,2024-05-11T02:05:00Z,TAG-U1-CondenserTemp_C,MED,Condenser temp elevated; vacuum risk. Review CW pumps/CT fans.,,TAG-U1-CondenserTemp_C
ALM-202405110325-01852,2024-05-11T03:25:00Z,TAG-U1-CondenserTemp_C,MED,Condenser temp elevated; vacuum risk. Review CW pumps/CT fans.,,TAG-U1-CondenserTemp_C
ALM-202405110500-01853,2024-05-11T05:00:00Z,TAG-U1-CondenserTemp_C,MED,Condenser temp elevated; vacuum risk. Review CW pumps/CT fans.,,TAG-U1-CondenserTemp_C
ALM-202405110555-01854,2024-05-11T05:55:00Z,TAG-U1-CondenserTemp_C,MED,Condenser temp elevated; vacuum risk. Review CW pumps/CT fans.,,TAG-U1-CondenserTemp_C
ALM-202405110905-01855,2024-05-11T09:05:00Z,TAG-U1-CondenserTemp_C,MED,Condenser temp elevated; vacuum risk. Review CW pumps/CT fans.,,TAG-U1-CondenserTemp_C
ALM-202405111215-01856,2024-05-11T12:15:00Z,TAG-U1-CondenserTemp_C,MED,Condenser temp elevated; vacuum risk. Review CW pumps/CT fans.,,TAG-U1-CondenserTemp_C
ALM-202405111340-01857,2024-05-11T13:40:00Z,TAG-U1-CondenserTemp_C,MED,Condenser temp elevated; vacuum risk. Review CW pumps/CT fans.,,TAG-U1-CondenserTemp_C
ALM-202405111650-01858,2024-05-11T16:50:00Z,TAG-U1-CondenserTemp_C,MED,Condenser temp elevated; vacuum risk. Review CW pumps/CT fans.,,TAG-U1-CondenserTemp_C
ALM-202405111655-01859,2024-05-11T16:55:00Z,TAG-U1-CondenserTemp_C,MED,Condenser temp elevated; vacuum risk. Review CW pumps/CT fans.,,TAG-U1-CondenserTemp_C
ALM-202405111755-01860,2024-05-11T17:55:00Z,TAG-U1-CondenserTemp_C,MED,Condenser temp elevated; vacuum risk. Review CW pumps/CT fans.,,TAG-U1-CondenserTemp_C
ALM-202405111825-01861,2024-05-11T18:25:00Z,TAG-U1-CondenserTemp_C,MED,Condenser temp elevated; vacuum risk. Review CW pumps/CT fans.,,TAG-U1-CondenserTemp_C
ALM-202405112150-01862,2024-05-11T21:50:00Z,TAG-U1-CondenserTemp_C,MED,Condenser temp elevated; vacuum risk. Review CW pumps/CT fans.,,TAG-U1-CondenserTemp_C
ALM-202405112155-01863,2024-05-11T21:55:00Z,TAG-U1-CondenserTemp_C,MED,Condenser temp elevated; vacuum risk. Review CW pumps/CT fans.,,TAG-U1-CondenserTemp_C
ALM-202405120220-01864,2024-05-12T02:20:00Z,TAG-U1-CondenserTemp_C,MED,Condenser temp elevated; vacuum risk. Review CW pumps/CT fans.,,TAG-U1-CondenserTemp_C
ALM-202405120230-01865,2024-05-12T02:30:00Z,TAG-U1-CondenserTemp_C,MED,Condenser temp elevated; vacuum risk. Review CW pumps/CT fans.,,TAG-U1-CondenserTemp_C
ALM-202405120455-01866,2024-05-12T04:55:00Z,TAG-U1-CondenserTemp_C,MED,Condenser temp elevated; vacuum risk. Review CW pumps/CT fans.,,TAG-U1-CondenserTemp_C
ALM-202405120610-01867,2024-05-12T06:10:00Z,TAG-U1-CondenserTemp_C,MED,Condenser temp elevated; vacuum risk. Review CW pumps/CT fans.,,TAG-U1-CondenserTemp_C
ALM-202405120745-01868,2024-05-12T07:45:00Z,TAG-U1-CondenserTemp_C,MED,Condenser temp elevated; vacuum risk. Review CW pumps/CT fans.,EVT-DRAFT-20240512-16,TAG-U1-CondenserTemp_C
ALM-202405120940-01869,2024-05-12T09:40:00Z,TAG-U1-CondenserTemp_C,MED,Condenser temp elevated; vacuum risk. Review CW pumps/CT fans.,EVT-DRAFT-20240512-16,TAG-U1-CondenserTemp_C
ALM-202405121350-01870,2024-05-12T13:50:00Z,TAG-U1-CondenserTemp_C,MED,Condenser temp elevated; vacuum risk. Review CW pumps/CT fans.,,TAG-U1-CondenserTemp_C
ALM-202405121455-01871,2024-05-12T14:55:00Z,TAG-U1-CondenserTemp_C,MED,Condenser temp elevated; vacuum risk. Review CW pumps/CT fans.,,TAG-U1-CondenserTemp_C
ALM-202405121620-01872,2024-05-12T16:20:00Z,TAG-U1-CondenserTemp_C,MED,Condenser temp elevated; vacuum risk. Review CW pumps/CT fans.,,TAG-U1-CondenserTemp_C
ALM-202405121755-01873,2024-05-12T17:55:00Z,TAG-U1-CondenserTemp_C,MED,Condenser temp elevated; vacuum risk. Review CW pumps/CT fans.,,TAG-U1-CondenserTemp_C
ALM-202405121810-01874,2024-05-12T18:10:00Z,TAG-U1-CondenserTemp_C,MED,Condenser temp elevated; vacuum risk. Review CW pumps/CT fans.,,TAG-U1-CondenserTemp_C
ALM-202405122300-01875,2024-05-12T23:00:00Z,TAG-U1-CondenserTemp_C,MED,Condenser temp elevated; vacuum risk. Review CW pumps/CT fans.,,TAG-U1-CondenserTemp_C
ALM-202405122330-01876,2024-05-12T23:30:00Z,TAG-U1-CondenserTemp_C,MED,Condenser temp elevated; vacuum risk. Review CW pumps/CT fans.,,TAG-U1-CondenserTemp_C
ALM-202405130015-01877,2024-05-13T00:15:00Z,TAG-U1-CondenserTemp_C,MED,Condenser temp elevated; vacuum risk. Review CW pumps/CT fans.,,TAG-U1-CondenserTemp_C
ALM-202405130200-01878,2024-05-13T02:00:00Z,TAG-U1-CondenserTemp_C,MED,Condenser temp elevated; vacuum risk. Review CW pumps/CT fans.,,TAG-U1-CondenserTemp_C
ALM-202405130210-01879,2024-05-13T02:10:00Z,TAG-U1-CondenserTemp_C,MED,Condenser temp elevated; vacuum risk. Review CW pumps/CT fans.,,TAG-U1-CondenserTemp_C
ALM-202405130230-01880,2024-05-13T02:30:00Z,TAG-U1-CondenserTemp_C,MED,Condenser temp elevated; vacuum risk. Review CW pumps/CT fans.,,TAG-U1-CondenserTemp_C
ALM-202405130325-01881,2024-05-13T03:25:00Z,TAG-U1-CondenserTemp_C,MED,Condenser temp elevated; vacuum risk. Review CW pumps/CT fans.,,TAG-U1-CondenserTemp_C
ALM-202405130500-01882,2024-05-13T05:00:00Z,TAG-U1-CondenserTemp_C,MED,Condenser temp elevated; vacuum risk. Review CW pumps/CT fans.,,TAG-U1-CondenserTemp_C
ALM-202405131335-01883,2024-05-13T13:35:00Z,TAG-U1-CondenserTemp_C,MED,Condenser temp elevated; vacuum risk. Review CW pumps/CT fans.,,TAG-U1-CondenserTemp_C
ALM-202405131340-01884,2024-05-13T13:40:00Z,TAG-U1-CondenserTemp_C,MED,Condenser temp elevated; vacuum risk. Review CW pumps/CT fans.,,TAG-U1-CondenserTemp_C
ALM-202405131400-01885,2024-05-13T14:00:00Z,TAG-U1-CondenserTemp_C,MED,Condenser temp elevated; vacuum risk. Review CW pumps/CT fans.,,TAG-U1-CondenserTemp_C
ALM-202405131520-01886,2024-05-13T15:20:00Z,TAG-U1-CondenserTemp_C,MED,Condenser temp elevated; vacuum risk. Review CW pumps/CT fans.,,TAG-U1-CondenserTemp_C
ALM-202405131540-01887,2024-05-13T15:40:00Z,TAG-U1-CondenserTemp_C,MED,Condenser temp elevated; vacuum risk. Review CW pumps/CT fans.,,TAG-U1-CondenserTemp_C
ALM-202405131610-01888,2024-05-13T16:10:00Z,TAG-U1-CondenserTemp_C,MED,Condenser temp elevated; vacuum risk. Review CW pumps/CT fans.,,TAG-U1-CondenserTemp_C
ALM-202405131740-01889,2024-05-13T17:40:00Z,TAG-U1-CondenserTemp_C,MED,Condenser temp elevated; vacuum risk. Review CW pumps/CT fans.,,TAG-U1-CondenserTemp_C
ALM-202405131915-01890,2024-05-13T19:15:00Z,TAG-U1-CondenserTemp_C,MED,Condenser temp elevated; vacuum risk. Review CW pumps/CT fans.,,TAG-U1-CondenserTemp_C
ALM-202405132200-01891,2024-05-13T22:00:00Z,TAG-U1-CondenserTemp_C,MED,Condenser temp elevated; vacuum risk. Review CW pumps/CT fans.,,TAG-U1-CondenserTemp_C
ALM-202405132235-01892,2024-05-13T22:35:00Z,TAG-U1-CondenserTemp_C,MED,Condenser temp elevated; vacuum risk. Review CW pumps/CT fans.,,TAG-U1-CondenserTemp_C
ALM-202405140015-01893,2024-05-14T00:15:00Z,TAG-U1-CondenserTemp_C,MED,Condenser temp elevated; vacuum risk. Review CW pumps/CT fans.,,TAG-U1-CondenserTemp_C
ALM-202405140115-01894,2024-05-14T01:15:00Z,TAG-U1-CondenserTemp_C,MED,Condenser temp elevated; vacuum risk. Review CW pumps/CT fans.,,TAG-U1-CondenserTemp_C
ALM-202405140235-01895,2024-05-14T02:35:00Z,TAG-U1-CondenserTemp_C,MED,Condenser temp elevated; vacuum risk. Review CW pumps/CT fans.,,TAG-U1-CondenserTemp_C
ALM-202405140515-01896,2024-05-14T05:15:00Z,TAG-U1-CondenserTemp_C,MED,Condenser temp elevated; vacuum risk. Review CW pumps/CT fans.,,TAG-U1-CondenserTemp_C
ALM-202405141110-01897,2024-05-14T11:10:00Z,TAG-U1-CondenserTemp_C,MED,Condenser temp elevated; vacuum risk. Review CW pumps/CT fans.,,TAG-U1-CondenserTemp_C
ALM-202405141125-01898,2024-05-14T11:25:00Z,TAG-U1-CondenserTemp_C,MED,Condenser temp elevated; vacuum risk. Review CW pumps/CT fans.,,TAG-U1-CondenserTemp_C
ALM-202405141355-01899,2024-05-14T13:55:00Z,TAG-U1-CondenserTemp_C,MED,Condenser temp elevated; vacuum risk. Review CW pumps/CT fans.,,TAG-U1-CondenserTemp_C
ALM-202405141425-01900,2024-05-14T14:25:00Z,TAG-U1-CondenserTemp_C,MED,Condenser temp elevated; vacuum risk. Review CW pumps/CT fans.,,TAG-U1-CondenserTemp_C
ALM-202405142110-01901,2024-05-14T21:10:00Z,TAG-U1-CondenserTemp_C,MED,Condenser temp elevated; vacuum risk. Review CW pumps/CT fans.,,TAG-U1-CondenserTemp_C
ALM-202405150515-01902,2024-05-15T05:15:00Z,TAG-U1-CondenserTemp_C,MED,Condenser temp elevated; vacuum risk. Review CW pumps/CT fans.,,TAG-U1-CondenserTemp_C
ALM-202405150545-01903,2024-05-15T05:45:00Z,TAG-U1-CondenserTemp_C,MED,Condenser temp elevated; vacuum risk. Review CW pumps/CT fans.,,TAG-U1-CondenserTemp_C
ALM-202405151015-01904,2024-05-15T10:15:00Z,TAG-U1-CondenserTemp_C,MED,Condenser temp elevated; vacuum risk. Review CW pumps/CT fans.,,TAG-U1-CondenserTemp_C
ALM-202405151020-01905,2024-05-15T10:20:00Z,TAG-U1-CondenserTemp_C,MED,Condenser temp elevated; vacuum risk. Review CW pumps/CT fans.,,TAG-U1-CondenserTemp_C
ALM-202405151245-01906,2024-05-15T12:45:00Z,TAG-U1-CondenserTemp_C,MED,Condenser temp elevated; vacuum risk. Review CW pumps/CT fans.,,TAG-U1-CondenserTemp_C
ALM-202405151325-01907,2024-05-15T13:25:00Z,TAG-U1-CondenserTemp_C,MED,Condenser temp elevated; vacuum risk. Review CW pumps/CT fans.,,TAG-U1-CondenserTemp_C
ALM-202405151420-01908,2024-05-15T14:20:00Z,TAG-U1-CondenserTemp_C,MED,Condenser temp elevated; vacuum risk. Review CW pumps/CT fans.,,TAG-U1-CondenserTemp_C
ALM-202405151445-01909,2024-05-15T14:45:00Z,TAG-U1-CondenserTemp_C,MED,Condenser temp elevated; vacuum risk. Review CW pumps/CT fans.,,TAG-U1-CondenserTemp_C
ALM-202405152320-01910,2024-05-15T23:20:00Z,TAG-U1-CondenserTemp_C,MED,Condenser temp elevated; vacuum risk. Review CW pumps/CT fans.,,TAG-U1-CondenserTemp_C
ALM-202405160115-01911,2024-05-16T01:15:00Z,TAG-U1-CondenserTemp_C,MED,Condenser temp elevated; vacuum risk. Review CW pumps/CT fans.,,TAG-U1-CondenserTemp_C
ALM-202405160415-01912,2024-05-16T04:15:00Z,TAG-U1-CondenserTemp_C,MED,Condenser temp elevated; vacuum risk. Review CW pumps/CT fans.,,TAG-U1-CondenserTemp_C
ALM-202405160645-01913,2024-05-16T06:45:00Z,TAG-U1-CondenserTemp_C,MED,Condenser temp elevated; vacuum risk. Review CW pumps/CT fans.,,TAG-U1-CondenserTemp_C
ALM-202405160655-01914,2024-05-16T06:55:00Z,TAG-U1-CondenserTemp_C,MED,Condenser temp elevated; vacuum risk. Review CW pumps/CT fans.,,TAG-U1-CondenserTemp_C
ALM-202405160700-01915,2024-05-16T07:00:00Z,TAG-U1-CondenserTemp_C,MED,Condenser temp elevated; vacuum risk. Review CW pumps/CT fans.,,TAG-U1-CondenserTemp_C
ALM-202405161040-01916,2024-05-16T10:40:00Z,TAG-U1-CondenserTemp_C,MED,Condenser temp elevated; vacuum risk. Review CW pumps/CT fans.,,TAG-U1-CondenserTemp_C
ALM-202405161100-01917,2024-05-16T11:00:00Z,TAG-U1-CondenserTemp_C,MED,Condenser temp elevated; vacuum risk. Review CW pumps/CT fans.,,TAG-U1-CondenserTemp_C
ALM-202405161430-01918,2024-05-16T14:30:00Z,TAG-U1-CondenserTemp_C,MED,Condenser temp elevated; vacuum risk. Review CW pumps/CT fans.,,TAG-U1-CondenserTemp_C
ALM-202405161610-01919,2024-05-16T16:10:00Z,TAG-U1-CondenserTemp_C,MED,Condenser temp elevated; vacuum risk. Review CW pumps/CT fans.,,TAG-U1-CondenserTemp_C
ALM-202405170025-01920,2024-05-17T00:25:00Z,TAG-U1-CondenserTemp_C,MED,Condenser temp elevated; vacuum risk. Review CW pumps/CT fans.,,TAG-U1-CondenserTemp_C
ALM-202405170125-01921,2024-05-17T01:25:00Z,TAG-U1-CondenserTemp_C,MED,Condenser temp elevated; vacuum risk. Review CW pumps/CT fans.,,TAG-U1-CondenserTemp_C
ALM-202405170210-01922,2024-05-17T02:10:00Z,TAG-U1-CondenserTemp_C,MED,Condenser temp elevated; vacuum risk. Review CW pumps/CT fans.,,TAG-U1-CondenserTemp_C
ALM-202405170615-01923,2024-05-17T06:15:00Z,TAG-U1-CondenserTemp_C,MED,Condenser temp elevated; vacuum risk. Review CW pumps/CT fans.,,TAG-U1-CondenserTemp_C
ALM-202405170620-01924,2024-05-17T06:20:00Z,TAG-U1-CondenserTemp_C,MED,Condenser temp elevated; vacuum risk. Review CW pumps/CT fans.,,TAG-U1-CondenserTemp_C
ALM-202405170640-01925,2024-05-17T06:40:00Z,TAG-U1-CondenserTemp_C,MED,Condenser temp elevated; vacuum risk. Review CW pumps/CT fans.,,TAG-U1-CondenserTemp_C
ALM-202405170845-01926,2024-05-17T08:45:00Z,TAG-U1-CondenserTemp_C,MED,Condenser temp elevated; vacuum risk. Review CW pumps/CT fans.,,TAG-U1-CondenserTemp_C
ALM-202405171150-01927,2024-05-17T11:50:00Z,TAG-U1-CondenserTemp_C,MED,Condenser temp elevated; vacuum risk. Review CW pumps/CT fans.,,TAG-U1-CondenserTemp_C
ALM-202405171305-01928,2024-05-17T13:05:00Z,TAG-U1-CondenserTemp_C,MED,Condenser temp elevated; vacuum risk. Review CW pumps/CT fans.,,TAG-U1-CondenserTemp_C
ALM-202405171320-01929,2024-05-17T13:20:00Z,TAG-U1-CondenserTemp_C,MED,Condenser temp elevated; vacuum risk. Review CW pumps/CT fans.,,TAG-U1-CondenserTemp_C
ALM-202405171450-01930,2024-05-17T14:50:00Z,TAG-U1-CondenserTemp_C,MED,Condenser temp elevated; vacuum risk. Review CW pumps/CT fans.,,TAG-U1-CondenserTemp_C
ALM-202405171510-01931,2024-05-17T15:10:00Z,TAG-U1-CondenserTemp_C,MED,Condenser temp elevated; vacuum risk. Review CW pumps/CT fans.,,TAG-U1-CondenserTemp_C
ALM-202405171640-01932,2024-05-17T16:40:00Z,TAG-U1-CondenserTemp_C,MED,Condenser temp elevated; vacuum risk. Review CW pumps/CT fans.,,TAG-U1-CondenserTemp_C
ALM-202405172110-01933,2024-05-17T21:10:00Z,TAG-U1-CondenserTemp_C,MED,Condenser temp elevated; vacuum risk. Review CW pumps/CT fans.,,TAG-U1-CondenserTemp_C
ALM-202405180125-01934,2024-05-18T01:25:00Z,TAG-U1-CondenserTemp_C,MED,Condenser temp elevated; vacuum risk. Review CW pumps/CT fans.,,TAG-U1-CondenserTemp_C
ALM-202405180210-01935,2024-05-18T02:10:00Z,TAG-U1-CondenserTemp_C,MED,Condenser temp elevated; vacuum risk. Review CW pumps/CT fans.,,TAG-U1-CondenserTemp_C
ALM-202405180250-01936,2024-05-18T02:50:00Z,TAG-U1-CondenserTemp_C,MED,Condenser temp elevated; vacuum risk. Review CW pumps/CT fans.,,TAG-U1-CondenserTemp_C
ALM-202405180305-01937,2024-05-18T03:05:00Z,TAG-U1-CondenserTemp_C,MED,Condenser temp elevated; vacuum risk. Review CW pumps/CT fans.,,TAG-U1-CondenserTemp_C
ALM-202405180520-01938,2024-05-18T05:20:00Z,TAG-U1-CondenserTemp_C,MED,Condenser temp elevated; vacuum risk. Review CW pumps/CT fans.,,TAG-U1-CondenserTemp_C
ALM-202405180655-01939,2024-05-18T06:55:00Z,TAG-U1-CondenserTemp_C,MED,Condenser temp elevated; vacuum risk. Review CW pumps/CT fans.,,TAG-U1-CondenserTemp_C
ALM-202405180740-01940,2024-05-18T07:40:00Z,TAG-U1-CondenserTemp_C,MED,Condenser temp elevated; vacuum risk. Review CW pumps/CT fans.,,TAG-U1-CondenserTemp_C
ALM-202405180825-01941,2024-05-18T08:25:00Z,TAG-U1-CondenserTemp_C,MED,Condenser temp elevated; vacuum risk. Review CW pumps/CT fans.,,TAG-U1-CondenserTemp_C
ALM-202405181125-01942,2024-05-18T11:25:00Z,TAG-U1-CondenserTemp_C,MED,Condenser temp elevated; vacuum risk. Review CW pumps/CT fans.,,TAG-U1-CondenserTemp_C
ALM-202405181140-01943,2024-05-18T11:40:00Z,TAG-U1-CondenserTemp_C,MED,Condenser temp elevated; vacuum risk. Review CW pumps/CT fans.,,TAG-U1-CondenserTemp_C
ALM-202405181515-01944,2024-05-18T15:15:00Z,TAG-U1-CondenserTemp_C,MED,Condenser temp elevated; vacuum risk. Review CW pumps/CT fans.,,TAG-U1-CondenserTemp_C
ALM-202405181530-01945,2024-05-18T15:30:00Z,TAG-U1-CondenserTemp_C,MED,Condenser temp elevated; vacuum risk. Review CW pumps/CT fans.,,TAG-U1-CondenserTemp_C
ALM-202405181635-01946,2024-05-18T16:35:00Z,TAG-U1-CondenserTemp_C,MED,Condenser temp elevated; vacuum risk. Review CW pumps/CT fans.,,TAG-U1-CondenserTemp_C
ALM-202405181805-01947,2024-05-18T18:05:00Z,TAG-U1-CondenserTemp_C,MED,Condenser temp elevated; vacuum risk. Review CW pumps/CT fans.,,TAG-U1-CondenserTemp_C
ALM-202405181930-01948,2024-05-18T19:30:00Z,TAG-U1-CondenserTemp_C,MED,Condenser temp elevated; vacuum risk. Review CW pumps/CT fans.,,TAG-U1-CondenserTemp_C
ALM-202405181940-01949,2024-05-18T19:40:00Z,TAG-U1-CondenserTemp_C,MED,Condenser temp elevated; vacuum risk. Review CW pumps/CT fans.,,TAG-U1-CondenserTemp_C
ALM-202405182050-01950,2024-05-18T20:50:00Z,TAG-U1-CondenserTemp_C,MED,Condenser temp elevated; vacuum risk. Review CW pumps/CT fans.,,TAG-U1-CondenserTemp_C
ALM-202405190125-01951,2024-05-19T01:25:00Z,TAG-U1-CondenserTemp_C,MED,Condenser temp elevated; vacuum risk. Review CW pumps/CT fans.,,TAG-U1-CondenserTemp_C
ALM-202405190220-01952,2024-05-19T02:20:00Z,TAG-U1-CondenserTemp_C,MED,Condenser temp elevated; vacuum risk. Review CW pumps/CT fans.,,TAG-U1-CondenserTemp_C
ALM-202405190230-01953,2024-05-19T02:30:00Z,TAG-U1-CondenserTemp_C,MED,Condenser temp elevated; vacuum risk. Review CW pumps/CT fans.,,TAG-U1-CondenserTemp_C
ALM-202405190745-01954,2024-05-19T07:45:00Z,TAG-U1-CondenserTemp_C,MED,Condenser temp elevated; vacuum risk. Review CW pumps/CT fans.,,TAG-U1-CondenserTemp_C
ALM-202405191025-01955,2024-05-19T10:25:00Z,TAG-U1-CondenserTemp_C,MED,Condenser temp elevated; vacuum risk. Review CW pumps/CT fans.,,TAG-U1-CondenserTemp_C
ALM-202405191115-01956,2024-05-19T11:15:00Z,TAG-U1-CondenserTemp_C,MED,Condenser temp elevated; vacuum risk. Review CW pumps/CT fans.,,TAG-U1-CondenserTemp_C
ALM-202405191620-01957,2024-05-19T16:20:00Z,TAG-U1-CondenserTemp_C,MED,Condenser temp elevated; vacuum risk. Review CW pumps/CT fans.,,TAG-U1-CondenserTemp_C
ALM-202405192130-01958,2024-05-19T21:30:00Z,TAG-U1-CondenserTemp_C,MED,Condenser temp elevated; vacuum risk. Review CW pumps/CT fans.,,TAG-U1-CondenserTemp_C
ALM-202405200225-01959,2024-05-20T02:25:00Z,TAG-U1-CondenserTemp_C,MED,Condenser temp elevated; vacuum risk. Review CW pumps/CT fans.,,TAG-U1-CondenserTemp_C
ALM-202405200425-01960,2024-05-20T04:25:00Z,TAG-U1-CondenserTemp_C,MED,Condenser temp elevated; vacuum risk. Review CW pumps/CT fans.,,TAG-U1-CondenserTemp_C
ALM-202405200545-01961,2024-05-20T05:45:00Z,TAG-U1-CondenserTemp_C,MED,Condenser temp elevated; vacuum risk. Review CW pumps/CT fans.,,TAG-U1-CondenserTemp_C
ALM-202405200600-01962,2024-05-20T06:00:00Z,TAG-U1-CondenserTemp_C,MED,Condenser temp elevated; vacuum risk. Review CW pumps/CT fans.,,TAG-U1-CondenserTemp_C
ALM-202405200755-01963,2024-05-20T07:55:00Z,TAG-U1-CondenserTemp_C,MED,Condenser temp elevated; vacuum risk. Review CW pumps/CT fans.,,TAG-U1-CondenserTemp_C
ALM-202405200930-01964,2024-05-20T09:30:00Z,TAG-U1-CondenserTemp_C,MED,Condenser temp elevated; vacuum risk. Review CW pumps/CT fans.,,TAG-U1-CondenserTemp_C
ALM-202405201235-01965,2024-05-20T12:35:00Z,TAG-U1-CondenserTemp_C,MED,Condenser temp elevated; vacuum risk. Review CW pumps/CT fans.,,TAG-U1-CondenserTemp_C
ALM-202405201240-01966,2024-05-20T12:40:00Z,TAG-U1-CondenserTemp_C,MED,Condenser temp elevated; vacuum risk. Review CW pumps/CT fans.,,TAG-U1-CondenserTemp_C
ALM-202405201325-01967,2024-05-20T13:25:00Z,TAG-U1-CondenserTemp_C,MED,Condenser temp elevated; vacuum risk. Review CW pumps/CT fans.,,TAG-U1-CondenserTemp_C
ALM-202405201420-01968,2024-05-20T14:20:00Z,TAG-U1-CondenserTemp_C,MED,Condenser temp elevated; vacuum risk. Review CW pumps/CT fans.,,TAG-U1-CondenserTemp_C
ALM-202405201525-01969,2024-05-20T15:25:00Z,TAG-U1-CondenserTemp_C,MED,Condenser temp elevated; vacuum risk. Review CW pumps/CT fans.,,TAG-U1-CondenserTemp_C
ALM-202405201635-01970,2024-05-20T16:35:00Z,TAG-U1-CondenserTemp_C,MED,Condenser temp elevated; vacuum risk. Review CW pumps/CT fans.,,TAG-U1-CondenserTemp_C
ALM-202405201655-01971,2024-05-20T16:55:00Z,TAG-U1-CondenserTemp_C,MED,Condenser temp elevated; vacuum risk. Review CW pumps/CT fans.,,TAG-U1-CondenserTemp_C
ALM-202405201930-01972,2024-05-20T19:30:00Z,TAG-U1-CondenserTemp_C,MED,Condenser temp elevated; vacuum risk. Review CW pumps/CT fans.,,TAG-U1-CondenserTemp_C
ALM-202405202310-01973,2024-05-20T23:10:00Z,TAG-U1-CondenserTemp_C,MED,Condenser temp elevated; vacuum risk. Review CW pumps/CT fans.,,TAG-U1-CondenserTemp_C
ALM-202405202315-01974,2024-05-20T23:15:00Z,TAG-U1-CondenserTemp_C,MED,Condenser temp elevated; vacuum risk. Review CW pumps/CT fans.,,TAG-U1-CondenserTemp_C
ALM-202405210050-01975,2024-05-21T00:50:00Z,TAG-U1-CondenserTemp_C,MED,Condenser temp elevated; vacuum risk. Review CW pumps/CT fans.,,TAG-U1-CondenserTemp_C
ALM-202405210240-01976,2024-05-21T02:40:00Z,TAG-U1-CondenserTemp_C,MED,Condenser temp elevated; vacuum risk. Review CW pumps/CT fans.,,TAG-U1-CondenserTemp_C
ALM-202405210325-01977,2024-05-21T03:25:00Z,TAG-U1-CondenserTemp_C,MED,Condenser temp elevated; vacuum risk. Review CW pumps/CT fans.,,TAG-U1-CondenserTemp_C
ALM-202405210355-01978,2024-05-21T03:55:00Z,TAG-U1-CondenserTemp_C,MED,Condenser temp elevated; vacuum risk. Review CW pumps/CT fans.,,TAG-U1-CondenserTemp_C
ALM-202405210650-01979,2024-05-21T06:50:00Z,TAG-U1-CondenserTemp_C,MED,Condenser temp elevated; vacuum risk. Review CW pumps/CT fans.,,TAG-U1-CondenserTemp_C
ALM-202405210730-01980,2024-05-21T07:30:00Z,TAG-U1-CondenserTemp_C,MED,Condenser temp elevated; vacuum risk. Review CW pumps/CT fans.,,TAG-U1-CondenserTemp_C
ALM-202405210945-01981,2024-05-21T09:45:00Z,TAG-U1-CondenserTemp_C,MED,Condenser temp elevated; vacuum risk. Review CW pumps/CT fans.,,TAG-U1-CondenserTemp_C
ALM-202405210955-01982,2024-05-21T09:55:00Z,TAG-U1-CondenserTemp_C,MED,Condenser temp elevated; vacuum risk. Review CW pumps/CT fans.,,TAG-U1-CondenserTemp_C
ALM-202405211010-01983,2024-05-21T10:10:00Z,TAG-U1-CondenserTemp_C,MED,Condenser temp elevated; vacuum risk. Review CW pumps/CT fans.,,TAG-U1-CondenserTemp_C
ALM-202405211055-01984,2024-05-21T10:55:00Z,TAG-U1-CondenserTemp_C,MED,Condenser temp elevated; vacuum risk. Review CW pumps/CT fans.,,TAG-U1-CondenserTemp_C
ALM-202405211320-01985,2024-05-21T13:20:00Z,TAG-U1-CondenserTemp_C,MED,Condenser temp elevated; vacuum risk. Review CW pumps/CT fans.,,TAG-U1-CondenserTemp_C
ALM-202405211340-01986,2024-05-21T13:40:00Z,TAG-U1-CondenserTemp_C,MED,Condenser temp elevated; vacuum risk. Review CW pumps/CT fans.,,TAG-U1-CondenserTemp_C
ALM-202405211630-01987,2024-05-21T16:30:00Z,TAG-U1-CondenserTemp_C,MED,Condenser temp elevated; vacuum risk. Review CW pumps/CT fans.,,TAG-U1-CondenserTemp_C
ALM-202405211635-01988,2024-05-21T16:35:00Z,TAG-U1-CondenserTemp_C,MED,Condenser temp elevated; vacuum risk. Review CW pumps/CT fans.,,TAG-U1-CondenserTemp_C
ALM-202405212140-01989,2024-05-21T21:40:00Z,TAG-U1-CondenserTemp_C,MED,Condenser temp elevated; vacuum risk. Review CW pumps/CT fans.,,TAG-U1-CondenserTemp_C
ALM-202405212200-01990,2024-05-21T22:00:00Z,TAG-U1-CondenserTemp_C,MED,Condenser temp elevated; vacuum risk. Review CW pumps/CT fans.,,TAG-U1-CondenserTemp_C
ALM-202405212330-01991,2024-05-21T23:30:00Z,TAG-U1-CondenserTemp_C,MED,Condenser temp elevated; vacuum risk. Review CW pumps/CT fans.,,TAG-U1-CondenserTemp_C
ALM-202405220200-01992,2024-05-22T02:00:00Z,TAG-U1-CondenserTemp_C,MED,Condenser temp elevated; vacuum risk. Review CW pumps/CT fans.,,TAG-U1-CondenserTemp_C
ALM-202405220220-01993,2024-05-22T02:20:00Z,TAG-U1-CondenserTemp_C,MED,Condenser temp elevated; vacuum risk. Review CW pumps/CT fans.,,TAG-U1-CondenserTemp_C
ALM-202405220300-01994,2024-05-22T03:00:00Z,TAG-U1-CondenserTemp_C,MED,Condenser temp elevated; vacuum risk. Review CW pumps/CT fans.,,TAG-U1-CondenserTemp_C
ALM-202405220315-01995,2024-05-22T03:15:00Z,TAG-U1-CondenserTemp_C,MED,Condenser temp elevated; vacuum risk. Review CW pumps/CT fans.,,TAG-U1-CondenserTemp_C
ALM-202405220450-01996,2024-05-22T04:50:00Z,TAG-U1-CondenserTemp_C,MED,Condenser temp elevated; vacuum risk. Review CW pumps/CT fans.,,TAG-U1-CondenserTemp_C
ALM-202405220725-01997,2024-05-22T07:25:00Z,TAG-U1-CondenserTemp_C,MED,Condenser temp elevated; vacuum risk. Review CW pumps/CT fans.,,TAG-U1-CondenserTemp_C
ALM-202405221355-01998,2024-05-22T13:55:00Z,TAG-U1-CondenserTemp_C,MED,Condenser temp elevated; vacuum risk. Review CW pumps/CT fans.,,TAG-U1-CondenserTemp_C
ALM-202405221410-01999,2024-05-22T14:10:00Z,TAG-U1-CondenserTemp_C,MED,Condenser temp elevated; vacuum risk. Review CW pumps/CT fans.,,TAG-U1-CondenserTemp_C
ALM-202405221450-02000,2024-05-22T14:50:00Z,TAG-U1-CondenserTemp_C,MED,Condenser temp elevated; vacuum risk. Review CW pumps/CT fans.,,TAG-U1-CondenserTemp_C
ALM-202405221515-02001,2024-05-22T15:15:00Z,TAG-U1-CondenserTemp_C,MED,Condenser temp elevated; vacuum risk. Review CW pumps/CT fans.,,TAG-U1-CondenserTemp_C
ALM-202405221735-02002,2024-05-22T17:35:00Z,TAG-U1-CondenserTemp_C,MED,Condenser temp elevated; vacuum risk. Review CW pumps/CT fans.,,TAG-U1-CondenserTemp_C
ALM-202405221800-02003,2024-05-22T18:00:00Z,TAG-U1-CondenserTemp_C,MED,Condenser temp elevated; vacuum risk. Review CW pumps/CT fans.,,TAG-U1-CondenserTemp_C
ALM-202405222120-02004,2024-05-22T21:20:00Z,TAG-U1-CondenserTemp_C,MED,Condenser temp elevated; vacuum risk. Review CW pumps/CT fans.,,TAG-U1-CondenserTemp_C
ALM-202405222255-02005,2024-05-22T22:55:00Z,TAG-U1-CondenserTemp_C,MED,Condenser temp elevated; vacuum risk. Review CW pumps/CT fans.,,TAG-U1-CondenserTemp_C
ALM-202405230015-02006,2024-05-23T00:15:00Z,TAG-U1-CondenserTemp_C,MED,Condenser temp elevated; vacuum risk. Review CW pumps/CT fans.,,TAG-U1-CondenserTemp_C
ALM-202405230235-02007,2024-05-23T02:35:00Z,TAG-U1-CondenserTemp_C,MED,Condenser temp elevated; vacuum risk. Review CW pumps/CT fans.,,TAG-U1-CondenserTemp_C
ALM-202405230520-02008,2024-05-23T05:20:00Z,TAG-U1-CondenserTemp_C,MED,Condenser temp elevated; vacuum risk. Review CW pumps/CT fans.,,TAG-U1-CondenserTemp_C
ALM-202405230630-02009,2024-05-23T06:30:00Z,TAG-U1-CondenserTemp_C,MED,Condenser temp elevated; vacuum risk. Review CW pumps/CT fans.,,TAG-U1-CondenserTemp_C
ALM-202405231440-02010,2024-05-23T14:40:00Z,TAG-U1-CondenserTemp_C,MED,Condenser temp elevated; vacuum risk. Review CW pumps/CT fans.,,TAG-U1-CondenserTemp_C
ALM-202405231450-02011,2024-05-23T14:50:00Z,TAG-U1-CondenserTemp_C,MED,Condenser temp elevated; vacuum risk. Review CW pumps/CT fans.,,TAG-U1-CondenserTemp_C
ALM-202405231655-02012,2024-05-23T16:55:00Z,TAG-U1-CondenserTemp_C,MED,Condenser temp elevated; vacuum risk. Review CW pumps/CT fans.,,TAG-U1-CondenserTemp_C
ALM-202405232325-02013,2024-05-23T23:25:00Z,TAG-U1-CondenserTemp_C,MED,Condenser temp elevated; vacuum risk. Review CW pumps/CT fans.,,TAG-U1-CondenserTemp_C
ALM-202405240130-02014,2024-05-24T01:30:00Z,TAG-U1-CondenserTemp_C,MED,Condenser temp elevated; vacuum risk. Review CW pumps/CT fans.,,TAG-U1-CondenserTemp_C
ALM-202405240405-02015,2024-05-24T04:05:00Z,TAG-U1-CondenserTemp_C,MED,Condenser temp elevated; vacuum risk. Review CW pumps/CT fans.,,TAG-U1-CondenserTemp_C
ALM-202405240605-02016,2024-05-24T06:05:00Z,TAG-U1-CondenserTemp_C,MED,Condenser temp elevated; vacuum risk. Review CW pumps/CT fans.,,TAG-U1-CondenserTemp_C
ALM-202405241025-02017,2024-05-24T10:25:00Z,TAG-U1-CondenserTemp_C,MED,Condenser temp elevated; vacuum risk. Review CW pumps/CT fans.,,TAG-U1-CondenserTemp_C
ALM-202405241050-02018,2024-05-24T10:50:00Z,TAG-U1-CondenserTemp_C,MED,Condenser temp elevated; vacuum risk. Review CW pumps/CT fans.,,TAG-U1-CondenserTemp_C
ALM-202405241435-02019,2024-05-24T14:35:00Z,TAG-U1-CondenserTemp_C,MED,Condenser temp elevated; vacuum risk. Review CW pumps/CT fans.,,TAG-U1-CondenserTemp_C
ALM-202405241450-02020,2024-05-24T14:50:00Z,TAG-U1-CondenserTemp_C,MED,Condenser temp elevated; vacuum risk. Review CW pumps/CT fans.,,TAG-U1-CondenserTemp_C
ALM-202405241655-02021,2024-05-24T16:55:00Z,TAG-U1-CondenserTemp_C,MED,Condenser temp elevated; vacuum risk. Review CW pumps/CT fans.,,TAG-U1-CondenserTemp_C
ALM-202405241805-02022,2024-05-24T18:05:00Z,TAG-U1-CondenserTemp_C,MED,Condenser temp elevated; vacuum risk. Review CW pumps/CT fans.,,TAG-U1-CondenserTemp_C
ALM-202405250020-02023,2024-05-25T00:20:00Z,TAG-U1-CondenserTemp_C,MED,Condenser temp elevated; vacuum risk. Review CW pumps/CT fans.,,TAG-U1-CondenserTemp_C
ALM-202405250110-02024,2024-05-25T01:10:00Z,TAG-U1-CondenserTemp_C,MED,Condenser temp elevated; vacuum risk. Review CW pumps/CT fans.,,TAG-U1-CondenserTemp_C
ALM-202405250355-02025,2024-05-25T03:55:00Z,TAG-U1-CondenserTemp_C,MED,Condenser temp elevated; vacuum risk. Review CW pumps/CT fans.,,TAG-U1-CondenserTemp_C
ALM-202405250430-02026,2024-05-25T04:30:00Z,TAG-U1-CondenserTemp_C,MED,Condenser temp elevated; vacuum risk. Review CW pumps/CT fans.,,TAG-U1-CondenserTemp_C
ALM-202405250905-02027,2024-05-25T09:05:00Z,TAG-U1-CondenserTemp_C,MED,Condenser temp elevated; vacuum risk. Review CW pumps/CT fans.,,TAG-U1-CondenserTemp_C
ALM-202405251100-02028,2024-05-25T11:00:00Z,TAG-U1-CondenserTemp_C,MED,Condenser temp elevated; vacuum risk. Review CW pumps/CT fans.,,TAG-U1-CondenserTemp_C
ALM-202405251450-02029,2024-05-25T14:50:00Z,TAG-U1-CondenserTemp_C,MED,Condenser temp elevated; vacuum risk. Review CW pumps/CT fans.,,TAG-U1-CondenserTemp_C
ALM-202405251650-02030,2024-05-25T16:50:00Z,TAG-U1-CondenserTemp_C,MED,Condenser temp elevated; vacuum risk. Review CW pumps/CT fans.,,TAG-U1-CondenserTemp_C
ALM-202405251700-02031,2024-05-25T17:00:00Z,TAG-U1-CondenserTemp_C,MED,Condenser temp elevated; vacuum risk. Review CW pumps/CT fans.,,TAG-U1-CondenserTemp_C
ALM-202405251705-02032,2024-05-25T17:05:00Z,TAG-U1-CondenserTemp_C,MED,Condenser temp elevated; vacuum risk. Review CW pumps/CT fans.,,TAG-U1-CondenserTemp_C
ALM-202405251710-02033,2024-05-25T17:10:00Z,TAG-U1-CondenserTemp_C,MED,Condenser temp elevated; vacuum risk. Review CW pumps/CT fans.,,TAG-U1-CondenserTemp_C
ALM-202405252035-02034,2024-05-25T20:35:00Z,TAG-U1-CondenserTemp_C,MED,Condenser temp elevated; vacuum risk. Review CW pumps/CT fans.,,TAG-U1-CondenserTemp_C
ALM-202405252315-02035,2024-05-25T23:15:00Z,TAG-U1-CondenserTemp_C,MED,Condenser temp elevated; vacuum risk. Review CW pumps/CT fans.,,TAG-U1-CondenserTemp_C
ALM-202405260050-02036,2024-05-26T00:50:00Z,TAG-U1-CondenserTemp_C,MED,Condenser temp elevated; vacuum risk. Review CW pumps/CT fans.,,TAG-U1-CondenserTemp_C
ALM-202405260130-02037,2024-05-26T01:30:00Z,TAG-U1-CondenserTemp_C,MED,Condenser temp elevated; vacuum risk. Review CW pumps/CT fans.,,TAG-U1-CondenserTemp_C
ALM-202405260205-02038,2024-05-26T02:05:00Z,TAG-U1-CondenserTemp_C,MED,Condenser temp elevated; vacuum risk. Review CW pumps/CT fans.,,TAG-U1-CondenserTemp_C
ALM-202405260340-02039,2024-05-26T03:40:00Z,TAG-U1-CondenserTemp_C,MED,Condenser temp elevated; vacuum risk. Review CW pumps/CT fans.,,TAG-U1-CondenserTemp_C
ALM-202405260425-02040,2024-05-26T04:25:00Z,TAG-U1-CondenserTemp_C,MED,Condenser temp elevated; vacuum risk. Review CW pumps/CT fans.,,TAG-U1-CondenserTemp_C
ALM-202405260925-02041,2024-05-26T09:25:00Z,TAG-U1-CondenserTemp_C,MED,Condenser temp elevated; vacuum risk. Review CW pumps/CT fans.,,TAG-U1-CondenserTemp_C
ALM-202405261025-02042,2024-05-26T10:25:00Z,TAG-U1-CondenserTemp_C,MED,Condenser temp elevated; vacuum risk. Review CW pumps/CT fans.,,TAG-U1-CondenserTemp_C
ALM-202405261035-02043,2024-05-26T10:35:00Z,TAG-U1-CondenserTemp_C,MED,Condenser temp elevated; vacuum risk. Review CW pumps/CT fans.,,TAG-U1-CondenserTemp_C
ALM-202405261225-02044,2024-05-26T12:25:00Z,TAG-U1-CondenserTemp_C,MED,Condenser temp elevated; vacuum risk. Review CW pumps/CT fans.,,TAG-U1-CondenserTemp_C
ALM-202405261310-02045,2024-05-26T13:10:00Z,TAG-U1-CondenserTemp_C,MED,Condenser temp elevated; vacuum risk. Review CW pumps/CT fans.,,TAG-U1-CondenserTemp_C
ALM-202405261850-02046,2024-05-26T18:50:00Z,TAG-U1-CondenserTemp_C,MED,Condenser temp elevated; vacuum risk. Review CW pumps/CT fans.,,TAG-U1-CondenserTemp_C
ALM-202405262115-02047,2024-05-26T21:15:00Z,TAG-U1-CondenserTemp_C,MED,Condenser temp elevated; vacuum risk. Review CW pumps/CT fans.,,TAG-U1-CondenserTemp_C
ALM-202405270150-02048,2024-05-27T01:50:00Z,TAG-U1-CondenserTemp_C,MED,Condenser temp elevated; vacuum risk. Review CW pumps/CT fans.,,TAG-U1-CondenserTemp_C
ALM-202405270300-02049,2024-05-27T03:00:00Z,TAG-U1-CondenserTemp_C,MED,Condenser temp elevated; vacuum risk. Review CW pumps/CT fans.,,TAG-U1-CondenserTemp_C
ALM-202405270355-02050,2024-05-27T03:55:00Z,TAG-U1-CondenserTemp_C,MED,Condenser temp elevated; vacuum risk. Review CW pumps/CT fans.,,TAG-U1-CondenserTemp_C
ALM-202405270505-02051,2024-05-27T05:05:00Z,TAG-U1-CondenserTemp_C,MED,Condenser temp elevated; vacuum risk. Review CW pumps/CT fans.,,TAG-U1-CondenserTemp_C
ALM-202405270945-02052,2024-05-27T09:45:00Z,TAG-U1-CondenserTemp_C,MED,Condenser temp elevated; vacuum risk. Review CW pumps/CT fans.,,TAG-U1-CondenserTemp_C
ALM-202405271135-02053,2024-05-27T11:35:00Z,TAG-U1-CondenserTemp_C,MED,Condenser temp elevated; vacuum risk. Review CW pumps/CT fans.,,TAG-U1-CondenserTemp_C
ALM-202405271240-02054,2024-05-27T12:40:00Z,TAG-U1-CondenserTemp_C,MED,Condenser temp elevated; vacuum risk. Review CW pumps/CT fans.,,TAG-U1-CondenserTemp_C
ALM-202405271715-02055,2024-05-27T17:15:00Z,TAG-U1-CondenserTemp_C,MED,Condenser temp elevated; vacuum risk. Review CW pumps/CT fans.,,TAG-U1-CondenserTemp_C
ALM-202405271850-02056,2024-05-27T18:50:00Z,TAG-U1-CondenserTemp_C,MED,Condenser temp elevated; vacuum risk. Review CW pumps/CT fans.,,TAG-U1-CondenserTemp_C
ALM-202405272110-02057,2024-05-27T21:10:00Z,TAG-U1-CondenserTemp_C,MED,Condenser temp elevated; vacuum risk. Review CW pumps/CT fans.,,TAG-U1-CondenserTemp_C
ALM-202405272120-02058,2024-05-27T21:20:00Z,TAG-U1-CondenserTemp_C,MED,Condenser temp elevated; vacuum risk. Review CW pumps/CT fans.,,TAG-U1-CondenserTemp_C
ALM-202405272235-02059,2024-05-27T22:35:00Z,TAG-U1-CondenserTemp_C,MED,Condenser temp elevated; vacuum risk. Review CW pumps/CT fans.,,TAG-U1-CondenserTemp_C
ALM-202405280245-02060,2024-05-28T02:45:00Z,TAG-U1-CondenserTemp_C,MED,Condenser temp elevated; vacuum risk. Review CW pumps/CT fans.,,TAG-U1-CondenserTemp_C
ALM-202405280350-02061,2024-05-28T03:50:00Z,TAG-U1-CondenserTemp_C,MED,Condenser temp elevated; vacuum risk. Review CW pumps/CT fans.,,TAG-U1-CondenserTemp_C
ALM-202405280405-02062,2024-05-28T04:05:00Z,TAG-U1-CondenserTemp_C,MED,Condenser temp elevated; vacuum risk. Review CW pumps/CT fans.,,TAG-U1-CondenserTemp_C
ALM-202405280420-02063,2024-05-28T04:20:00Z,TAG-U1-CondenserTemp_C,MED,Condenser temp elevated; vacuum risk. Review CW pumps/CT fans.,,TAG-U1-CondenserTemp_C
ALM-202405280500-02064,2024-05-28T05:00:00Z,TAG-U1-CondenserTemp_C,MED,Condenser temp elevated; vacuum risk. Review CW pumps/CT fans.,,TAG-U1-CondenserTemp_C
ALM-202405280635-02065,2024-05-28T06:35:00Z,TAG-U1-CondenserTemp_C,MED,Condenser temp elevated; vacuum risk. Review CW pumps/CT fans.,,TAG-U1-CondenserTemp_C
ALM-202405280845-02066,2024-05-28T08:45:00Z,TAG-U1-CondenserTemp_C,MED,Condenser temp elevated; vacuum risk. Review CW pumps/CT fans.,,TAG-U1-CondenserTemp_C
ALM-202405280945-02067,2024-05-28T09:45:00Z,TAG-U1-CondenserTemp_C,MED,Condenser temp elevated; vacuum risk. Review CW pumps/CT fans.,,TAG-U1-CondenserTemp_C
ALM-202405281025-02068,2024-05-28T10:25:00Z,TAG-U1-CondenserTemp_C,MED,Condenser temp elevated; vacuum risk. Review CW pumps/CT fans.,,TAG-U1-CondenserTemp_C
ALM-202405281055-02069,2024-05-28T10:55:00Z,TAG-U1-CondenserTemp_C,MED,Condenser temp elevated; vacuum risk. Review CW pumps/CT fans.,,TAG-U1-CondenserTemp_C
ALM-202405281300-02070,2024-05-28T13:00:00Z,TAG-U1-CondenserTemp_C,MED,Condenser temp elevated; vacuum risk. Review CW pumps/CT fans.,,TAG-U1-CondenserTemp_C
ALM-202405281530-02071,2024-05-28T15:30:00Z,TAG-U1-CondenserTemp_C,MED,Condenser temp elevated; vacuum risk. Review CW pumps/CT fans.,,TAG-U1-CondenserTemp_C
ALM-202405281535-02072,2024-05-28T15:35:00Z,TAG-U1-CondenserTemp_C,MED,Condenser temp elevated; vacuum risk. Review CW pumps/CT fans.,,TAG-U1-CondenserTemp_C
ALM-202405281720-02073,2024-05-28T17:20:00Z,TAG-U1-CondenserTemp_C,MED,Condenser temp elevated; vacuum risk. Review CW pumps/CT fans.,,TAG-U1-CondenserTemp_C
ALM-202405281950-02074,2024-05-28T19:50:00Z,TAG-U1-CondenserTemp_C,MED,Condenser temp elevated; vacuum risk. Review CW pumps/CT fans.,,TAG-U1-CondenserTemp_C
ALM-202405282005-02075,2024-05-28T20:05:00Z,TAG-U1-CondenserTemp_C,MED,Condenser temp elevated; vacuum risk. Review CW pumps/CT fans.,,TAG-U1-CondenserTemp_C
ALM-202405290410-02076,2024-05-29T04:10:00Z,TAG-U1-CondenserTemp_C,MED,Condenser temp elevated; vacuum risk. Review CW pumps/CT fans.,,TAG-U1-CondenserTemp_C
ALM-202405290425-02077,2024-05-29T04:25:00Z,TAG-U1-CondenserTemp_C,MED,Condenser temp elevated; vacuum risk. Review CW pumps/CT fans.,,TAG-U1-CondenserTemp_C
ALM-202405290510-02078,2024-05-29T05:10:00Z,TAG-U1-CondenserTemp_C,MED,Condenser temp elevated; vacuum risk. Review CW pumps/CT fans.,,TAG-U1-CondenserTemp_C
ALM-202405290540-02079,2024-05-29T05:40:00Z,TAG-U1-CondenserTemp_C,MED,Condenser temp elevated; vacuum risk. Review CW pumps/CT fans.,,TAG-U1-CondenserTemp_C
ALM-202405290600-02080,2024-05-29T06:00:00Z,TAG-U1-CondenserTemp_C,MED,Condenser temp elevated; vacuum risk. Review CW pumps/CT fans.,,TAG-U1-CondenserTemp_C
ALM-202405290710-02081,2024-05-29T07:10:00Z,TAG-U1-CondenserTemp_C,MED,Condenser temp elevated; vacuum risk. Review CW pumps/CT fans.,,TAG-U1-CondenserTemp_C
ALM-202405291155-02082,2024-05-29T11:55:00Z,TAG-U1-CondenserTemp_C,MED,Condenser temp elevated; vacuum risk. Review CW pumps/CT fans.,,TAG-U1-CondenserTemp_C
ALM-202405291615-02083,2024-05-29T16:15:00Z,TAG-U1-CondenserTemp_C,MED,Condenser temp elevated; vacuum risk. Review CW pumps/CT fans.,,TAG-U1-CondenserTemp_C
ALM-202405292210-02084,2024-05-29T22:10:00Z,TAG-U1-CondenserTemp_C,MED,Condenser temp elevated; vacuum risk. Review CW pumps/CT fans.,,TAG-U1-CondenserTemp_C
ALM-202405292250-02085,2024-05-29T22:50:00Z,TAG-U1-CondenserTemp_C,MED,Condenser temp elevated; vacuum risk. Review CW pumps/CT fans.,,TAG-U1-CondenserTemp_C
ALM-202405292305-02086,2024-05-29T23:05:00Z,TAG-U1-CondenserTemp_C,MED,Condenser temp elevated; vacuum risk. Review CW pumps/CT fans.,,TAG-U1-CondenserTemp_C
ALM-202405292325-02087,2024-05-29T23:25:00Z,TAG-U1-CondenserTemp_C,MED,Condenser temp elevated; vacuum risk. Review CW pumps/CT fans.,,TAG-U1-CondenserTemp_C
ALM-202405292335-02088,2024-05-29T23:35:00Z,TAG-U1-CondenserTemp_C,MED,Condenser temp elevated; vacuum risk. Review CW pumps/CT fans.,,TAG-U1-CondenserTemp_C
ALM-202405300715-02089,2024-05-30T07:15:00Z,TAG-U1-CondenserTemp_C,MED,Condenser temp elevated; vacuum risk. Review CW pumps/CT fans.,,TAG-U1-CondenserTemp_C
ALM-202405300750-02090,2024-05-30T07:50:00Z,TAG-U1-CondenserTemp_C,MED,Condenser temp elevated; vacuum risk. Review CW pumps/CT fans.,,TAG-U1-CondenserTemp_C
ALM-202405300835-02091,2024-05-30T08:35:00Z,TAG-U1-CondenserTemp_C,MED,Condenser temp elevated; vacuum risk. Review CW pumps/CT fans.,,TAG-U1-CondenserTemp_C
ALM-202405300900-02092,2024-05-30T09:00:00Z,TAG-U1-CondenserTemp_C,MED,Condenser temp elevated; vacuum risk. Review CW pumps/CT fans.,,TAG-U1-CondenserTemp_C
ALM-202405300905-02093,2024-05-30T09:05:00Z,TAG-U1-CondenserTemp_C,MED,Condenser temp elevated; vacuum risk. Review CW pumps/CT fans.,,TAG-U1-CondenserTemp_C
ALM-202405301255-02094,2024-05-30T12:55:00Z,TAG-U1-CondenserTemp_C,MED,Condenser temp elevated; vacuum risk. Review CW pumps/CT fans.,,TAG-U1-CondenserTemp_C
ALM-202405301550-02095,2024-05-30T15:50:00Z,TAG-U1-CondenserTemp_C,MED,Condenser temp elevated; vacuum risk. Review CW pumps/CT fans.,,TAG-U1-CondenserTemp_C
ALM-202405301705-02096,2024-05-30T17:05:00Z,TAG-U1-CondenserTemp_C,MED,Condenser temp elevated; vacuum risk. Review CW pumps/CT fans.,,TAG-U1-CondenserTemp_C
ALM-202405301755-02097,2024-05-30T17:55:00Z,TAG-U1-CondenserTemp_C,MED,Condenser temp elevated; vacuum risk. Review CW pumps/CT fans.,,TAG-U1-CondenserTemp_C
ALM-202405301900-02098,2024-05-30T19:00:00Z,TAG-U1-CondenserTemp_C,MED,Condenser temp elevated; vacuum risk. Review CW pumps/CT fans.,,TAG-U1-CondenserTemp_C
ALM-202405302010-02099,2024-05-30T20:10:00Z,TAG-U1-CondenserTemp_C,MED,Condenser temp elevated; vacuum risk. Review CW pumps/CT fans.,,TAG-U1-CondenserTemp_C
ALM-202405302030-02100,2024-05-30T20:30:00Z,TAG-U1-CondenserTemp_C,MED,Condenser temp elevated; vacuum risk. Review CW pumps/CT fans.,,TAG-U1-CondenserTemp_C
ALM-202405302140-02101,2024-05-30T21:40:00Z,TAG-U1-CondenserTemp_C,MED,Condenser temp elevated; vacuum risk. Review CW pumps/CT fans.,,TAG-U1-CondenserTemp_C
ALM-202405302145-02102,2024-05-30T21:45:00Z,TAG-U1-CondenserTemp_C,MED,Condenser temp elevated; vacuum risk. Review CW pumps/CT fans.,,TAG-U1-CondenserTemp_C
ALM-202405310125-02103,2024-05-31T01:25:00Z,TAG-U1-CondenserTemp_C,MED,Condenser temp elevated; vacuum risk. Review CW pumps/CT fans.,,TAG-U1-CondenserTemp_C
ALM-202405310300-02104,2024-05-31T03:00:00Z,TAG-U1-CondenserTemp_C,MED,Condenser temp elevated; vacuum risk. Review CW pumps/CT fans.,,TAG-U1-CondenserTemp_C
ALM-202405310605-02105,2024-05-31T06:05:00Z,TAG-U1-CondenserTemp_C,MED,Condenser temp elevated; vacuum risk. Review CW pumps/CT fans.,EVT-DRAFT-20240531-17,TAG-U1-CondenserTemp_C
ALM-202405310615-02106,2024-05-31T06:15:00Z,TAG-U1-CondenserTemp_C,MED,Condenser temp elevated; vacuum risk. Review CW pumps/CT fans.,EVT-DRAFT-20240531-17,TAG-U1-CondenserTemp_C
ALM-202405310720-02107,2024-05-31T07:20:00Z,TAG-U1-CondenserTemp_C,MED,Condenser temp elevated; vacuum risk. Review CW pumps/CT fans.,EVT-DRAFT-20240531-17,TAG-U1-CondenserTemp_C
ALM-202405310740-02108,2024-05-31T07:40:00Z,TAG-U1-CondenserTemp_C,MED,Condenser temp elevated; vacuum risk. Review CW pumps/CT fans.,EVT-DRAFT-20240531-17,TAG-U1-CondenserTemp_C
ALM-202405310810-02109,2024-05-31T08:10:00Z,TAG-U1-CondenserTemp_C,MED,Condenser temp elevated; vacuum risk. Review CW pumps/CT fans.,EVT-DRAFT-20240531-17,TAG-U1-CondenserTemp_C
ALM-202405310955-02110,2024-05-31T09:55:00Z,TAG-U1-CondenserTemp_C,MED,Condenser temp elevated; vacuum risk. Review CW pumps/CT fans.,,TAG-U1-CondenserTemp_C
ALM-202405311010-02111,2024-05-31T10:10:00Z,TAG-U1-CondenserTemp_C,MED,Condenser temp elevated; vacuum risk. Review CW pumps/CT fans.,,TAG-U1-CondenserTemp_C
ALM-202405311110-02112,2024-05-31T11:10:00Z,TAG-U1-CondenserTemp_C,MED,Condenser temp elevated; vacuum risk. Review CW pumps/CT fans.,,TAG-U1-CondenserTemp_C
ALM-202405311415-02113,2024-05-31T14:15:00Z,TAG-U1-CondenserTemp_C,MED,Condenser temp elevated; vacuum risk. Review CW pumps/CT fans.,,TAG-U1-CondenserTemp_C
ALM-202405311505-02114,2024-05-31T15:05:00Z,TAG-U1-CondenserTemp_C,MED,Condenser temp elevated; vacuum risk. Review CW pumps/CT fans.,,TAG-U1-CondenserTemp_C
ALM-202405311840-02115,2024-05-31T18:40:00Z,TAG-U1-CondenserTemp_C,MED,Condenser temp elevated; vacuum risk. Review CW pumps/CT fans.,,TAG-U1-CondenserTemp_C
ALM-202405311845-02116,2024-05-31T18:45:00Z,TAG-U1-CondenserTemp_C,MED,Condenser temp elevated; vacuum risk. Review CW pumps/CT fans.,,TAG-U1-CondenserTemp_C
ALM-202405311915-02117,2024-05-31T19:15:00Z,TAG-U1-CondenserTemp_C,MED,Condenser temp elevated; vacuum risk. Review CW pumps/CT fans.,,TAG-U1-CondenserTemp_C
ALM-202405312220-02118,2024-05-31T22:20:00Z,TAG-U1-CondenserTemp_C,MED,Condenser temp elevated; vacuum risk. Review CW pumps/CT fans.,,TAG-U1-CondenserTemp_C
ALM-202405312255-02119,2024-05-31T22:55:00Z,TAG-U1-CondenserTemp_C,MED,Condenser temp elevated; vacuum risk. Review CW pumps/CT fans.,,TAG-U1-CondenserTemp_C
ALM-202406010410-02120,2024-06-01T04:10:00Z,TAG-U1-CondenserTemp_C,MED,Condenser temp elevated; vacuum risk. Review CW pumps/CT fans.,EVT-2024-06-AUXDRIFT,TAG-U1-CondenserTemp_C
ALM-202406010415-02121,2024-06-01T04:15:00Z,TAG-U1-CondenserTemp_C,MED,Condenser temp elevated; vacuum risk. Review CW pumps/CT fans.,EVT-2024-06-AUXDRIFT,TAG-U1-CondenserTemp_C
ALM-202406010555-02122,2024-06-01T05:55:00Z,TAG-U1-CondenserTemp_C,MED,Condenser temp elevated; vacuum risk. Review CW pumps/CT fans.,EVT-2024-06-AUXDRIFT,TAG-U1-CondenserTemp_C
ALM-202406010830-02123,2024-06-01T08:30:00Z,TAG-U1-CondenserTemp_C,MED,Condenser temp elevated; vacuum risk. Review CW pumps/CT fans.,EVT-2024-06-AUXDRIFT,TAG-U1-CondenserTemp_C
ALM-202406010950-02124,2024-06-01T09:50:00Z,TAG-U1-CondenserTemp_C,MED,Condenser temp elevated; vacuum risk. Review CW pumps/CT fans.,EVT-2024-06-AUXDRIFT,TAG-U1-CondenserTemp_C
ALM-202406011400-02125,2024-06-01T14:00:00Z,TAG-U1-CondenserTemp_C,MED,Condenser temp elevated; vacuum risk. Review CW pumps/CT fans.,EVT-2024-06-AUXDRIFT,TAG-U1-CondenserTemp_C
ALM-202406011515-02126,2024-06-01T15:15:00Z,TAG-U1-CondenserTemp_C,MED,Condenser temp elevated; vacuum risk. Review CW pumps/CT fans.,EVT-2024-06-AUXDRIFT,TAG-U1-CondenserTemp_C
ALM-202406011805-02127,2024-06-01T18:05:00Z,TAG-U1-CondenserTemp_C,MED,Condenser temp elevated; vacuum risk. Review CW pumps/CT fans.,EVT-2024-06-AUXDRIFT,TAG-U1-CondenserTemp_C
ALM-202406011840-02128,2024-06-01T18:40:00Z,TAG-U1-CondenserTemp_C,MED,Condenser temp elevated; vacuum risk. Review CW pumps/CT fans.,EVT-2024-06-AUXDRIFT,TAG-U1-CondenserTemp_C
ALM-202406012105-02129,2024-06-01T21:05:00Z,TAG-U1-CondenserTemp_C,MED,Condenser temp elevated; vacuum risk. Review CW pumps/CT fans.,EVT-2024-06-AUXDRIFT,TAG-U1-CondenserTemp_C
ALM-202406020000-02130,2024-06-02T00:00:00Z,TAG-U1-CondenserTemp_C,MED,Condenser temp elevated; vacuum risk. Review CW pumps/CT fans.,EVT-2024-06-AUXDRIFT,TAG-U1-CondenserTemp_C
ALM-202406020040-02131,2024-06-02T00:40:00Z,TAG-U1-CondenserTemp_C,MED,Condenser temp elevated; vacuum risk. Review CW pumps/CT fans.,EVT-2024-06-AUXDRIFT,TAG-U1-CondenserTemp_C
ALM-202406020150-02132,2024-06-02T01:50:00Z,TAG-U1-CondenserTemp_C,MED,Condenser temp elevated; vacuum risk. Review CW pumps/CT fans.,EVT-2024-06-AUXDRIFT,TAG-U1-CondenserTemp_C
ALM-202406020320-02133,2024-06-02T03:20:00Z,TAG-U1-CondenserTemp_C,MED,Condenser temp elevated; vacuum risk. Review CW pumps/CT fans.,EVT-2024-06-AUXDRIFT,TAG-U1-CondenserTemp_C
ALM-202406020615-02134,2024-06-02T06:15:00Z,TAG-U1-CondenserTemp_C,MED,Condenser temp elevated; vacuum risk. Review CW pumps/CT fans.,EVT-2024-06-AUXDRIFT,TAG-U1-CondenserTemp_C
ALM-202406020645-02135,2024-06-02T06:45:00Z,TAG-U1-CondenserTemp_C,MED,Condenser temp elevated; vacuum risk. Review CW pumps/CT fans.,EVT-2024-06-AUXDRIFT,TAG-U1-CondenserTemp_C
ALM-202406020735-02136,2024-06-02T07:35:00Z,TAG-U1-CondenserTemp_C,MED,Condenser temp elevated; vacuum risk. Review CW pumps/CT fans.,EVT-2024-06-AUXDRIFT,TAG-U1-CondenserTemp_C
ALM-202406020755-02137,2024-06-02T07:55:00Z,TAG-U1-CondenserTemp_C,MED,Condenser temp elevated; vacuum risk. Review CW pumps/CT fans.,EVT-2024-06-AUXDRIFT,TAG-U1-CondenserTemp_C
ALM-202406020930-02138,2024-06-02T09:30:00Z,TAG-U1-CondenserTemp_C,MED,Condenser temp elevated; vacuum risk. Review CW pumps/CT fans.,EVT-2024-06-AUXDRIFT,TAG-U1-CondenserTemp_C
ALM-202406021020-02139,2024-06-02T10:20:00Z,TAG-U1-CondenserTemp_C,MED,Condenser temp elevated; vacuum risk. Review CW pumps/CT fans.,EVT-2024-06-AUXDRIFT,TAG-U1-CondenserTemp_C
ALM-202406021130-02140,2024-06-02T11:30:00Z,TAG-U1-CondenserTemp_C,MED,Condenser temp elevated; vacuum risk. Review CW pumps/CT fans.,EVT-2024-06-AUXDRIFT,TAG-U1-CondenserTemp_C
ALM-202406021140-02141,2024-06-02T11:40:00Z,TAG-U1-CondenserTemp_C,MED,Condenser temp elevated; vacuum risk. Review CW pumps/CT fans.,EVT-2024-06-AUXDRIFT,TAG-U1-CondenserTemp_C
ALM-202406021450-02142,2024-06-02T14:50:00Z,TAG-U1-CondenserTemp_C,MED,Condenser temp elevated; vacuum risk. Review CW pumps/CT fans.,EVT-2024-06-AUXDRIFT,TAG-U1-CondenserTemp_C
ALM-202406021600-02143,2024-06-02T16:00:00Z,TAG-U1-CondenserTemp_C,MED,Condenser temp elevated; vacuum risk. Review CW pumps/CT fans.,EVT-2024-06-AUXDRIFT,TAG-U1-CondenserTemp_C
ALM-202406021840-02144,2024-06-02T18:40:00Z,TAG-U1-CondenserTemp_C,MED,Condenser temp elevated; vacuum risk. Review CW pumps/CT fans.,EVT-2024-06-AUXDRIFT,TAG-U1-CondenserTemp_C
ALM-202406022050-02145,2024-06-02T20:50:00Z,TAG-U1-CondenserTemp_C,MED,Condenser temp elevated; vacuum risk. Review CW pumps/CT fans.,EVT-2024-06-AUXDRIFT,TAG-U1-CondenserTemp_C
ALM-202406022200-02146,2024-06-02T22:00:00Z,TAG-U1-CondenserTemp_C,MED,Condenser temp elevated; vacuum risk. Review CW pumps/CT fans.,EVT-2024-06-AUXDRIFT,TAG-U1-CondenserTemp_C
ALM-202406022325-02147,2024-06-02T23:25:00Z,TAG-U1-CondenserTemp_C,MED,Condenser temp elevated; vacuum risk. Review CW pumps/CT fans.,EVT-2024-06-AUXDRIFT,TAG-U1-CondenserTemp_C
ALM-202406030235-02148,2024-06-03T02:35:00Z,TAG-U1-CondenserTemp_C,MED,Condenser temp elevated; vacuum risk. Review CW pumps/CT fans.,EVT-2024-06-AUXDRIFT,TAG-U1-CondenserTemp_C
ALM-202406030325-02149,2024-06-03T03:25:00Z,TAG-U1-CondenserTemp_C,MED,Condenser temp elevated; vacuum risk. Review CW pumps/CT fans.,EVT-2024-06-AUXDRIFT,TAG-U1-CondenserTemp_C
ALM-202406030515-02150,2024-06-03T05:15:00Z,TAG-U1-CondenserTemp_C,MED,Condenser temp elevated; vacuum risk. Review CW pumps/CT fans.,EVT-2024-06-AUXDRIFT,TAG-U1-CondenserTemp_C
ALM-202406030745-02151,2024-06-03T07:45:00Z,TAG-U1-CondenserTemp_C,MED,Condenser temp elevated; vacuum risk. Review CW pumps/CT fans.,EVT-2024-06-AUXDRIFT,TAG-U1-CondenserTemp_C
ALM-202406030940-02152,2024-06-03T09:40:00Z,TAG-U1-CondenserTemp_C,MED,Condenser temp elevated; vacuum risk. Review CW pumps/CT fans.,EVT-2024-06-AUXDRIFT,TAG-U1-CondenserTemp_C
ALM-202406031035-02153,2024-06-03T10:35:00Z,TAG-U1-CondenserTemp_C,MED,Condenser temp elevated; vacuum risk. Review CW pumps/CT fans.,EVT-2024-06-AUXDRIFT,TAG-U1-CondenserTemp_C
ALM-202406031120-02154,2024-06-03T11:20:00Z,TAG-U1-CondenserTemp_C,MED,Condenser temp elevated; vacuum risk. Review CW pumps/CT fans.,EVT-2024-06-AUXDRIFT,TAG-U1-CondenserTemp_C
ALM-202406031235-02155,2024-06-03T12:35:00Z,TAG-U1-CondenserTemp_C,MED,Condenser temp elevated; vacuum risk. Review CW pumps/CT fans.,EVT-2024-06-AUXDRIFT,TAG-U1-CondenserTemp_C
ALM-202406031355-02156,2024-06-03T13:55:00Z,TAG-U1-CondenserTemp_C,MED,Condenser temp elevated; vacuum risk. Review CW pumps/CT fans.,EVT-2024-06-AUXDRIFT,TAG-U1-CondenserTemp_C
ALM-202406031445-02157,2024-06-03T14:45:00Z,TAG-U1-CondenserTemp_C,MED,Condenser temp elevated; vacuum risk. Review CW pumps/CT fans.,EVT-2024-06-AUXDRIFT,TAG-U1-CondenserTemp_C
ALM-202406031500-02158,2024-06-03T15:00:00Z,TAG-U1-CondenserTemp_C,MED,Condenser temp elevated; vacuum risk. Review CW pumps/CT fans.,EVT-2024-06-AUXDRIFT,TAG-U1-CondenserTemp_C
ALM-202406031545-02159,2024-06-03T15:45:00Z,TAG-U1-CondenserTemp_C,MED,Condenser temp elevated; vacuum risk. Review CW pumps/CT fans.,EVT-2024-06-AUXDRIFT,TAG-U1-CondenserTemp_C
ALM-202406032200-02160,2024-06-03T22:00:00Z,TAG-U1-CondenserTemp_C,MED,Condenser temp elevated; vacuum risk. Review CW pumps/CT fans.,EVT-2024-06-AUXDRIFT,TAG-U1-CondenserTemp_C
ALM-202406032315-02161,2024-06-03T23:15:00Z,TAG-U1-CondenserTemp_C,MED,Condenser temp elevated; vacuum risk. Review CW pumps/CT fans.,EVT-2024-06-AUXDRIFT,TAG-U1-CondenserTemp_C
ALM-202406032320-02162,2024-06-03T23:20:00Z,TAG-U1-CondenserTemp_C,MED,Condenser temp elevated; vacuum risk. Review CW pumps/CT fans.,EVT-2024-06-AUXDRIFT,TAG-U1-CondenserTemp_C
ALM-202406040200-02163,2024-06-04T02:00:00Z,TAG-U1-CondenserTemp_C,MED,Condenser temp elevated; vacuum risk. Review CW pumps/CT fans.,EVT-2024-06-AUXDRIFT,TAG-U1-CondenserTemp_C
ALM-202406040330-02164,2024-06-04T03:30:00Z,TAG-U1-CondenserTemp_C,MED,Condenser temp elevated; vacuum risk. Review CW pumps/CT fans.,EVT-2024-06-AUXDRIFT,TAG-U1-CondenserTemp_C
ALM-202406040340-02165,2024-06-04T03:40:00Z,TAG-U1-CondenserTemp_C,MED,Condenser temp elevated; vacuum risk. Review CW pumps/CT fans.,EVT-2024-06-AUXDRIFT,TAG-U1-CondenserTemp_C
ALM-202406040345-02166,2024-06-04T03:45:00Z,TAG-U1-CondenserTemp_C,MED,Condenser temp elevated; vacuum risk. Review CW pumps/CT fans.,EVT-2024-06-AUXDRIFT,TAG-U1-CondenserTemp_C
ALM-202406040740-02167,2024-06-04T07:40:00Z,TAG-U1-CondenserTemp_C,MED,Condenser temp elevated; vacuum risk. Review CW pumps/CT fans.,EVT-2024-06-AUXDRIFT,TAG-U1-CondenserTemp_C
ALM-202406040745-02168,2024-06-04T07:45:00Z,TAG-U1-CondenserTemp_C,MED,Condenser temp elevated; vacuum risk. Review CW pumps/CT fans.,EVT-2024-06-AUXDRIFT,TAG-U1-CondenserTemp_C
ALM-202406041040-02169,2024-06-04T10:40:00Z,TAG-U1-CondenserTemp_C,MED,Condenser temp elevated; vacuum risk. Review CW pumps/CT fans.,EVT-2024-06-AUXDRIFT,TAG-U1-CondenserTemp_C
ALM-202406041250-02170,2024-06-04T12:50:00Z,TAG-U1-CondenserTemp_C,MED,Condenser temp elevated; vacuum risk. Review CW pumps/CT fans.,EVT-2024-06-AUXDRIFT,TAG-U1-CondenserTemp_C
ALM-202406041320-02171,2024-06-04T13:20:00Z,TAG-U1-CondenserTemp_C,MED,Condenser temp elevated; vacuum risk. Review CW pumps/CT fans.,EVT-2024-06-AUXDRIFT,TAG-U1-CondenserTemp_C
ALM-202406041425-02172,2024-06-04T14:25:00Z,TAG-U1-CondenserTemp_C,MED,Condenser temp elevated; vacuum risk. Review CW pumps/CT fans.,EVT-2024-06-AUXDRIFT,TAG-U1-CondenserTemp_C
ALM-202406041625-02173,2024-06-04T16:25:00Z,TAG-U1-CondenserTemp_C,MED,Condenser temp elevated; vacuum risk. Review CW pumps/CT fans.,EVT-2024-06-AUXDRIFT,TAG-U1-CondenserTemp_C
ALM-202406042115-02174,2024-06-04T21:15:00Z,TAG-U1-CondenserTemp_C,MED,Condenser temp elevated; vacuum risk. Review CW pumps/CT fans.,EVT-2024-06-AUXDRIFT,TAG-U1-CondenserTemp_C
ALM-202406042205-02175,2024-06-04T22:05:00Z,TAG-U1-CondenserTemp_C,MED,Condenser temp elevated; vacuum risk. Review CW pumps/CT fans.,EVT-2024-06-AUXDRIFT,TAG-U1-CondenserTemp_C
ALM-202406050005-02176,2024-06-05T00:05:00Z,TAG-U1-CondenserTemp_C,MED,Condenser temp elevated; vacuum risk. Review CW pumps/CT fans.,EVT-2024-06-AUXDRIFT,TAG-U1-CondenserTemp_C
ALM-202406050155-02177,2024-06-05T01:55:00Z,TAG-U1-CondenserTemp_C,MED,Condenser temp elevated; vacuum risk. Review CW pumps/CT fans.,EVT-2024-06-AUXDRIFT,TAG-U1-CondenserTemp_C
ALM-202406050310-02178,2024-06-05T03:10:00Z,TAG-U1-CondenserTemp_C,MED,Condenser temp elevated; vacuum risk. Review CW pumps/CT fans.,EVT-2024-06-AUXDRIFT,TAG-U1-CondenserTemp_C
ALM-202406050330-02179,2024-06-05T03:30:00Z,TAG-U1-CondenserTemp_C,MED,Condenser temp elevated; vacuum risk. Review CW pumps/CT fans.,EVT-2024-06-AUXDRIFT,TAG-U1-CondenserTemp_C
ALM-202406050500-02180,2024-06-05T05:00:00Z,TAG-U1-CondenserTemp_C,MED,Condenser temp elevated; vacuum risk. Review CW pumps/CT fans.,EVT-2024-06-AUXDRIFT,TAG-U1-CondenserTemp_C
ALM-202406051035-02181,2024-06-05T10:35:00Z,TAG-U1-CondenserTemp_C,MED,Condenser temp elevated; vacuum risk. Review CW pumps/CT fans.,EVT-2024-06-AUXDRIFT,TAG-U1-CondenserTemp_C
ALM-202406051345-02182,2024-06-05T13:45:00Z,TAG-U1-CondenserTemp_C,MED,Condenser temp elevated; vacuum risk. Review CW pumps/CT fans.,EVT-2024-06-AUXDRIFT,TAG-U1-CondenserTemp_C
ALM-202406051435-02183,2024-06-05T14:35:00Z,TAG-U1-CondenserTemp_C,MED,Condenser temp elevated; vacuum risk. Review CW pumps/CT fans.,EVT-2024-06-AUXDRIFT,TAG-U1-CondenserTemp_C
ALM-202406051545-02184,2024-06-05T15:45:00Z,TAG-U1-CondenserTemp_C,MED,Condenser temp elevated; vacuum risk. Review CW pumps/CT fans.,EVT-2024-06-AUXDRIFT,TAG-U1-CondenserTemp_C
ALM-202406051625-02185,2024-06-05T16:25:00Z,TAG-U1-CondenserTemp_C,MED,Condenser temp elevated; vacuum risk. Review CW pumps/CT fans.,EVT-2024-06-AUXDRIFT,TAG-U1-CondenserTemp_C
ALM-202406051635-02186,2024-06-05T16:35:00Z,TAG-U1-CondenserTemp_C,MED,Condenser temp elevated; vacuum risk. Review CW pumps/CT fans.,EVT-2024-06-AUXDRIFT,TAG-U1-CondenserTemp_C
ALM-202406051640-02187,2024-06-05T16:40:00Z,TAG-U1-CondenserTemp_C,MED,Condenser temp elevated; vacuum risk. Review CW pumps/CT fans.,EVT-2024-06-AUXDRIFT,TAG-U1-CondenserTemp_C
ALM-202406052120-02188,2024-06-05T21:20:00Z,TAG-U1-CondenserTemp_C,MED,Condenser temp elevated; vacuum risk. Review CW pumps/CT fans.,EVT-2024-06-AUXDRIFT,TAG-U1-CondenserTemp_C
ALM-202406052315-02189,2024-06-05T23:15:00Z,TAG-U1-CondenserTemp_C,MED,Condenser temp elevated; vacuum risk. Review CW pumps/CT fans.,EVT-2024-06-AUXDRIFT,TAG-U1-CondenserTemp_C
ALM-202406060055-02190,2024-06-06T00:55:00Z,TAG-U1-CondenserTemp_C,MED,Condenser temp elevated; vacuum risk. Review CW pumps/CT fans.,EVT-2024-06-AUXDRIFT,TAG-U1-CondenserTemp_C
ALM-202406060500-02191,2024-06-06T05:00:00Z,TAG-U1-CondenserTemp_C,MED,Condenser temp elevated; vacuum risk. Review CW pumps/CT fans.,EVT-2024-06-AUXDRIFT,TAG-U1-CondenserTemp_C
ALM-202406060710-02192,2024-06-06T07:10:00Z,TAG-U1-CondenserTemp_C,MED,Condenser temp elevated; vacuum risk. Review CW pumps/CT fans.,EVT-2024-06-AUXDRIFT,TAG-U1-CondenserTemp_C
ALM-202406060715-02193,2024-06-06T07:15:00Z,TAG-U1-CondenserTemp_C,MED,Condenser temp elevated; vacuum risk. Review CW pumps/CT fans.,EVT-2024-06-AUXDRIFT,TAG-U1-CondenserTemp_C
ALM-202406060800-02194,2024-06-06T08:00:00Z,TAG-U1-CondenserTemp_C,MED,Condenser temp elevated; vacuum risk. Review CW pumps/CT fans.,EVT-2024-06-AUXDRIFT,TAG-U1-CondenserTemp_C
ALM-202406061225-02195,2024-06-06T12:25:00Z,TAG-U1-CondenserTemp_C,MED,Condenser temp elevated; vacuum risk. Review CW pumps/CT fans.,EVT-2024-06-AUXDRIFT,TAG-U1-CondenserTemp_C
ALM-202406061500-02196,2024-06-06T15:00:00Z,TAG-U1-CondenserTemp_C,MED,Condenser temp elevated; vacuum risk. Review CW pumps/CT fans.,EVT-2024-06-AUXDRIFT,TAG-U1-CondenserTemp_C
ALM-202406061530-02197,2024-06-06T15:30:00Z,TAG-U1-CondenserTemp_C,MED,Condenser temp elevated; vacuum risk. Review CW pumps/CT fans.,EVT-2024-06-AUXDRIFT,TAG-U1-CondenserTemp_C
ALM-202406061635-02198,2024-06-06T16:35:00Z,TAG-U1-CondenserTemp_C,MED,Condenser temp elevated; vacuum risk. Review CW pumps/CT fans.,EVT-2024-06-AUXDRIFT,TAG-U1-CondenserTemp_C
ALM-202406062105-02199,2024-06-06T21:05:00Z,TAG-U1-CondenserTemp_C,MED,Condenser temp elevated; vacuum risk. Review CW pumps/CT fans.,EVT-2024-06-AUXDRIFT,TAG-U1-CondenserTemp_C
ALM-202406070105-02200,2024-06-07T01:05:00Z,TAG-U1-CondenserTemp_C,MED,Condenser temp elevated; vacuum risk. Review CW pumps/CT fans.,EVT-2024-06-AUXDRIFT,TAG-U1-CondenserTemp_C
ALM-202406070305-02201,2024-06-07T03:05:00Z,TAG-U1-CondenserTemp_C,MED,Condenser temp elevated; vacuum risk. Review CW pumps/CT fans.,EVT-2024-06-AUXDRIFT,TAG-U1-CondenserTemp_C
ALM-202406070400-02202,2024-06-07T04:00:00Z,TAG-U1-CondenserTemp_C,MED,Condenser temp elevated; vacuum risk. Review CW pumps/CT fans.,EVT-2024-06-AUXDRIFT,TAG-U1-CondenserTemp_C
ALM-202406070535-02203,2024-06-07T05:35:00Z,TAG-U1-CondenserTemp_C,MED,Condenser temp elevated; vacuum risk. Review CW pumps/CT fans.,EVT-2024-06-AUXDRIFT,TAG-U1-CondenserTemp_C
ALM-202406070555-02204,2024-06-07T05:55:00Z,TAG-U1-CondenserTemp_C,MED,Condenser temp elevated; vacuum risk. Review CW pumps/CT fans.,EVT-2024-06-AUXDRIFT,TAG-U1-CondenserTemp_C
ALM-202406070935-02205,2024-06-07T09:35:00Z,TAG-U1-CondenserTemp_C,MED,Condenser temp elevated; vacuum risk. Review CW pumps/CT fans.,EVT-2024-06-AUXDRIFT,TAG-U1-CondenserTemp_C
ALM-202406070945-02206,2024-06-07T09:45:00Z,TAG-U1-CondenserTemp_C,MED,Condenser temp elevated; vacuum risk. Review CW pumps/CT fans.,EVT-2024-06-AUXDRIFT,TAG-U1-CondenserTemp_C
ALM-202406071140-02207,2024-06-07T11:40:00Z,TAG-U1-CondenserTemp_C,MED,Condenser temp elevated; vacuum risk. Review CW pumps/CT fans.,EVT-2024-06-AUXDRIFT,TAG-U1-CondenserTemp_C
ALM-202406071150-02208,2024-06-07T11:50:00Z,TAG-U1-CondenserTemp_C,MED,Condenser temp elevated; vacuum risk. Review CW pumps/CT fans.,EVT-2024-06-AUXDRIFT,TAG-U1-CondenserTemp_C
ALM-202406071315-02209,2024-06-07T13:15:00Z,TAG-U1-CondenserTemp_C,MED,Condenser temp elevated; vacuum risk. Review CW pumps/CT fans.,EVT-2024-06-AUXDRIFT,TAG-U1-CondenserTemp_C
ALM-202406071410-02210,2024-06-07T14:10:00Z,TAG-U1-CondenserTemp_C,MED,Condenser temp elevated; vacuum risk. Review CW pumps/CT fans.,EVT-2024-06-AUXDRIFT,TAG-U1-CondenserTemp_C
ALM-202406071510-02211,2024-06-07T15:10:00Z,TAG-U1-CondenserTemp_C,MED,Condenser temp elevated; vacuum risk. Review CW pumps/CT fans.,EVT-2024-06-AUXDRIFT,TAG-U1-CondenserTemp_C
ALM-202406071610-02212,2024-06-07T16:10:00Z,TAG-U1-CondenserTemp_C,MED,Condenser temp elevated; vacuum risk. Review CW pumps/CT fans.,EVT-2024-06-AUXDRIFT,TAG-U1-CondenserTemp_C
ALM-202406071630-02213,2024-06-07T16:30:00Z,TAG-U1-CondenserTemp_C,MED,Condenser temp elevated; vacuum risk. Review CW pumps/CT fans.,EVT-2024-06-AUXDRIFT,TAG-U1-CondenserTemp_C
ALM-202406071635-02214,2024-06-07T16:35:00Z,TAG-U1-CondenserTemp_C,MED,Condenser temp elevated; vacuum risk. Review CW pumps/CT fans.,EVT-2024-06-AUXDRIFT,TAG-U1-CondenserTemp_C
ALM-202406071755-02215,2024-06-07T17:55:00Z,TAG-U1-CondenserTemp_C,MED,Condenser temp elevated; vacuum risk. Review CW pumps/CT fans.,EVT-2024-06-AUXDRIFT,TAG-U1-CondenserTemp_C
ALM-202406071835-02216,2024-06-07T18:35:00Z,TAG-U1-CondenserTemp_C,MED,Condenser temp elevated; vacuum risk. Review CW pumps/CT fans.,EVT-2024-06-AUXDRIFT,TAG-U1-CondenserTemp_C
ALM-202406072235-02217,2024-06-07T22:35:00Z,TAG-U1-CondenserTemp_C,MED,Condenser temp elevated; vacuum risk. Review CW pumps/CT fans.,EVT-2024-06-AUXDRIFT,TAG-U1-CondenserTemp_C
ALM-202406072330-02218,2024-06-07T23:30:00Z,TAG-U1-CondenserTemp_C,MED,Condenser temp elevated; vacuum risk. Review CW pumps/CT fans.,EVT-2024-06-AUXDRIFT,TAG-U1-CondenserTemp_C
ALM-202406080045-02219,2024-06-08T00:45:00Z,TAG-U1-CondenserTemp_C,MED,Condenser temp elevated; vacuum risk. Review CW pumps/CT fans.,EVT-2024-06-AUXDRIFT,TAG-U1-CondenserTemp_C
ALM-202406080405-02220,2024-06-08T04:05:00Z,TAG-U1-CondenserTemp_C,MED,Condenser temp elevated; vacuum risk. Review CW pumps/CT fans.,EVT-2024-06-AUXDRIFT,TAG-U1-CondenserTemp_C
ALM-202406080545-02221,2024-06-08T05:45:00Z,TAG-U1-CondenserTemp_C,MED,Condenser temp elevated; vacuum risk. Review CW pumps/CT fans.,EVT-2024-06-AUXDRIFT,TAG-U1-CondenserTemp_C
ALM-202406080720-02222,2024-06-08T07:20:00Z,TAG-U1-CondenserTemp_C,MED,Condenser temp elevated; vacuum risk. Review CW pumps/CT fans.,EVT-2024-06-AUXDRIFT,TAG-U1-CondenserTemp_C
ALM-202406080740-02223,2024-06-08T07:40:00Z,TAG-U1-CondenserTemp_C,MED,Condenser temp elevated; vacuum risk. Review CW pumps/CT fans.,EVT-2024-06-AUXDRIFT,TAG-U1-CondenserTemp_C
ALM-202406081320-02224,2024-06-08T13:20:00Z,TAG-U1-CondenserTemp_C,MED,Condenser temp elevated; vacuum risk. Review CW pumps/CT fans.,EVT-2024-06-AUXDRIFT,TAG-U1-CondenserTemp_C
ALM-202406081355-02225,2024-06-08T13:55:00Z,TAG-U1-CondenserTemp_C,MED,Condenser temp elevated; vacuum risk. Review CW pumps/CT fans.,EVT-2024-06-AUXDRIFT,TAG-U1-CondenserTemp_C
ALM-202406081955-02226,2024-06-08T19:55:00Z,TAG-U1-CondenserTemp_C,MED,Condenser temp elevated; vacuum risk. Review CW pumps/CT fans.,EVT-2024-06-AUXDRIFT,TAG-U1-CondenserTemp_C
ALM-202406082010-02227,2024-06-08T20:10:00Z,TAG-U1-CondenserTemp_C,MED,Condenser temp elevated; vacuum risk. Review CW pumps/CT fans.,EVT-2024-06-AUXDRIFT,TAG-U1-CondenserTemp_C
ALM-202406090000-02228,2024-06-09T00:00:00Z,TAG-U1-CondenserTemp_C,MED,Condenser temp elevated; vacuum risk. Review CW pumps/CT fans.,EVT-2024-06-AUXDRIFT,TAG-U1-CondenserTemp_C
ALM-202406090150-02229,2024-06-09T01:50:00Z,TAG-U1-CondenserTemp_C,MED,Condenser temp elevated; vacuum risk. Review CW pumps/CT fans.,EVT-2024-06-AUXDRIFT,TAG-U1-CondenserTemp_C
ALM-202406090200-02230,2024-06-09T02:00:00Z,TAG-U1-CondenserTemp_C,MED,Condenser temp elevated; vacuum risk. Review CW pumps/CT fans.,EVT-2024-06-AUXDRIFT,TAG-U1-CondenserTemp_C
ALM-202406090305-02231,2024-06-09T03:05:00Z,TAG-U1-CondenserTemp_C,MED,Condenser temp elevated; vacuum risk. Review CW pumps/CT fans.,EVT-2024-06-AUXDRIFT,TAG-U1-CondenserTemp_C
ALM-202406090310-02232,2024-06-09T03:10:00Z,TAG-U1-CondenserTemp_C,MED,Condenser temp elevated; vacuum risk. Review CW pumps/CT fans.,EVT-2024-06-AUXDRIFT,TAG-U1-CondenserTemp_C
ALM-202406090440-02233,2024-06-09T04:40:00Z,TAG-U1-CondenserTemp_C,MED,Condenser temp elevated; vacuum risk. Review CW pumps/CT fans.,EVT-2024-06-AUXDRIFT,TAG-U1-CondenserTemp_C
ALM-202406090635-02234,2024-06-09T06:35:00Z,TAG-U1-CondenserTemp_C,MED,Condenser temp elevated; vacuum risk. Review CW pumps/CT fans.,EVT-2024-06-AUXDRIFT,TAG-U1-CondenserTemp_C
ALM-202406090655-02235,2024-06-09T06:55:00Z,TAG-U1-CondenserTemp_C,MED,Condenser temp elevated; vacuum risk. Review CW pumps/CT fans.,EVT-2024-06-AUXDRIFT,TAG-U1-CondenserTemp_C
ALM-202406090930-02236,2024-06-09T09:30:00Z,TAG-U1-CondenserTemp_C,MED,Condenser temp elevated; vacuum risk. Review CW pumps/CT fans.,EVT-2024-06-AUXDRIFT,TAG-U1-CondenserTemp_C
ALM-202406091045-02237,2024-06-09T10:45:00Z,TAG-U1-CondenserTemp_C,MED,Condenser temp elevated; vacuum risk. Review CW pumps/CT fans.,EVT-2024-06-AUXDRIFT,TAG-U1-CondenserTemp_C
ALM-202406091110-02238,2024-06-09T11:10:00Z,TAG-U1-CondenserTemp_C,MED,Condenser temp elevated; vacuum risk. Review CW pumps/CT fans.,EVT-2024-06-AUXDRIFT,TAG-U1-CondenserTemp_C
ALM-202406091120-02239,2024-06-09T11:20:00Z,TAG-U1-CondenserTemp_C,MED,Condenser temp elevated; vacuum risk. Review CW pumps/CT fans.,EVT-2024-06-AUXDRIFT,TAG-U1-CondenserTemp_C
ALM-202406091200-02240,2024-06-09T12:00:00Z,TAG-U1-CondenserTemp_C,MED,Condenser temp elevated; vacuum risk. Review CW pumps/CT fans.,EVT-2024-06-AUXDRIFT,TAG-U1-CondenserTemp_C
ALM-202406091210-02241,2024-06-09T12:10:00Z,TAG-U1-CondenserTemp_C,MED,Condenser temp elevated; vacuum risk. Review CW pumps/CT fans.,EVT-2024-06-AUXDRIFT,TAG-U1-CondenserTemp_C
ALM-202406091615-02242,2024-06-09T16:15:00Z,TAG-U1-CondenserTemp_C,MED,Condenser temp elevated; vacuum risk. Review CW pumps/CT fans.,EVT-2024-06-AUXDRIFT,TAG-U1-CondenserTemp_C
ALM-202406091625-02243,2024-06-09T16:25:00Z,TAG-U1-CondenserTemp_C,MED,Condenser temp elevated; vacuum risk. Review CW pumps/CT fans.,EVT-2024-06-AUXDRIFT,TAG-U1-CondenserTemp_C
ALM-202406091710-02244,2024-06-09T17:10:00Z,TAG-U1-CondenserTemp_C,MED,Condenser temp elevated; vacuum risk. Review CW pumps/CT fans.,EVT-2024-06-AUXDRIFT,TAG-U1-CondenserTemp_C
ALM-202406091730-02245,2024-06-09T17:30:00Z,TAG-U1-CondenserTemp_C,MED,Condenser temp elevated; vacuum risk. Review CW pumps/CT fans.,EVT-2024-06-AUXDRIFT,TAG-U1-CondenserTemp_C
ALM-202406091740-02246,2024-06-09T17:40:00Z,TAG-U1-CondenserTemp_C,MED,Condenser temp elevated; vacuum risk. Review CW pumps/CT fans.,EVT-2024-06-AUXDRIFT,TAG-U1-CondenserTemp_C
ALM-202406091815-02247,2024-06-09T18:15:00Z,TAG-U1-CondenserTemp_C,MED,Condenser temp elevated; vacuum risk. Review CW pumps/CT fans.,EVT-2024-06-AUXDRIFT,TAG-U1-CondenserTemp_C
ALM-202406092025-02248,2024-06-09T20:25:00Z,TAG-U1-CondenserTemp_C,MED,Condenser temp elevated; vacuum risk. Review CW pumps/CT fans.,EVT-2024-06-AUXDRIFT,TAG-U1-CondenserTemp_C
ALM-202406092135-02249,2024-06-09T21:35:00Z,TAG-U1-CondenserTemp_C,MED,Condenser temp elevated; vacuum risk. Review CW pumps/CT fans.,EVT-2024-06-AUXDRIFT,TAG-U1-CondenserTemp_C
ALM-202406092145-02250,2024-06-09T21:45:00Z,TAG-U1-CondenserTemp_C,MED,Condenser temp elevated; vacuum risk. Review CW pumps/CT fans.,EVT-2024-06-AUXDRIFT,TAG-U1-CondenserTemp_C
ALM-202406092330-02251,2024-06-09T23:30:00Z,TAG-U1-CondenserTemp_C,MED,Condenser temp elevated; vacuum risk. Review CW pumps/CT fans.,EVT-2024-06-AUXDRIFT,TAG-U1-CondenserTemp_C
ALM-202406100105-02252,2024-06-10T01:05:00Z,TAG-U1-CondenserTemp_C,MED,Condenser temp elevated; vacuum risk. Review CW pumps/CT fans.,EVT-2024-06-AUXDRIFT,TAG-U1-CondenserTemp_C
ALM-202406100335-02253,2024-06-10T03:35:00Z,TAG-U1-CondenserTemp_C,MED,Condenser temp elevated; vacuum risk. Review CW pumps/CT fans.,EVT-2024-06-AUXDRIFT,TAG-U1-CondenserTemp_C
ALM-202406100355-02254,2024-06-10T03:55:00Z,TAG-U1-CondenserTemp_C,MED,Condenser temp elevated; vacuum risk. Review CW pumps/CT fans.,EVT-2024-06-AUXDRIFT,TAG-U1-CondenserTemp_C
ALM-202406100945-02255,2024-06-10T09:45:00Z,TAG-U1-CondenserTemp_C,MED,Condenser temp elevated; vacuum risk. Review CW pumps/CT fans.,EVT-2024-06-AUXDRIFT,TAG-U1-CondenserTemp_C
ALM-202406101040-02256,2024-06-10T10:40:00Z,TAG-U1-CondenserTemp_C,MED,Condenser temp elevated; vacuum risk. Review CW pumps/CT fans.,EVT-2024-06-AUXDRIFT,TAG-U1-CondenserTemp_C
ALM-202406101230-02257,2024-06-10T12:30:00Z,TAG-U1-CondenserTemp_C,MED,Condenser temp elevated; vacuum risk. Review CW pumps/CT fans.,EVT-2024-06-AUXDRIFT,TAG-U1-CondenserTemp_C
ALM-202406101405-02258,2024-06-10T14:05:00Z,TAG-U1-CondenserTemp_C,MED,Condenser temp elevated; vacuum risk. Review CW pumps/CT fans.,EVT-2024-06-AUXDRIFT,TAG-U1-CondenserTemp_C
ALM-202406101710-02259,2024-06-10T17:10:00Z,TAG-U1-CondenserTemp_C,MED,Condenser temp elevated; vacuum risk. Review CW pumps/CT fans.,EVT-2024-06-AUXDRIFT,TAG-U1-CondenserTemp_C
ALM-202406101720-02260,2024-06-10T17:20:00Z,TAG-U1-CondenserTemp_C,MED,Condenser temp elevated; vacuum risk. Review CW pumps/CT fans.,EVT-2024-06-AUXDRIFT,TAG-U1-CondenserTemp_C
ALM-202406101725-02261,2024-06-10T17:25:00Z,TAG-U1-CondenserTemp_C,MED,Condenser temp elevated; vacuum risk. Review CW pumps/CT fans.,EVT-2024-06-AUXDRIFT,TAG-U1-CondenserTemp_C
ALM-202406101755-02262,2024-06-10T17:55:00Z,TAG-U1-CondenserTemp_C,MED,Condenser temp elevated; vacuum risk. Review CW pumps/CT fans.,EVT-2024-06-AUXDRIFT,TAG-U1-CondenserTemp_C
ALM-202406101920-02263,2024-06-10T19:20:00Z,TAG-U1-CondenserTemp_C,MED,Condenser temp elevated; vacuum risk. Review CW pumps/CT fans.,EVT-2024-06-AUXDRIFT,TAG-U1-CondenserTemp_C
ALM-202406102030-02264,2024-06-10T20:30:00Z,TAG-U1-CondenserTemp_C,MED,Condenser temp elevated; vacuum risk. Review CW pumps/CT fans.,EVT-2024-06-AUXDRIFT,TAG-U1-CondenserTemp_C
ALM-202406102105-02265,2024-06-10T21:05:00Z,TAG-U1-CondenserTemp_C,MED,Condenser temp elevated; vacuum risk. Review CW pumps/CT fans.,EVT-2024-06-AUXDRIFT,TAG-U1-CondenserTemp_C
ALM-202406102115-02266,2024-06-10T21:15:00Z,TAG-U1-CondenserTemp_C,MED,Condenser temp elevated; vacuum risk. Review CW pumps/CT fans.,EVT-2024-06-AUXDRIFT,TAG-U1-CondenserTemp_C
ALM-202406110140-02267,2024-06-11T01:40:00Z,TAG-U1-CondenserTemp_C,MED,Condenser temp elevated; vacuum risk. Review CW pumps/CT fans.,EVT-2024-06-AUXDRIFT,TAG-U1-CondenserTemp_C
ALM-202406110310-02268,2024-06-11T03:10:00Z,TAG-U1-CondenserTemp_C,MED,Condenser temp elevated; vacuum risk. Review CW pumps/CT fans.,EVT-2024-06-AUXDRIFT,TAG-U1-CondenserTemp_C
ALM-202406110435-02269,2024-06-11T04:35:00Z,TAG-U1-CondenserTemp_C,MED,Condenser temp elevated; vacuum risk. Review CW pumps/CT fans.,EVT-2024-06-AUXDRIFT,TAG-U1-CondenserTemp_C
ALM-202406110820-02270,2024-06-11T08:20:00Z,TAG-U1-CondenserTemp_C,MED,Condenser temp elevated; vacuum risk. Review CW pumps/CT fans.,EVT-2024-06-AUXDRIFT,TAG-U1-CondenserTemp_C
ALM-202406111105-02271,2024-06-11T11:05:00Z,TAG-U1-CondenserTemp_C,MED,Condenser temp elevated; vacuum risk. Review CW pumps/CT fans.,EVT-2024-06-AUXDRIFT,TAG-U1-CondenserTemp_C
ALM-202406111210-02272,2024-06-11T12:10:00Z,TAG-U1-CondenserTemp_C,MED,Condenser temp elevated; vacuum risk. Review CW pumps/CT fans.,EVT-2024-06-AUXDRIFT,TAG-U1-CondenserTemp_C
ALM-202406111540-02273,2024-06-11T15:40:00Z,TAG-U1-CondenserTemp_C,MED,Condenser temp elevated; vacuum risk. Review CW pumps/CT fans.,EVT-2024-06-AUXDRIFT,TAG-U1-CondenserTemp_C
ALM-202406111615-02274,2024-06-11T16:15:00Z,TAG-U1-CondenserTemp_C,MED,Condenser temp elevated; vacuum risk. Review CW pumps/CT fans.,EVT-2024-06-AUXDRIFT,TAG-U1-CondenserTemp_C
ALM-202406111655-02275,2024-06-11T16:55:00Z,TAG-U1-CondenserTemp_C,MED,Condenser temp elevated; vacuum risk. Review CW pumps/CT fans.,EVT-2024-06-AUXDRIFT,TAG-U1-CondenserTemp_C
ALM-202406111745-02276,2024-06-11T17:45:00Z,TAG-U1-CondenserTemp_C,MED,Condenser temp elevated; vacuum risk. Review CW pumps/CT fans.,EVT-2024-06-AUXDRIFT,TAG-U1-CondenserTemp_C
ALM-202406111935-02277,2024-06-11T19:35:00Z,TAG-U1-CondenserTemp_C,MED,Condenser temp elevated; vacuum risk. Review CW pumps/CT fans.,EVT-2024-06-AUXDRIFT,TAG-U1-CondenserTemp_C
ALM-202406112045-02278,2024-06-11T20:45:00Z,TAG-U1-CondenserTemp_C,MED,Condenser temp elevated; vacuum risk. Review CW pumps/CT fans.,EVT-2024-06-AUXDRIFT,TAG-U1-CondenserTemp_C
ALM-202406120000-02279,2024-06-12T00:00:00Z,TAG-U1-CondenserTemp_C,MED,Condenser temp elevated; vacuum risk. Review CW pumps/CT fans.,EVT-2024-06-AUXDRIFT,TAG-U1-CondenserTemp_C
ALM-202406120010-02280,2024-06-12T00:10:00Z,TAG-U1-CondenserTemp_C,MED,Condenser temp elevated; vacuum risk. Review CW pumps/CT fans.,EVT-2024-06-AUXDRIFT,TAG-U1-CondenserTemp_C
ALM-202406120125-02281,2024-06-12T01:25:00Z,TAG-U1-CondenserTemp_C,MED,Condenser temp elevated; vacuum risk. Review CW pumps/CT fans.,EVT-2024-06-AUXDRIFT,TAG-U1-CondenserTemp_C
ALM-202406120200-02282,2024-06-12T02:00:00Z,TAG-U1-CondenserTemp_C,MED,Condenser temp elevated; vacuum risk. Review CW pumps/CT fans.,EVT-2024-06-AUXDRIFT,TAG-U1-CondenserTemp_C
ALM-202406120315-02283,2024-06-12T03:15:00Z,TAG-U1-CondenserTemp_C,MED,Condenser temp elevated; vacuum risk. Review CW pumps/CT fans.,EVT-2024-06-AUXDRIFT,TAG-U1-CondenserTemp_C
ALM-202406120325-02284,2024-06-12T03:25:00Z,TAG-U1-CondenserTemp_C,MED,Condenser temp elevated; vacuum risk. Review CW pumps/CT fans.,EVT-2024-06-AUXDRIFT,TAG-U1-CondenserTemp_C
ALM-202406120725-02285,2024-06-12T07:25:00Z,TAG-U1-CondenserTemp_C,MED,Condenser temp elevated; vacuum risk. Review CW pumps/CT fans.,EVT-2024-06-AUXDRIFT,TAG-U1-CondenserTemp_C
ALM-202406120855-02286,2024-06-12T08:55:00Z,TAG-U1-CondenserTemp_C,MED,Condenser temp elevated; vacuum risk. Review CW pumps/CT fans.,EVT-2024-06-AUXDRIFT,TAG-U1-CondenserTemp_C
ALM-202406120930-02287,2024-06-12T09:30:00Z,TAG-U1-CondenserTemp_C,MED,Condenser temp elevated; vacuum risk. Review CW pumps/CT fans.,EVT-2024-06-AUXDRIFT,TAG-U1-CondenserTemp_C
ALM-202406121100-02288,2024-06-12T11:00:00Z,TAG-U1-CondenserTemp_C,MED,Condenser temp elevated; vacuum risk. Review CW pumps/CT fans.,EVT-2024-06-AUXDRIFT,TAG-U1-CondenserTemp_C
ALM-202406121110-02289,2024-06-12T11:10:00Z,TAG-U1-CondenserTemp_C,MED,Condenser temp elevated; vacuum risk. Review CW pumps/CT fans.,EVT-2024-06-AUXDRIFT,TAG-U1-CondenserTemp_C
ALM-202406121610-02290,2024-06-12T16:10:00Z,TAG-U1-CondenserTemp_C,MED,Condenser temp elevated; vacuum risk. Review CW pumps/CT fans.,EVT-DRAFT-20240612-18,TAG-U1-CondenserTemp_C
ALM-202406121615-02291,2024-06-12T16:15:00Z,TAG-U1-CondenserTemp_C,MED,Condenser temp elevated; vacuum risk. Review CW pumps/CT fans.,EVT-DRAFT-20240612-18,TAG-U1-CondenserTemp_C
ALM-202406121820-02292,2024-06-12T18:20:00Z,TAG-U1-CondenserTemp_C,MED,Condenser temp elevated; vacuum risk. Review CW pumps/CT fans.,EVT-2024-06-AUXDRIFT,TAG-U1-CondenserTemp_C
ALM-202406122000-02293,2024-06-12T20:00:00Z,TAG-U1-CondenserTemp_C,MED,Condenser temp elevated; vacuum risk. Review CW pumps/CT fans.,EVT-2024-06-AUXDRIFT,TAG-U1-CondenserTemp_C
ALM-202406122115-02294,2024-06-12T21:15:00Z,TAG-U1-CondenserTemp_C,MED,Condenser temp elevated; vacuum risk. Review CW pumps/CT fans.,EVT-2024-06-AUXDRIFT,TAG-U1-CondenserTemp_C
ALM-202406122335-02295,2024-06-12T23:35:00Z,TAG-U1-CondenserTemp_C,MED,Condenser temp elevated; vacuum risk. Review CW pumps/CT fans.,EVT-2024-06-AUXDRIFT,TAG-U1-CondenserTemp_C
ALM-202406130000-02296,2024-06-13T00:00:00Z,TAG-U1-CondenserTemp_C,MED,Condenser temp elevated; vacuum risk. Review CW pumps/CT fans.,EVT-2024-06-AUXDRIFT,TAG-U1-CondenserTemp_C
ALM-202406130200-02297,2024-06-13T02:00:00Z,TAG-U1-CondenserTemp_C,MED,Condenser temp elevated; vacuum risk. Review CW pumps/CT fans.,EVT-2024-06-AUXDRIFT,TAG-U1-CondenserTemp_C
ALM-202406130240-02298,2024-06-13T02:40:00Z,TAG-U1-CondenserTemp_C,MED,Condenser temp elevated; vacuum risk. Review CW pumps/CT fans.,EVT-2024-06-AUXDRIFT,TAG-U1-CondenserTemp_C
ALM-202406130315-02299,2024-06-13T03:15:00Z,TAG-U1-CondenserTemp_C,MED,Condenser temp elevated; vacuum risk. Review CW pumps/CT fans.,EVT-2024-06-AUXDRIFT,TAG-U1-CondenserTemp_C
ALM-202406130520-02300,2024-06-13T05:20:00Z,TAG-U1-CondenserTemp_C,MED,Condenser temp elevated; vacuum risk. Review CW pumps/CT fans.,EVT-2024-06-AUXDRIFT,TAG-U1-CondenserTemp_C
ALM-202406130610-02301,2024-06-13T06:10:00Z,TAG-U1-CondenserTemp_C,MED,Condenser temp elevated; vacuum risk. Review CW pumps/CT fans.,EVT-2024-06-AUXDRIFT,TAG-U1-CondenserTemp_C
ALM-202406130715-02302,2024-06-13T07:15:00Z,TAG-U1-CondenserTemp_C,MED,Condenser temp elevated; vacuum risk. Review CW pumps/CT fans.,EVT-2024-06-AUXDRIFT,TAG-U1-CondenserTemp_C
ALM-202406130730-02303,2024-06-13T07:30:00Z,TAG-U1-CondenserTemp_C,MED,Condenser temp elevated; vacuum risk. Review CW pumps/CT fans.,EVT-2024-06-AUXDRIFT,TAG-U1-CondenserTemp_C
ALM-202406130935-02304,2024-06-13T09:35:00Z,TAG-U1-CondenserTemp_C,MED,Condenser temp elevated; vacuum risk. Review CW pumps/CT fans.,EVT-2024-06-AUXDRIFT,TAG-U1-CondenserTemp_C
ALM-202406131015-02305,2024-06-13T10:15:00Z,TAG-U1-CondenserTemp_C,MED,Condenser temp elevated; vacuum risk. Review CW pumps/CT fans.,EVT-2024-06-AUXDRIFT,TAG-U1-CondenserTemp_C
ALM-202406131425-02306,2024-06-13T14:25:00Z,TAG-U1-CondenserTemp_C,MED,Condenser temp elevated; vacuum risk. Review CW pumps/CT fans.,EVT-2024-06-AUXDRIFT,TAG-U1-CondenserTemp_C
ALM-202406131625-02307,2024-06-13T16:25:00Z,TAG-U1-CondenserTemp_C,MED,Condenser temp elevated; vacuum risk. Review CW pumps/CT fans.,EVT-2024-06-AUXDRIFT,TAG-U1-CondenserTemp_C
ALM-202406131705-02308,2024-06-13T17:05:00Z,TAG-U1-CondenserTemp_C,MED,Condenser temp elevated; vacuum risk. Review CW pumps/CT fans.,EVT-2024-06-AUXDRIFT,TAG-U1-CondenserTemp_C
ALM-202406131730-02309,2024-06-13T17:30:00Z,TAG-U1-CondenserTemp_C,MED,Condenser temp elevated; vacuum risk. Review CW pumps/CT fans.,EVT-2024-06-AUXDRIFT,TAG-U1-CondenserTemp_C
ALM-202406131940-02310,2024-06-13T19:40:00Z,TAG-U1-CondenserTemp_C,MED,Condenser temp elevated; vacuum risk. Review CW pumps/CT fans.,EVT-2024-06-AUXDRIFT,TAG-U1-CondenserTemp_C
ALM-202406132210-02311,2024-06-13T22:10:00Z,TAG-U1-CondenserTemp_C,MED,Condenser temp elevated; vacuum risk. Review CW pumps/CT fans.,EVT-2024-06-AUXDRIFT,TAG-U1-CondenserTemp_C
ALM-202406132300-02312,2024-06-13T23:00:00Z,TAG-U1-CondenserTemp_C,MED,Condenser temp elevated; vacuum risk. Review CW pumps/CT fans.,EVT-2024-06-AUXDRIFT,TAG-U1-CondenserTemp_C
ALM-202406132335-02313,2024-06-13T23:35:00Z,TAG-U1-CondenserTemp_C,MED,Condenser temp elevated; vacuum risk. Review CW pumps/CT fans.,EVT-2024-06-AUXDRIFT,TAG-U1-CondenserTemp_C
ALM-202406140140-02314,2024-06-14T01:40:00Z,TAG-U1-CondenserTemp_C,MED,Condenser temp elevated; vacuum risk. Review CW pumps/CT fans.,EVT-2024-06-AUXDRIFT,TAG-U1-CondenserTemp_C
ALM-202406140610-02315,2024-06-14T06:10:00Z,TAG-U1-CondenserTemp_C,MED,Condenser temp elevated; vacuum risk. Review CW pumps/CT fans.,EVT-2024-06-AUXDRIFT,TAG-U1-CondenserTemp_C
ALM-202406140830-02316,2024-06-14T08:30:00Z,TAG-U1-CondenserTemp_C,MED,Condenser temp elevated; vacuum risk. Review CW pumps/CT fans.,EVT-2024-06-AUXDRIFT,TAG-U1-CondenserTemp_C
ALM-202406141350-02317,2024-06-14T13:50:00Z,TAG-U1-CondenserTemp_C,MED,Condenser temp elevated; vacuum risk. Review CW pumps/CT fans.,EVT-2024-06-AUXDRIFT,TAG-U1-CondenserTemp_C
ALM-202406141610-02318,2024-06-14T16:10:00Z,TAG-U1-CondenserTemp_C,MED,Condenser temp elevated; vacuum risk. Review CW pumps/CT fans.,EVT-2024-06-AUXDRIFT,TAG-U1-CondenserTemp_C
ALM-202406141835-02319,2024-06-14T18:35:00Z,TAG-U1-CondenserTemp_C,MED,Condenser temp elevated; vacuum risk. Review CW pumps/CT fans.,EVT-2024-06-AUXDRIFT,TAG-U1-CondenserTemp_C
ALM-202406141910-02320,2024-06-14T19:10:00Z,TAG-U1-CondenserTemp_C,MED,Condenser temp elevated; vacuum risk. Review CW pumps/CT fans.,EVT-2024-06-AUXDRIFT,TAG-U1-CondenserTemp_C
ALM-202406141920-02321,2024-06-14T19:20:00Z,TAG-U1-CondenserTemp_C,MED,Condenser temp elevated; vacuum risk. Review CW pumps/CT fans.,EVT-2024-06-AUXDRIFT,TAG-U1-CondenserTemp_C
ALM-202406142115-02322,2024-06-14T21:15:00Z,TAG-U1-CondenserTemp_C,MED,Condenser temp elevated; vacuum risk. Review CW pumps/CT fans.,EVT-2024-06-AUXDRIFT,TAG-U1-CondenserTemp_C
ALM-202406142305-02323,2024-06-14T23:05:00Z,TAG-U1-CondenserTemp_C,MED,Condenser temp elevated; vacuum risk. Review CW pumps/CT fans.,EVT-2024-06-AUXDRIFT,TAG-U1-CondenserTemp_C
ALM-202406150715-02324,2024-06-15T07:15:00Z,TAG-U1-CondenserTemp_C,MED,Condenser temp elevated; vacuum risk. Review CW pumps/CT fans.,EVT-2024-06-AUXDRIFT,TAG-U1-CondenserTemp_C
ALM-202406151355-02325,2024-06-15T13:55:00Z,TAG-U1-CondenserTemp_C,MED,Condenser temp elevated; vacuum risk. Review CW pumps/CT fans.,EVT-2024-06-AUXDRIFT,TAG-U1-CondenserTemp_C
ALM-202406151410-02326,2024-06-15T14:10:00Z,TAG-U1-CondenserTemp_C,MED,Condenser temp elevated; vacuum risk. Review CW pumps/CT fans.,EVT-2024-06-AUXDRIFT,TAG-U1-CondenserTemp_C
ALM-202406151515-02327,2024-06-15T15:15:00Z,TAG-U1-CondenserTemp_C,MED,Condenser temp elevated; vacuum risk. Review CW pumps/CT fans.,EVT-2024-06-AUXDRIFT,TAG-U1-CondenserTemp_C
ALM-202406151650-02328,2024-06-15T16:50:00Z,TAG-U1-CondenserTemp_C,MED,Condenser temp elevated; vacuum risk. Review CW pumps/CT fans.,EVT-2024-06-AUXDRIFT,TAG-U1-CondenserTemp_C
ALM-202406151710-02329,2024-06-15T17:10:00Z,TAG-U1-CondenserTemp_C,MED,Condenser temp elevated; vacuum risk. Review CW pumps/CT fans.,EVT-2024-06-AUXDRIFT,TAG-U1-CondenserTemp_C
ALM-202406151735-02330,2024-06-15T17:35:00Z,TAG-U1-CondenserTemp_C,MED,Condenser temp elevated; vacuum risk. Review CW pumps/CT fans.,EVT-2024-06-AUXDRIFT,TAG-U1-CondenserTemp_C
ALM-202406151855-02331,2024-06-15T18:55:00Z,TAG-U1-CondenserTemp_C,MED,Condenser temp elevated; vacuum risk. Review CW pumps/CT fans.,EVT-2024-06-AUXDRIFT,TAG-U1-CondenserTemp_C
ALM-202406152005-02332,2024-06-15T20:05:00Z,TAG-U1-CondenserTemp_C,MED,Condenser temp elevated; vacuum risk. Review CW pumps/CT fans.,EVT-2024-06-AUXDRIFT,TAG-U1-CondenserTemp_C
ALM-202406152035-02333,2024-06-15T20:35:00Z,TAG-U1-CondenserTemp_C,MED,Condenser temp elevated; vacuum risk. Review CW pumps/CT fans.,EVT-2024-06-AUXDRIFT,TAG-U1-CondenserTemp_C
ALM-202406160355-02334,2024-06-16T03:55:00Z,TAG-U1-CondenserTemp_C,MED,Condenser temp elevated; vacuum risk. Review CW pumps/CT fans.,EVT-2024-06-AUXDRIFT,TAG-U1-CondenserTemp_C
ALM-202406160635-02335,2024-06-16T06:35:00Z,TAG-U1-CondenserTemp_C,MED,Condenser temp elevated; vacuum risk. Review CW pumps/CT fans.,EVT-2024-06-AUXDRIFT,TAG-U1-CondenserTemp_C
ALM-202406161030-02336,2024-06-16T10:30:00Z,TAG-U1-CondenserTemp_C,MED,Condenser temp elevated; vacuum risk. Review CW pumps/CT fans.,EVT-2024-06-AUXDRIFT,TAG-U1-CondenserTemp_C
ALM-202406161040-02337,2024-06-16T10:40:00Z,TAG-U1-CondenserTemp_C,MED,Condenser temp elevated; vacuum risk. Review CW pumps/CT fans.,EVT-2024-06-AUXDRIFT,TAG-U1-CondenserTemp_C
ALM-202406161050-02338,2024-06-16T10:50:00Z,TAG-U1-CondenserTemp_C,MED,Condenser temp elevated; vacuum risk. Review CW pumps/CT fans.,EVT-2024-06-AUXDRIFT,TAG-U1-CondenserTemp_C
ALM-202406161100-02339,2024-06-16T11:00:00Z,TAG-U1-CondenserTemp_C,MED,Condenser temp elevated; vacuum risk. Review CW pumps/CT fans.,EVT-2024-06-AUXDRIFT,TAG-U1-CondenserTemp_C
ALM-202406161200-02340,2024-06-16T12:00:00Z,TAG-U1-CondenserTemp_C,MED,Condenser temp elevated; vacuum risk. Review CW pumps/CT fans.,EVT-2024-06-AUXDRIFT,TAG-U1-CondenserTemp_C
ALM-202406161235-02341,2024-06-16T12:35:00Z,TAG-U1-CondenserTemp_C,MED,Condenser temp elevated; vacuum risk. Review CW pumps/CT fans.,EVT-2024-06-AUXDRIFT,TAG-U1-CondenserTemp_C
ALM-202406161245-02342,2024-06-16T12:45:00Z,TAG-U1-CondenserTemp_C,MED,Condenser temp elevated; vacuum risk. Review CW pumps/CT fans.,EVT-2024-06-AUXDRIFT,TAG-U1-CondenserTemp_C
ALM-202406161305-02343,2024-06-16T13:05:00Z,TAG-U1-CondenserTemp_C,MED,Condenser temp elevated; vacuum risk. Review CW pumps/CT fans.,EVT-2024-06-AUXDRIFT,TAG-U1-CondenserTemp_C
ALM-202406161600-02344,2024-06-16T16:00:00Z,TAG-U1-CondenserTemp_C,MED,Condenser temp elevated; vacuum risk. Review CW pumps/CT fans.,EVT-2024-06-AUXDRIFT,TAG-U1-CondenserTemp_C
ALM-202406161700-02345,2024-06-16T17:00:00Z,TAG-U1-CondenserTemp_C,MED,Condenser temp elevated; vacuum risk. Review CW pumps/CT fans.,EVT-2024-06-AUXDRIFT,TAG-U1-CondenserTemp_C
ALM-202406161810-02346,2024-06-16T18:10:00Z,TAG-U1-CondenserTemp_C,MED,Condenser temp elevated; vacuum risk. Review CW pumps/CT fans.,EVT-2024-06-AUXDRIFT,TAG-U1-CondenserTemp_C
ALM-202406162020-02347,2024-06-16T20:20:00Z,TAG-U1-CondenserTemp_C,MED,Condenser temp elevated; vacuum risk. Review CW pumps/CT fans.,EVT-2024-06-AUXDRIFT,TAG-U1-CondenserTemp_C
ALM-202406162325-02348,2024-06-16T23:25:00Z,TAG-U1-CondenserTemp_C,MED,Condenser temp elevated; vacuum risk. Review CW pumps/CT fans.,EVT-2024-06-AUXDRIFT,TAG-U1-CondenserTemp_C
ALM-202406162340-02349,2024-06-16T23:40:00Z,TAG-U1-CondenserTemp_C,MED,Condenser temp elevated; vacuum risk. Review CW pumps/CT fans.,EVT-2024-06-AUXDRIFT,TAG-U1-CondenserTemp_C
ALM-202406170250-02350,2024-06-17T02:50:00Z,TAG-U1-CondenserTemp_C,MED,Condenser temp elevated; vacuum risk. Review CW pumps/CT fans.,EVT-2024-06-AUXDRIFT,TAG-U1-CondenserTemp_C
ALM-202406170500-02351,2024-06-17T05:00:00Z,TAG-U1-CondenserTemp_C,MED,Condenser temp elevated; vacuum risk. Review CW pumps/CT fans.,EVT-2024-06-AUXDRIFT,TAG-U1-CondenserTemp_C
ALM-202406170505-02352,2024-06-17T05:05:00Z,TAG-U1-CondenserTemp_C,MED,Condenser temp elevated; vacuum risk. Review CW pumps/CT fans.,EVT-2024-06-AUXDRIFT,TAG-U1-CondenserTemp_C
ALM-202406170545-02353,2024-06-17T05:45:00Z,TAG-U1-CondenserTemp_C,MED,Condenser temp elevated; vacuum risk. Review CW pumps/CT fans.,EVT-2024-06-AUXDRIFT,TAG-U1-CondenserTemp_C
ALM-202406170610-02354,2024-06-17T06:10:00Z,TAG-U1-CondenserTemp_C,MED,Condenser temp elevated; vacuum risk. Review CW pumps/CT fans.,EVT-2024-06-AUXDRIFT,TAG-U1-CondenserTemp_C
ALM-202406170805-02355,2024-06-17T08:05:00Z,TAG-U1-CondenserTemp_C,MED,Condenser temp elevated; vacuum risk. Review CW pumps/CT fans.,EVT-2024-06-AUXDRIFT,TAG-U1-CondenserTemp_C
ALM-202406170920-02356,2024-06-17T09:20:00Z,TAG-U1-CondenserTemp_C,MED,Condenser temp elevated; vacuum risk. Review CW pumps/CT fans.,EVT-2024-06-AUXDRIFT,TAG-U1-CondenserTemp_C
ALM-202406171010-02357,2024-06-17T10:10:00Z,TAG-U1-CondenserTemp_C,MED,Condenser temp elevated; vacuum risk. Review CW pumps/CT fans.,EVT-2024-06-AUXDRIFT,TAG-U1-CondenserTemp_C
ALM-202406171035-02358,2024-06-17T10:35:00Z,TAG-U1-CondenserTemp_C,MED,Condenser temp elevated; vacuum risk. Review CW pumps/CT fans.,EVT-2024-06-AUXDRIFT,TAG-U1-CondenserTemp_C
ALM-202406171130-02359,2024-06-17T11:30:00Z,TAG-U1-CondenserTemp_C,MED,Condenser temp elevated; vacuum risk. Review CW pumps/CT fans.,EVT-2024-06-AUXDRIFT,TAG-U1-CondenserTemp_C
ALM-202406171240-02360,2024-06-17T12:40:00Z,TAG-U1-CondenserTemp_C,MED,Condenser temp elevated; vacuum risk. Review CW pumps/CT fans.,EVT-2024-06-AUXDRIFT,TAG-U1-CondenserTemp_C
ALM-202406172110-02361,2024-06-17T21:10:00Z,TAG-U1-CondenserTemp_C,MED,Condenser temp elevated; vacuum risk. Review CW pumps/CT fans.,EVT-2024-06-AUXDRIFT,TAG-U1-CondenserTemp_C
ALM-202406172125-02362,2024-06-17T21:25:00Z,TAG-U1-CondenserTemp_C,MED,Condenser temp elevated; vacuum risk. Review CW pumps/CT fans.,EVT-2024-06-AUXDRIFT,TAG-U1-CondenserTemp_C
ALM-202406172250-02363,2024-06-17T22:50:00Z,TAG-U1-CondenserTemp_C,MED,Condenser temp elevated; vacuum risk. Review CW pumps/CT fans.,EVT-2024-06-AUXDRIFT,TAG-U1-CondenserTemp_C
ALM-202406172300-02364,2024-06-17T23:00:00Z,TAG-U1-CondenserTemp_C,MED,Condenser temp elevated; vacuum risk. Review CW pumps/CT fans.,EVT-2024-06-AUXDRIFT,TAG-U1-CondenserTemp_C
ALM-202406180255-02365,2024-06-18T02:55:00Z,TAG-U1-CondenserTemp_C,MED,Condenser temp elevated; vacuum risk. Review CW pumps/CT fans.,EVT-2024-06-AUXDRIFT,TAG-U1-CondenserTemp_C
ALM-202406180425-02366,2024-06-18T04:25:00Z,TAG-U1-CondenserTemp_C,MED,Condenser temp elevated; vacuum risk. Review CW pumps/CT fans.,EVT-2024-06-AUXDRIFT,TAG-U1-CondenserTemp_C
ALM-202406180620-02367,2024-06-18T06:20:00Z,TAG-U1-CondenserTemp_C,MED,Condenser temp elevated; vacuum risk. Review CW pumps/CT fans.,EVT-2024-06-AUXDRIFT,TAG-U1-CondenserTemp_C
ALM-202406180925-02368,2024-06-18T09:25:00Z,TAG-U1-CondenserTemp_C,MED,Condenser temp elevated; vacuum risk. Review CW pumps/CT fans.,EVT-2024-06-AUXDRIFT,TAG-U1-CondenserTemp_C
ALM-202406180935-02369,2024-06-18T09:35:00Z,TAG-U1-CondenserTemp_C,MED,Condenser temp elevated; vacuum risk. Review CW pumps/CT fans.,EVT-2024-06-AUXDRIFT,TAG-U1-CondenserTemp_C
ALM-202406181010-02370,2024-06-18T10:10:00Z,TAG-U1-CondenserTemp_C,MED,Condenser temp elevated; vacuum risk. Review CW pumps/CT fans.,EVT-2024-06-AUXDRIFT,TAG-U1-CondenserTemp_C
ALM-202406181105-02371,2024-06-18T11:05:00Z,TAG-U1-CondenserTemp_C,MED,Condenser temp elevated; vacuum risk. Review CW pumps/CT fans.,EVT-2024-06-AUXDRIFT,TAG-U1-CondenserTemp_C
ALM-202406181310-02372,2024-06-18T13:10:00Z,TAG-U1-CondenserTemp_C,MED,Condenser temp elevated; vacuum risk. Review CW pumps/CT fans.,EVT-2024-06-AUXDRIFT,TAG-U1-CondenserTemp_C
ALM-202406181740-02373,2024-06-18T17:40:00Z,TAG-U1-CondenserTemp_C,MED,Condenser temp elevated; vacuum risk. Review CW pumps/CT fans.,EVT-2024-06-AUXDRIFT,TAG-U1-CondenserTemp_C
ALM-202406181745-02374,2024-06-18T17:45:00Z,TAG-U1-CondenserTemp_C,MED,Condenser temp elevated; vacuum risk. Review CW pumps/CT fans.,EVT-2024-06-AUXDRIFT,TAG-U1-CondenserTemp_C
ALM-202406181915-02375,2024-06-18T19:15:00Z,TAG-U1-CondenserTemp_C,MED,Condenser temp elevated; vacuum risk. Review CW pumps/CT fans.,EVT-2024-06-AUXDRIFT,TAG-U1-CondenserTemp_C
ALM-202406182000-02376,2024-06-18T20:00:00Z,TAG-U1-CondenserTemp_C,MED,Condenser temp elevated; vacuum risk. Review CW pumps/CT fans.,EVT-2024-06-AUXDRIFT,TAG-U1-CondenserTemp_C
ALM-202406182250-02377,2024-06-18T22:50:00Z,TAG-U1-CondenserTemp_C,MED,Condenser temp elevated; vacuum risk. Review CW pumps/CT fans.,EVT-2024-06-AUXDRIFT,TAG-U1-CondenserTemp_C
ALM-202406190510-02378,2024-06-19T05:10:00Z,TAG-U1-CondenserTemp_C,MED,Condenser temp elevated; vacuum risk. Review CW pumps/CT fans.,EVT-2024-06-AUXDRIFT,TAG-U1-CondenserTemp_C
ALM-202406190815-02379,2024-06-19T08:15:00Z,TAG-U1-CondenserTemp_C,MED,Condenser temp elevated; vacuum risk. Review CW pumps/CT fans.,EVT-2024-06-AUXDRIFT,TAG-U1-CondenserTemp_C
ALM-202406190855-02380,2024-06-19T08:55:00Z,TAG-U1-CondenserTemp_C,MED,Condenser temp elevated; vacuum risk. Review CW pumps/CT fans.,EVT-2024-06-AUXDRIFT,TAG-U1-CondenserTemp_C
ALM-202406190925-02381,2024-06-19T09:25:00Z,TAG-U1-CondenserTemp_C,MED,Condenser temp elevated; vacuum risk. Review CW pumps/CT fans.,EVT-2024-06-AUXDRIFT,TAG-U1-CondenserTemp_C
ALM-202406191600-02382,2024-06-19T16:00:00Z,TAG-U1-CondenserTemp_C,MED,Condenser temp elevated; vacuum risk. Review CW pumps/CT fans.,EVT-2024-06-AUXDRIFT,TAG-U1-CondenserTemp_C
ALM-202406191730-02383,2024-06-19T17:30:00Z,TAG-U1-CondenserTemp_C,MED,Condenser temp elevated; vacuum risk. Review CW pumps/CT fans.,EVT-2024-06-AUXDRIFT,TAG-U1-CondenserTemp_C
ALM-202406192105-02384,2024-06-19T21:05:00Z,TAG-U1-CondenserTemp_C,MED,Condenser temp elevated; vacuum risk. Review CW pumps/CT fans.,EVT-2024-06-AUXDRIFT,TAG-U1-CondenserTemp_C
ALM-202406200525-02385,2024-06-20T05:25:00Z,TAG-U1-CondenserTemp_C,MED,Condenser temp elevated; vacuum risk. Review CW pumps/CT fans.,EVT-2024-06-AUXDRIFT,TAG-U1-CondenserTemp_C
ALM-202406200635-02386,2024-06-20T06:35:00Z,TAG-U1-CondenserTemp_C,MED,Condenser temp elevated; vacuum risk. Review CW pumps/CT fans.,EVT-2024-06-AUXDRIFT,TAG-U1-CondenserTemp_C
ALM-202406200640-02387,2024-06-20T06:40:00Z,TAG-U1-CondenserTemp_C,MED,Condenser temp elevated; vacuum risk. Review CW pumps/CT fans.,EVT-2024-06-AUXDRIFT,TAG-U1-CondenserTemp_C
ALM-202406200700-02388,2024-06-20T07:00:00Z,TAG-U1-CondenserTemp_C,MED,Condenser temp elevated; vacuum risk. Review CW pumps/CT fans.,EVT-2024-06-AUXDRIFT,TAG-U1-CondenserTemp_C
ALM-202406200720-02389,2024-06-20T07:20:00Z,TAG-U1-CondenserTemp_C,MED,Condenser temp elevated; vacuum risk. Review CW pumps/CT fans.,EVT-2024-06-AUXDRIFT,TAG-U1-CondenserTemp_C
ALM-202406201035-02390,2024-06-20T10:35:00Z,TAG-U1-CondenserTemp_C,MED,Condenser temp elevated; vacuum risk. Review CW pumps/CT fans.,EVT-2024-06-AUXDRIFT,TAG-U1-CondenserTemp_C
ALM-202406201115-02391,2024-06-20T11:15:00Z,TAG-U1-CondenserTemp_C,MED,Condenser temp elevated; vacuum risk. Review CW pumps/CT fans.,EVT-2024-06-AUXDRIFT,TAG-U1-CondenserTemp_C
ALM-202406201325-02392,2024-06-20T13:25:00Z,TAG-U1-CondenserTemp_C,MED,Condenser temp elevated; vacuum risk. Review CW pumps/CT fans.,EVT-2024-06-AUXDRIFT,TAG-U1-CondenserTemp_C
ALM-202406201645-02393,2024-06-20T16:45:00Z,TAG-U1-CondenserTemp_C,MED,Condenser temp elevated; vacuum risk. Review CW pumps/CT fans.,EVT-2024-06-AUXDRIFT,TAG-U1-CondenserTemp_C
ALM-202406201845-02394,2024-06-20T18:45:00Z,TAG-U1-CondenserTemp_C,MED,Condenser temp elevated; vacuum risk. Review CW pumps/CT fans.,EVT-2024-06-AUXDRIFT,TAG-U1-CondenserTemp_C
ALM-202406202005-02395,2024-06-20T20:05:00Z,TAG-U1-CondenserTemp_C,MED,Condenser temp elevated; vacuum risk. Review CW pumps/CT fans.,EVT-2024-06-AUXDRIFT,TAG-U1-CondenserTemp_C
ALM-202406210445-02396,2024-06-21T04:45:00Z,TAG-U1-CondenserTemp_C,MED,Condenser temp elevated; vacuum risk. Review CW pumps/CT fans.,EVT-2024-06-AUXDRIFT,TAG-U1-CondenserTemp_C
ALM-202406210520-02397,2024-06-21T05:20:00Z,TAG-U1-CondenserTemp_C,MED,Condenser temp elevated; vacuum risk. Review CW pumps/CT fans.,EVT-2024-06-AUXDRIFT,TAG-U1-CondenserTemp_C
ALM-202406210655-02398,2024-06-21T06:55:00Z,TAG-U1-CondenserTemp_C,MED,Condenser temp elevated; vacuum risk. Review CW pumps/CT fans.,EVT-2024-06-AUXDRIFT,TAG-U1-CondenserTemp_C
ALM-202406210715-02399,2024-06-21T07:15:00Z,TAG-U1-CondenserTemp_C,MED,Condenser temp elevated; vacuum risk. Review CW pumps/CT fans.,EVT-2024-06-AUXDRIFT,TAG-U1-CondenserTemp_C
ALM-202406210740-02400,2024-06-21T07:40:00Z,TAG-U1-CondenserTemp_C,MED,Condenser temp elevated; vacuum risk. Review CW pumps/CT fans.,EVT-2024-06-AUXDRIFT,TAG-U1-CondenserTemp_C
ALM-202406210830-02401,2024-06-21T08:30:00Z,TAG-U1-CondenserTemp_C,MED,Condenser temp elevated; vacuum risk. Review CW pumps/CT fans.,EVT-2024-06-AUXDRIFT,TAG-U1-CondenserTemp_C
ALM-202406211005-02402,2024-06-21T10:05:00Z,TAG-U1-CondenserTemp_C,MED,Condenser temp elevated; vacuum risk. Review CW pumps/CT fans.,EVT-2024-06-AUXDRIFT,TAG-U1-CondenserTemp_C
ALM-202406211010-02403,2024-06-21T10:10:00Z,TAG-U1-CondenserTemp_C,MED,Condenser temp elevated; vacuum risk. Review CW pumps/CT fans.,EVT-2024-06-AUXDRIFT,TAG-U1-CondenserTemp_C
ALM-202406211135-02404,2024-06-21T11:35:00Z,TAG-U1-CondenserTemp_C,MED,Condenser temp elevated; vacuum risk. Review CW pumps/CT fans.,EVT-2024-06-AUXDRIFT,TAG-U1-CondenserTemp_C
ALM-202406211205-02405,2024-06-21T12:05:00Z,TAG-U1-CondenserTemp_C,MED,Condenser temp elevated; vacuum risk. Review CW pumps/CT fans.,EVT-2024-06-AUXDRIFT,TAG-U1-CondenserTemp_C
ALM-202406211425-02406,2024-06-21T14:25:00Z,TAG-U1-CondenserTemp_C,MED,Condenser temp elevated; vacuum risk. Review CW pumps/CT fans.,EVT-2024-06-AUXDRIFT,TAG-U1-CondenserTemp_C
ALM-202406211700-02407,2024-06-21T17:00:00Z,TAG-U1-CondenserTemp_C,MED,Condenser temp elevated; vacuum risk. Review CW pumps/CT fans.,EVT-2024-06-AUXDRIFT,TAG-U1-CondenserTemp_C
ALM-202406211730-02408,2024-06-21T17:30:00Z,TAG-U1-CondenserTemp_C,MED,Condenser temp elevated; vacuum risk. Review CW pumps/CT fans.,EVT-2024-06-AUXDRIFT,TAG-U1-CondenserTemp_C
ALM-202406211835-02409,2024-06-21T18:35:00Z,TAG-U1-CondenserTemp_C,MED,Condenser temp elevated; vacuum risk. Review CW pumps/CT fans.,EVT-2024-06-AUXDRIFT,TAG-U1-CondenserTemp_C
ALM-202406211935-02410,2024-06-21T19:35:00Z,TAG-U1-CondenserTemp_C,MED,Condenser temp elevated; vacuum risk. Review CW pumps/CT fans.,EVT-2024-06-AUXDRIFT,TAG-U1-CondenserTemp_C
ALM-202406212000-02411,2024-06-21T20:00:00Z,TAG-U1-CondenserTemp_C,MED,Condenser temp elevated; vacuum risk. Review CW pumps/CT fans.,EVT-2024-06-AUXDRIFT,TAG-U1-CondenserTemp_C
ALM-202406220050-02412,2024-06-22T00:50:00Z,TAG-U1-CondenserTemp_C,MED,Condenser temp elevated; vacuum risk. Review CW pumps/CT fans.,EVT-2024-06-AUXDRIFT,TAG-U1-CondenserTemp_C
ALM-202406220105-02413,2024-06-22T01:05:00Z,TAG-U1-CondenserTemp_C,MED,Condenser temp elevated; vacuum risk. Review CW pumps/CT fans.,EVT-2024-06-AUXDRIFT,TAG-U1-CondenserTemp_C
ALM-202406220125-02414,2024-06-22T01:25:00Z,TAG-U1-CondenserTemp_C,MED,Condenser temp elevated; vacuum risk. Review CW pumps/CT fans.,EVT-2024-06-AUXDRIFT,TAG-U1-CondenserTemp_C
ALM-202406220230-02415,2024-06-22T02:30:00Z,TAG-U1-CondenserTemp_C,MED,Condenser temp elevated; vacuum risk. Review CW pumps/CT fans.,EVT-2024-06-AUXDRIFT,TAG-U1-CondenserTemp_C
ALM-202406220735-02416,2024-06-22T07:35:00Z,TAG-U1-CondenserTemp_C,MED,Condenser temp elevated; vacuum risk. Review CW pumps/CT fans.,EVT-2024-06-AUXDRIFT,TAG-U1-CondenserTemp_C
ALM-202406220825-02417,2024-06-22T08:25:00Z,TAG-U1-CondenserTemp_C,MED,Condenser temp elevated; vacuum risk. Review CW pumps/CT fans.,EVT-2024-06-AUXDRIFT,TAG-U1-CondenserTemp_C
ALM-202406220850-02418,2024-06-22T08:50:00Z,TAG-U1-CondenserTemp_C,MED,Condenser temp elevated; vacuum risk. Review CW pumps/CT fans.,EVT-2024-06-AUXDRIFT,TAG-U1-CondenserTemp_C
ALM-202406221025-02419,2024-06-22T10:25:00Z,TAG-U1-CondenserTemp_C,MED,Condenser temp elevated; vacuum risk. Review CW pumps/CT fans.,EVT-2024-06-AUXDRIFT,TAG-U1-CondenserTemp_C
ALM-202406221040-02420,2024-06-22T10:40:00Z,TAG-U1-CondenserTemp_C,MED,Condenser temp elevated; vacuum risk. Review CW pumps/CT fans.,EVT-2024-06-AUXDRIFT,TAG-U1-CondenserTemp_C
ALM-202406221435-02421,2024-06-22T14:35:00Z,TAG-U1-CondenserTemp_C,MED,Condenser temp elevated; vacuum risk. Review CW pumps/CT fans.,EVT-2024-06-AUXDRIFT,TAG-U1-CondenserTemp_C
ALM-202406221600-02422,2024-06-22T16:00:00Z,TAG-U1-CondenserTemp_C,MED,Condenser temp elevated; vacuum risk. Review CW pumps/CT fans.,EVT-2024-06-AUXDRIFT,TAG-U1-CondenserTemp_C
ALM-202406221635-02423,2024-06-22T16:35:00Z,TAG-U1-CondenserTemp_C,MED,Condenser temp elevated; vacuum risk. Review CW pumps/CT fans.,EVT-2024-06-AUXDRIFT,TAG-U1-CondenserTemp_C
ALM-202406221910-02424,2024-06-22T19:10:00Z,TAG-U1-CondenserTemp_C,MED,Condenser temp elevated; vacuum risk. Review CW pumps/CT fans.,EVT-2024-06-AUXDRIFT,TAG-U1-CondenserTemp_C
ALM-202406221955-02425,2024-06-22T19:55:00Z,TAG-U1-CondenserTemp_C,MED,Condenser temp elevated; vacuum risk. Review CW pumps/CT fans.,EVT-2024-06-AUXDRIFT,TAG-U1-CondenserTemp_C
ALM-202406222320-02426,2024-06-22T23:20:00Z,TAG-U1-CondenserTemp_C,MED,Condenser temp elevated; vacuum risk. Review CW pumps/CT fans.,EVT-2024-06-AUXDRIFT,TAG-U1-CondenserTemp_C
ALM-202406230415-02427,2024-06-23T04:15:00Z,TAG-U1-CondenserTemp_C,MED,Condenser temp elevated; vacuum risk. Review CW pumps/CT fans.,EVT-2024-06-AUXDRIFT,TAG-U1-CondenserTemp_C
ALM-202406230540-02428,2024-06-23T05:40:00Z,TAG-U1-CondenserTemp_C,MED,Condenser temp elevated; vacuum risk. Review CW pumps/CT fans.,EVT-2024-06-AUXDRIFT,TAG-U1-CondenserTemp_C
ALM-202406230655-02429,2024-06-23T06:55:00Z,TAG-U1-CondenserTemp_C,MED,Condenser temp elevated; vacuum risk. Review CW pumps/CT fans.,EVT-2024-06-AUXDRIFT,TAG-U1-CondenserTemp_C
ALM-202406230730-02430,2024-06-23T07:30:00Z,TAG-U1-CondenserTemp_C,MED,Condenser temp elevated; vacuum risk. Review CW pumps/CT fans.,EVT-2024-06-AUXDRIFT,TAG-U1-CondenserTemp_C
ALM-202406230955-02431,2024-06-23T09:55:00Z,TAG-U1-CondenserTemp_C,MED,Condenser temp elevated; vacuum risk. Review CW pumps/CT fans.,EVT-2024-06-AUXDRIFT,TAG-U1-CondenserTemp_C
ALM-202406231030-02432,2024-06-23T10:30:00Z,TAG-U1-CondenserTemp_C,MED,Condenser temp elevated; vacuum risk. Review CW pumps/CT fans.,EVT-2024-06-AUXDRIFT,TAG-U1-CondenserTemp_C
ALM-202406231250-02433,2024-06-23T12:50:00Z,TAG-U1-CondenserTemp_C,MED,Condenser temp elevated; vacuum risk. Review CW pumps/CT fans.,EVT-2024-06-AUXDRIFT,TAG-U1-CondenserTemp_C
ALM-202406231340-02434,2024-06-23T13:40:00Z,TAG-U1-CondenserTemp_C,MED,Condenser temp elevated; vacuum risk. Review CW pumps/CT fans.,EVT-2024-06-AUXDRIFT,TAG-U1-CondenserTemp_C
ALM-202406232140-02435,2024-06-23T21:40:00Z,TAG-U1-CondenserTemp_C,MED,Condenser temp elevated; vacuum risk. Review CW pumps/CT fans.,EVT-2024-06-AUXDRIFT,TAG-U1-CondenserTemp_C
ALM-202406232310-02436,2024-06-23T23:10:00Z,TAG-U1-CondenserTemp_C,MED,Condenser temp elevated; vacuum risk. Review CW pumps/CT fans.,EVT-2024-06-AUXDRIFT,TAG-U1-CondenserTemp_C
ALM-202406232340-02437,2024-06-23T23:40:00Z,TAG-U1-CondenserTemp_C,MED,Condenser temp elevated; vacuum risk. Review CW pumps/CT fans.,EVT-2024-06-AUXDRIFT,TAG-U1-CondenserTemp_C
ALM-202406240050-02438,2024-06-24T00:50:00Z,TAG-U1-CondenserTemp_C,MED,Condenser temp elevated; vacuum risk. Review CW pumps/CT fans.,EVT-2024-06-AUXDRIFT,TAG-U1-CondenserTemp_C
ALM-202406240245-02439,2024-06-24T02:45:00Z,TAG-U1-CondenserTemp_C,MED,Condenser temp elevated; vacuum risk. Review CW pumps/CT fans.,EVT-2024-06-AUXDRIFT,TAG-U1-CondenserTemp_C
ALM-202406240515-02440,2024-06-24T05:15:00Z,TAG-U1-CondenserTemp_C,MED,Condenser temp elevated; vacuum risk. Review CW pumps/CT fans.,EVT-2024-06-AUXDRIFT,TAG-U1-CondenserTemp_C
ALM-202406240620-02441,2024-06-24T06:20:00Z,TAG-U1-CondenserTemp_C,MED,Condenser temp elevated; vacuum risk. Review CW pumps/CT fans.,EVT-2024-06-AUXDRIFT,TAG-U1-CondenserTemp_C
ALM-202406240625-02442,2024-06-24T06:25:00Z,TAG-U1-CondenserTemp_C,MED,Condenser temp elevated; vacuum risk. Review CW pumps/CT fans.,EVT-2024-06-AUXDRIFT,TAG-U1-CondenserTemp_C
ALM-202406241345-02443,2024-06-24T13:45:00Z,TAG-U1-CondenserTemp_C,MED,Condenser temp elevated; vacuum risk. Review CW pumps/CT fans.,EVT-2024-06-AUXDRIFT,TAG-U1-CondenserTemp_C
ALM-202406241410-02444,2024-06-24T14:10:00Z,TAG-U1-CondenserTemp_C,MED,Condenser temp elevated; vacuum risk. Review CW pumps/CT fans.,EVT-2024-06-AUXDRIFT,TAG-U1-CondenserTemp_C
ALM-202406241530-02445,2024-06-24T15:30:00Z,TAG-U1-CondenserTemp_C,MED,Condenser temp elevated; vacuum risk. Review CW pumps/CT fans.,EVT-2024-06-AUXDRIFT,TAG-U1-CondenserTemp_C
ALM-202406241850-02446,2024-06-24T18:50:00Z,TAG-U1-CondenserTemp_C,MED,Condenser temp elevated; vacuum risk. Review CW pumps/CT fans.,EVT-2024-06-AUXDRIFT,TAG-U1-CondenserTemp_C
ALM-202406241915-02447,2024-06-24T19:15:00Z,TAG-U1-CondenserTemp_C,MED,Condenser temp elevated; vacuum risk. Review CW pumps/CT fans.,EVT-2024-06-AUXDRIFT,TAG-U1-CondenserTemp_C
ALM-202406241930-02448,2024-06-24T19:30:00Z,TAG-U1-CondenserTemp_C,MED,Condenser temp elevated; vacuum risk. Review CW pumps/CT fans.,EVT-2024-06-AUXDRIFT,TAG-U1-CondenserTemp_C
ALM-202406242135-02449,2024-06-24T21:35:00Z,TAG-U1-CondenserTemp_C,MED,Condenser temp elevated; vacuum risk. Review CW pumps/CT fans.,EVT-2024-06-AUXDRIFT,TAG-U1-CondenserTemp_C
ALM-202406242205-02450,2024-06-24T22:05:00Z,TAG-U1-CondenserTemp_C,MED,Condenser temp elevated; vacuum risk. Review CW pumps/CT fans.,EVT-2024-06-AUXDRIFT,TAG-U1-CondenserTemp_C
ALM-202406242235-02451,2024-06-24T22:35:00Z,TAG-U1-CondenserTemp_C,MED,Condenser temp elevated; vacuum risk. Review CW pumps/CT fans.,EVT-2024-06-AUXDRIFT,TAG-U1-CondenserTemp_C
ALM-202406242340-02452,2024-06-24T23:40:00Z,TAG-U1-CondenserTemp_C,MED,Condenser temp elevated; vacuum risk. Review CW pumps/CT fans.,EVT-2024-06-AUXDRIFT,TAG-U1-CondenserTemp_C
ALM-202406250205-02453,2024-06-25T02:05:00Z,TAG-U1-CondenserTemp_C,MED,Condenser temp elevated; vacuum risk. Review CW pumps/CT fans.,EVT-2024-06-AUXDRIFT,TAG-U1-CondenserTemp_C
ALM-202406250230-02454,2024-06-25T02:30:00Z,TAG-U1-CondenserTemp_C,MED,Condenser temp elevated; vacuum risk. Review CW pumps/CT fans.,EVT-2024-06-AUXDRIFT,TAG-U1-CondenserTemp_C
ALM-202406250650-02455,2024-06-25T06:50:00Z,TAG-U1-CondenserTemp_C,MED,Condenser temp elevated; vacuum risk. Review CW pumps/CT fans.,EVT-2024-06-AUXDRIFT,TAG-U1-CondenserTemp_C
ALM-202406250845-02456,2024-06-25T08:45:00Z,TAG-U1-CondenserTemp_C,MED,Condenser temp elevated; vacuum risk. Review CW pumps/CT fans.,EVT-2024-06-AUXDRIFT,TAG-U1-CondenserTemp_C
ALM-202406251045-02457,2024-06-25T10:45:00Z,TAG-U1-CondenserTemp_C,MED,Condenser temp elevated; vacuum risk. Review CW pumps/CT fans.,EVT-2024-06-AUXDRIFT,TAG-U1-CondenserTemp_C
ALM-202406252210-02458,2024-06-25T22:10:00Z,TAG-U1-CondenserTemp_C,MED,Condenser temp elevated; vacuum risk. Review CW pumps/CT fans.,EVT-2024-06-AUXDRIFT,TAG-U1-CondenserTemp_C
ALM-202406252240-02459,2024-06-25T22:40:00Z,TAG-U1-CondenserTemp_C,MED,Condenser temp elevated; vacuum risk. Review CW pumps/CT fans.,EVT-2024-06-AUXDRIFT,TAG-U1-CondenserTemp_C
ALM-202406252310-02460,2024-06-25T23:10:00Z,TAG-U1-CondenserTemp_C,MED,Condenser temp elevated; vacuum risk. Review CW pumps/CT fans.,EVT-2024-06-AUXDRIFT,TAG-U1-CondenserTemp_C
ALM-202406260010-02461,2024-06-26T00:10:00Z,TAG-U1-CondenserTemp_C,MED,Condenser temp elevated; vacuum risk. Review CW pumps/CT fans.,EVT-2024-06-AUXDRIFT,TAG-U1-CondenserTemp_C
ALM-202406260120-02462,2024-06-26T01:20:00Z,TAG-U1-CondenserTemp_C,MED,Condenser temp elevated; vacuum risk. Review CW pumps/CT fans.,EVT-2024-06-AUXDRIFT,TAG-U1-CondenserTemp_C
ALM-202406260300-02463,2024-06-26T03:00:00Z,TAG-U1-CondenserTemp_C,MED,Condenser temp elevated; vacuum risk. Review CW pumps/CT fans.,EVT-2024-06-AUXDRIFT,TAG-U1-CondenserTemp_C
ALM-202406260415-02464,2024-06-26T04:15:00Z,TAG-U1-CondenserTemp_C,MED,Condenser temp elevated; vacuum risk. Review CW pumps/CT fans.,EVT-2024-06-AUXDRIFT,TAG-U1-CondenserTemp_C
ALM-202406260825-02465,2024-06-26T08:25:00Z,TAG-U1-CondenserTemp_C,MED,Condenser temp elevated; vacuum risk. Review CW pumps/CT fans.,EVT-2024-06-AUXDRIFT,TAG-U1-CondenserTemp_C
ALM-202406260845-02466,2024-06-26T08:45:00Z,TAG-U1-CondenserTemp_C,MED,Condenser temp elevated; vacuum risk. Review CW pumps/CT fans.,EVT-2024-06-AUXDRIFT,TAG-U1-CondenserTemp_C
ALM-202406260855-02467,2024-06-26T08:55:00Z,TAG-U1-CondenserTemp_C,MED,Condenser temp elevated; vacuum risk. Review CW pumps/CT fans.,EVT-2024-06-AUXDRIFT,TAG-U1-CondenserTemp_C
ALM-202406261100-02468,2024-06-26T11:00:00Z,TAG-U1-CondenserTemp_C,MED,Condenser temp elevated; vacuum risk. Review CW pumps/CT fans.,EVT-2024-06-AUXDRIFT,TAG-U1-CondenserTemp_C
ALM-202406261445-02469,2024-06-26T14:45:00Z,TAG-U1-CondenserTemp_C,MED,Condenser temp elevated; vacuum risk. Review CW pumps/CT fans.,EVT-2024-06-AUXDRIFT,TAG-U1-CondenserTemp_C
ALM-202406261650-02470,2024-06-26T16:50:00Z,TAG-U1-CondenserTemp_C,MED,Condenser temp elevated; vacuum risk. Review CW pumps/CT fans.,EVT-2024-06-AUXDRIFT,TAG-U1-CondenserTemp_C
ALM-202406261710-02471,2024-06-26T17:10:00Z,TAG-U1-CondenserTemp_C,MED,Condenser temp elevated; vacuum risk. Review CW pumps/CT fans.,EVT-2024-06-AUXDRIFT,TAG-U1-CondenserTemp_C
ALM-202406261815-02472,2024-06-26T18:15:00Z,TAG-U1-CondenserTemp_C,MED,Condenser temp elevated; vacuum risk. Review CW pumps/CT fans.,EVT-2024-06-AUXDRIFT,TAG-U1-CondenserTemp_C
ALM-202406261835-02473,2024-06-26T18:35:00Z,TAG-U1-CondenserTemp_C,MED,Condenser temp elevated; vacuum risk. Review CW pumps/CT fans.,EVT-2024-06-AUXDRIFT,TAG-U1-CondenserTemp_C
ALM-202406261940-02474,2024-06-26T19:40:00Z,TAG-U1-CondenserTemp_C,MED,Condenser temp elevated; vacuum risk. Review CW pumps/CT fans.,EVT-2024-06-AUXDRIFT,TAG-U1-CondenserTemp_C
ALM-202406262130-02475,2024-06-26T21:30:00Z,TAG-U1-CondenserTemp_C,MED,Condenser temp elevated; vacuum risk. Review CW pumps/CT fans.,EVT-2024-06-AUXDRIFT,TAG-U1-CondenserTemp_C
ALM-202406262225-02476,2024-06-26T22:25:00Z,TAG-U1-CondenserTemp_C,MED,Condenser temp elevated; vacuum risk. Review CW pumps/CT fans.,EVT-2024-06-AUXDRIFT,TAG-U1-CondenserTemp_C
ALM-202406262335-02477,2024-06-26T23:35:00Z,TAG-U1-CondenserTemp_C,MED,Condenser temp elevated; vacuum risk. Review CW pumps/CT fans.,EVT-2024-06-AUXDRIFT,TAG-U1-CondenserTemp_C
ALM-202406270020-02478,2024-06-27T00:20:00Z,TAG-U1-CondenserTemp_C,MED,Condenser temp elevated; vacuum risk. Review CW pumps/CT fans.,EVT-2024-06-AUXDRIFT,TAG-U1-CondenserTemp_C
ALM-202406270715-02479,2024-06-27T07:15:00Z,TAG-U1-CondenserTemp_C,MED,Condenser temp elevated; vacuum risk. Review CW pumps/CT fans.,EVT-2024-06-AUXDRIFT,TAG-U1-CondenserTemp_C
ALM-202406270830-02480,2024-06-27T08:30:00Z,TAG-U1-CondenserTemp_C,MED,Condenser temp elevated; vacuum risk. Review CW pumps/CT fans.,EVT-2024-06-AUXDRIFT,TAG-U1-CondenserTemp_C
ALM-202406270910-02481,2024-06-27T09:10:00Z,TAG-U1-CondenserTemp_C,MED,Condenser temp elevated; vacuum risk. Review CW pumps/CT fans.,EVT-2024-06-AUXDRIFT,TAG-U1-CondenserTemp_C
ALM-202406271000-02482,2024-06-27T10:00:00Z,TAG-U1-CondenserTemp_C,MED,Condenser temp elevated; vacuum risk. Review CW pumps/CT fans.,EVT-2024-06-AUXDRIFT,TAG-U1-CondenserTemp_C
ALM-202406271105-02483,2024-06-27T11:05:00Z,TAG-U1-CondenserTemp_C,MED,Condenser temp elevated; vacuum risk. Review CW pumps/CT fans.,EVT-2024-06-AUXDRIFT,TAG-U1-CondenserTemp_C
ALM-202406271135-02484,2024-06-27T11:35:00Z,TAG-U1-CondenserTemp_C,MED,Condenser temp elevated; vacuum risk. Review CW pumps/CT fans.,EVT-2024-06-AUXDRIFT,TAG-U1-CondenserTemp_C
ALM-202406271305-02485,2024-06-27T13:05:00Z,TAG-U1-CondenserTemp_C,MED,Condenser temp elevated; vacuum risk. Review CW pumps/CT fans.,EVT-2024-06-AUXDRIFT,TAG-U1-CondenserTemp_C
ALM-202406271445-02486,2024-06-27T14:45:00Z,TAG-U1-CondenserTemp_C,MED,Condenser temp elevated; vacuum risk. Review CW pumps/CT fans.,EVT-2024-06-AUXDRIFT,TAG-U1-CondenserTemp_C
ALM-202406271920-02487,2024-06-27T19:20:00Z,TAG-U1-CondenserTemp_C,MED,Condenser temp elevated; vacuum risk. Review CW pumps/CT fans.,EVT-2024-06-AUXDRIFT,TAG-U1-CondenserTemp_C
ALM-202406271955-02488,2024-06-27T19:55:00Z,TAG-U1-CondenserTemp_C,MED,Condenser temp elevated; vacuum risk. Review CW pumps/CT fans.,EVT-2024-06-AUXDRIFT,TAG-U1-CondenserTemp_C
ALM-202406272155-02489,2024-06-27T21:55:00Z,TAG-U1-CondenserTemp_C,MED,Condenser temp elevated; vacuum risk. Review CW pumps/CT fans.,EVT-2024-06-AUXDRIFT,TAG-U1-CondenserTemp_C
ALM-202406272300-02490,2024-06-27T23:00:00Z,TAG-U1-CondenserTemp_C,MED,Condenser temp elevated; vacuum risk. Review CW pumps/CT fans.,EVT-2024-06-AUXDRIFT,TAG-U1-CondenserTemp_C
ALM-202406272340-02491,2024-06-27T23:40:00Z,TAG-U1-CondenserTemp_C,MED,Condenser temp elevated; vacuum risk. Review CW pumps/CT fans.,EVT-2024-06-AUXDRIFT,TAG-U1-CondenserTemp_C
ALM-202406280015-02492,2024-06-28T00:15:00Z,TAG-U1-CondenserTemp_C,MED,Condenser temp elevated; vacuum risk. Review CW pumps/CT fans.,EVT-2024-06-AUXDRIFT,TAG-U1-CondenserTemp_C
ALM-202406280130-02493,2024-06-28T01:30:00Z,TAG-U1-CondenserTemp_C,MED,Condenser temp elevated; vacuum risk. Review CW pumps/CT fans.,EVT-2024-06-AUXDRIFT,TAG-U1-CondenserTemp_C
ALM-202406280230-02494,2024-06-28T02:30:00Z,TAG-U1-CondenserTemp_C,MED,Condenser temp elevated; vacuum risk. Review CW pumps/CT fans.,EVT-2024-06-AUXDRIFT,TAG-U1-CondenserTemp_C
ALM-202406280250-02495,2024-06-28T02:50:00Z,TAG-U1-CondenserTemp_C,MED,Condenser temp elevated; vacuum risk. Review CW pumps/CT fans.,EVT-2024-06-AUXDRIFT,TAG-U1-CondenserTemp_C
ALM-202406280640-02496,2024-06-28T06:40:00Z,TAG-U1-CondenserTemp_C,MED,Condenser temp elevated; vacuum risk. Review CW pumps/CT fans.,EVT-2024-06-AUXDRIFT,TAG-U1-CondenserTemp_C
ALM-202406281115-02497,2024-06-28T11:15:00Z,TAG-U1-CondenserTemp_C,MED,Condenser temp elevated; vacuum risk. Review CW pumps/CT fans.,EVT-2024-06-AUXDRIFT,TAG-U1-CondenserTemp_C
ALM-202406281305-02498,2024-06-28T13:05:00Z,TAG-U1-CondenserTemp_C,MED,Condenser temp elevated; vacuum risk. Review CW pumps/CT fans.,EVT-2024-06-AUXDRIFT,TAG-U1-CondenserTemp_C
ALM-202406281820-02499,2024-06-28T18:20:00Z,TAG-U1-CondenserTemp_C,MED,Condenser temp elevated; vacuum risk. Review CW pumps/CT fans.,EVT-2024-06-AUXDRIFT,TAG-U1-CondenserTemp_C
ALM-202406282120-02500,2024-06-28T21:20:00Z,TAG-U1-CondenserTemp_C,MED,Condenser temp elevated; vacuum risk. Review CW pumps/CT fans.,EVT-2024-06-AUXDRIFT,TAG-U1-CondenserTemp_C
ALM-202406282325-02501,2024-06-28T23:25:00Z,TAG-U1-CondenserTemp_C,MED,Condenser temp elevated; vacuum risk. Review CW pumps/CT fans.,EVT-2024-06-AUXDRIFT,TAG-U1-CondenserTemp_C
ALM-202406290200-02502,2024-06-29T02:00:00Z,TAG-U1-CondenserTemp_C,MED,Condenser temp elevated; vacuum risk. Review CW pumps/CT fans.,EVT-2024-06-AUXDRIFT,TAG-U1-CondenserTemp_C
ALM-202406290345-02503,2024-06-29T03:45:00Z,TAG-U1-CondenserTemp_C,MED,Condenser temp elevated; vacuum risk. Review CW pumps/CT fans.,EVT-2024-06-AUXDRIFT,TAG-U1-CondenserTemp_C
ALM-202406290355-02504,2024-06-29T03:55:00Z,TAG-U1-CondenserTemp_C,MED,Condenser temp elevated; vacuum risk. Review CW pumps/CT fans.,EVT-2024-06-AUXDRIFT,TAG-U1-CondenserTemp_C
ALM-202406290425-02505,2024-06-29T04:25:00Z,TAG-U1-CondenserTemp_C,MED,Condenser temp elevated; vacuum risk. Review CW pumps/CT fans.,EVT-2024-06-AUXDRIFT,TAG-U1-CondenserTemp_C
ALM-202406290450-02506,2024-06-29T04:50:00Z,TAG-U1-CondenserTemp_C,MED,Condenser temp elevated; vacuum risk. Review CW pumps/CT fans.,EVT-2024-06-AUXDRIFT,TAG-U1-CondenserTemp_C
ALM-202406290525-02507,2024-06-29T05:25:00Z,TAG-U1-CondenserTemp_C,MED,Condenser temp elevated; vacuum risk. Review CW pumps/CT fans.,EVT-2024-06-AUXDRIFT,TAG-U1-CondenserTemp_C
ALM-202406290625-02508,2024-06-29T06:25:00Z,TAG-U1-CondenserTemp_C,MED,Condenser temp elevated; vacuum risk. Review CW pumps/CT fans.,EVT-2024-06-AUXDRIFT,TAG-U1-CondenserTemp_C
ALM-202406290700-02509,2024-06-29T07:00:00Z,TAG-U1-CondenserTemp_C,MED,Condenser temp elevated; vacuum risk. Review CW pumps/CT fans.,EVT-2024-06-AUXDRIFT,TAG-U1-CondenserTemp_C
ALM-202406290930-02510,2024-06-29T09:30:00Z,TAG-U1-CondenserTemp_C,MED,Condenser temp elevated; vacuum risk. Review CW pumps/CT fans.,EVT-2024-06-AUXDRIFT,TAG-U1-CondenserTemp_C
ALM-202406291055-02511,2024-06-29T10:55:00Z,TAG-U1-CondenserTemp_C,MED,Condenser temp elevated; vacuum risk. Review CW pumps/CT fans.,EVT-2024-06-AUXDRIFT,TAG-U1-CondenserTemp_C
ALM-202406291220-02512,2024-06-29T12:20:00Z,TAG-U1-CondenserTemp_C,MED,Condenser temp elevated; vacuum risk. Review CW pumps/CT fans.,EVT-2024-06-AUXDRIFT,TAG-U1-CondenserTemp_C
ALM-202406291705-02513,2024-06-29T17:05:00Z,TAG-U1-CondenserTemp_C,MED,Condenser temp elevated; vacuum risk. Review CW pumps/CT fans.,EVT-2024-06-AUXDRIFT,TAG-U1-CondenserTemp_C
ALM-202406291940-02514,2024-06-29T19:40:00Z,TAG-U1-CondenserTemp_C,MED,Condenser temp elevated; vacuum risk. Review CW pumps/CT fans.,EVT-2024-06-AUXDRIFT,TAG-U1-CondenserTemp_C
ALM-202406292135-02515,2024-06-29T21:35:00Z,TAG-U1-CondenserTemp_C,MED,Condenser temp elevated; vacuum risk. Review CW pumps/CT fans.,EVT-2024-06-AUXDRIFT,TAG-U1-CondenserTemp_C
ALM-202406292320-02516,2024-06-29T23:20:00Z,TAG-U1-CondenserTemp_C,MED,Condenser temp elevated; vacuum risk. Review CW pumps/CT fans.,EVT-2024-06-AUXDRIFT,TAG-U1-CondenserTemp_C
ALM-202406300100-02517,2024-06-30T01:00:00Z,TAG-U1-CondenserTemp_C,MED,Condenser temp elevated; vacuum risk. Review CW pumps/CT fans.,EVT-2024-06-AUXDRIFT,TAG-U1-CondenserTemp_C
ALM-202406300135-02518,2024-06-30T01:35:00Z,TAG-U1-CondenserTemp_C,MED,Condenser temp elevated; vacuum risk. Review CW pumps/CT fans.,EVT-2024-06-AUXDRIFT,TAG-U1-CondenserTemp_C
ALM-202406300230-02519,2024-06-30T02:30:00Z,TAG-U1-CondenserTemp_C,MED,Condenser temp elevated; vacuum risk. Review CW pumps/CT fans.,EVT-2024-06-AUXDRIFT,TAG-U1-CondenserTemp_C
ALM-202406300245-02520,2024-06-30T02:45:00Z,TAG-U1-CondenserTemp_C,MED,Condenser temp elevated; vacuum risk. Review CW pumps/CT fans.,EVT-2024-06-AUXDRIFT,TAG-U1-CondenserTemp_C
ALM-202406300530-02521,2024-06-30T05:30:00Z,TAG-U1-CondenserTemp_C,MED,Condenser temp elevated; vacuum risk. Review CW pumps/CT fans.,EVT-2024-06-AUXDRIFT,TAG-U1-CondenserTemp_C
ALM-202406300555-02522,2024-06-30T05:55:00Z,TAG-U1-CondenserTemp_C,MED,Condenser temp elevated; vacuum risk. Review CW pumps/CT fans.,EVT-2024-06-AUXDRIFT,TAG-U1-CondenserTemp_C
ALM-202406300700-02523,2024-06-30T07:00:00Z,TAG-U1-CondenserTemp_C,MED,Condenser temp elevated; vacuum risk. Review CW pumps/CT fans.,EVT-2024-06-AUXDRIFT,TAG-U1-CondenserTemp_C
ALM-202406300925-02524,2024-06-30T09:25:00Z,TAG-U1-CondenserTemp_C,MED,Condenser temp elevated; vacuum risk. Review CW pumps/CT fans.,EVT-2024-06-AUXDRIFT,TAG-U1-CondenserTemp_C
ALM-202406300945-02525,2024-06-30T09:45:00Z,TAG-U1-CondenserTemp_C,MED,Condenser temp elevated; vacuum risk. Review CW pumps/CT fans.,EVT-2024-06-AUXDRIFT,TAG-U1-CondenserTemp_C
ALM-202406301005-02526,2024-06-30T10:05:00Z,TAG-U1-CondenserTemp_C,MED,Condenser temp elevated; vacuum risk. Review CW pumps/CT fans.,EVT-2024-06-AUXDRIFT,TAG-U1-CondenserTemp_C
ALM-202406301420-02527,2024-06-30T14:20:00Z,TAG-U1-CondenserTemp_C,MED,Condenser temp elevated; vacuum risk. Review CW pumps/CT fans.,EVT-2024-06-AUXDRIFT,TAG-U1-CondenserTemp_C
ALM-202406301430-02528,2024-06-30T14:30:00Z,TAG-U1-CondenserTemp_C,MED,Condenser temp elevated; vacuum risk. Review CW pumps/CT fans.,EVT-2024-06-AUXDRIFT,TAG-U1-CondenserTemp_C
ALM-202406301500-02529,2024-06-30T15:00:00Z,TAG-U1-CondenserTemp_C,MED,Condenser temp elevated; vacuum risk. Review CW pumps/CT fans.,EVT-2024-06-AUXDRIFT,TAG-U1-CondenserTemp_C
ALM-202406301515-02530,2024-06-30T15:15:00Z,TAG-U1-CondenserTemp_C,MED,Condenser temp elevated; vacuum risk. Review CW pumps/CT fans.,EVT-2024-06-AUXDRIFT,TAG-U1-CondenserTemp_C
ALM-202406301645-02531,2024-06-30T16:45:00Z,TAG-U1-CondenserTemp_C,MED,Condenser temp elevated; vacuum risk. Review CW pumps/CT fans.,EVT-2024-06-AUXDRIFT,TAG-U1-CondenserTemp_C
ALM-202406302130-02532,2024-06-30T21:30:00Z,TAG-U1-CondenserTemp_C,MED,Condenser temp elevated; vacuum risk. Review CW pumps/CT fans.,EVT-2024-06-AUXDRIFT,TAG-U1-CondenserTemp_C
ALM-202407011705-02533,2024-07-01T17:05:00Z,TAG-U1-FurnaceDraftPressure_Pa,HIGH,Furnace draft oscillation; ID fan hunting suspected. Stabilize draft.,EVT-DRAFT-20240701-19,TAG-U1-FurnaceDraftPressure_Pa
ALM-202407012340-02534,2024-07-01T23:40:00Z,TAG-U1-CondenserTemp_C,MED,Condenser temp elevated; vacuum risk. Review CW pumps/CT fans.,EVT-2024-06-AUXDRIFT,TAG-U1-CondenserTemp_C
ALM-202407022215-02535,2024-07-02T22:15:00Z,TAG-U1-CondenserTemp_C,MED,Condenser temp elevated; vacuum risk. Review CW pumps/CT fans.,EVT-2024-06-AUXDRIFT,TAG-U1-CondenserTemp_C
ALM-202407031645-02536,2024-07-03T16:45:00Z,TAG-U1-CondenserTemp_C,MED,Condenser temp elevated; vacuum risk. Review CW pumps/CT fans.,EVT-2024-06-AUXDRIFT,TAG-U1-CondenserTemp_C
ALM-202407032000-02537,2024-07-03T20:00:00Z,TAG-U1-CondenserTemp_C,MED,Condenser temp elevated; vacuum risk. Review CW pumps/CT fans.,EVT-2024-06-AUXDRIFT,TAG-U1-CondenserTemp_C
ALM-202407111800-02538,2024-07-11T18:00:00Z,TAG-U1-CondenserTemp_C,MED,Condenser temp elevated; vacuum risk. Review CW pumps/CT fans.,EVT-2024-06-AUXDRIFT,TAG-U1-CondenserTemp_C
ALM-202407112055-02539,2024-07-11T20:55:00Z,TAG-U1-CondenserTemp_C,MED,Condenser temp elevated; vacuum risk. Review CW pumps/CT fans.,EVT-2024-06-AUXDRIFT,TAG-U1-CondenserTemp_C
ALM-202407121630-02540,2024-07-12T16:30:00Z,TAG-U1-CondenserTemp_C,MED,Condenser temp elevated; vacuum risk. Review CW pumps/CT fans.,EVT-2024-06-AUXDRIFT,TAG-U1-CondenserTemp_C
ALM-202407201345-02541,2024-07-20T13:45:00Z,TAG-U1-FurnaceDraftPressure_Pa,HIGH,Furnace draft oscillation; ID fan hunting suspected. Stabilize draft.,EVT-DRAFT-20240720-20,TAG-U1-FurnaceDraftPressure_Pa
ALM-202407201745-02542,2024-07-20T17:45:00Z,TAG-U1-CondenserTemp_C,MED,Condenser temp elevated; vacuum risk. Review CW pumps/CT fans.,EVT-2024-06-AUXDRIFT,TAG-U1-CondenserTemp_C
ALM-202407231310-02543,2024-07-23T13:10:00Z,TAG-U1-FurnaceDraftPressure_Pa,HIGH,Furnace draft oscillation; ID fan hunting suspected. Stabilize draft.,EVT-2024-06-AUXDRIFT,TAG-U1-FurnaceDraftPressure_Pa
ALM-202407241515-02544,2024-07-24T15:15:00Z,TAG-U1-DamperPosition_pct,MED,Damper near saturation (>95%). Check ID fan response/tuning.,EVT-DRAFT-20240724-21,TAG-U1-DamperPosition_pct
ALM-202407241755-02545,2024-07-24T17:55:00Z,TAG-U1-FurnaceDraftPressure_Pa,HIGH,Furnace draft oscillation; ID fan hunting suspected. Stabilize draft.,EVT-2024-06-AUXDRIFT,TAG-U1-FurnaceDraftPressure_Pa
ALM-202407241955-02546,2024-07-24T19:55:00Z,TAG-U1-CondenserTemp_C,MED,Condenser temp elevated; vacuum risk. Review CW pumps/CT fans.,EVT-2024-06-AUXDRIFT,TAG-U1-CondenserTemp_C
ALM-202407251945-02547,2024-07-25T19:45:00Z,TAG-U1-CondenserTemp_C,MED,Condenser temp elevated; vacuum risk. Review CW pumps/CT fans.,EVT-2024-06-AUXDRIFT,TAG-U1-CondenserTemp_C
ALM-202407291810-02548,2024-07-29T18:10:00Z,TAG-U1-CondenserTemp_C,MED,Condenser temp elevated; vacuum risk. Review CW pumps/CT fans.,EVT-2024-06-AUXDRIFT,TAG-U1-CondenserTemp_C
ALM-202407291925-02549,2024-07-29T19:25:00Z,TAG-U1-DamperPosition_pct,MED,Damper near saturation (>95%). Check ID fan response/tuning.,EVT-2024-06-AUXDRIFT,TAG-U1-DamperPosition_pct
ALM-202408012025-02550,2024-08-01T20:25:00Z,TAG-U1-CondenserTemp_C,MED,Condenser temp elevated; vacuum risk. Review CW pumps/CT fans.,EVT-2024-06-AUXDRIFT,TAG-U1-CondenserTemp_C
ALM-202408122200-02551,2024-08-12T22:00:00Z,TAG-U1-CondenserTemp_C,MED,Condenser temp elevated; vacuum risk. Review CW pumps/CT fans.,EVT-2024-06-AUXDRIFT,TAG-U1-CondenserTemp_C
ALM-202408161855-02552,2024-08-16T18:55:00Z,TAG-U1-CondenserTemp_C,MED,Condenser temp elevated; vacuum risk. Review CW pumps/CT fans.,EVT-2024-06-AUXDRIFT,TAG-U1-CondenserTemp_C
ALM-202408162150-02553,2024-08-16T21:50:00Z,TAG-U1-CondenserTemp_C,MED,Condenser temp elevated; vacuum risk. Review CW pumps/CT fans.,EVT-2024-06-AUXDRIFT,TAG-U1-CondenserTemp_C
ALM-202408191820-02554,2024-08-19T18:20:00Z,TAG-U1-CondenserTemp_C,MED,Condenser temp elevated; vacuum risk. Review CW pumps/CT fans.,EVT-2024-06-AUXDRIFT,TAG-U1-CondenserTemp_C
ALM-202408192055-02555,2024-08-19T20:55:00Z,TAG-U1-CondenserTemp_C,MED,Condenser temp elevated; vacuum risk. Review CW pumps/CT fans.,EVT-2024-06-AUXDRIFT,TAG-U1-CondenserTemp_C
ALM-202408201845-02556,2024-08-20T18:45:00Z,TAG-U1-CondenserTemp_C,MED,Condenser temp elevated; vacuum risk. Review CW pumps/CT fans.,EVT-2024-06-AUXDRIFT,TAG-U1-CondenserTemp_C
ALM-202408201900-02557,2024-08-20T19:00:00Z,TAG-U1-CondenserTemp_C,MED,Condenser temp elevated; vacuum risk. Review CW pumps/CT fans.,EVT-2024-06-AUXDRIFT,TAG-U1-CondenserTemp_C
ALM-202408201915-02558,2024-08-20T19:15:00Z,TAG-U1-CondenserTemp_C,MED,Condenser temp elevated; vacuum risk. Review CW pumps/CT fans.,EVT-2024-06-AUXDRIFT,TAG-U1-CondenserTemp_C
ALM-202408202035-02559,2024-08-20T20:35:00Z,TAG-U1-CondenserTemp_C,MED,Condenser temp elevated; vacuum risk. Review CW pumps/CT fans.,EVT-2024-06-AUXDRIFT,TAG-U1-CondenserTemp_C
ALM-202408221925-02560,2024-08-22T19:25:00Z,TAG-U1-CondenserTemp_C,MED,Condenser temp elevated; vacuum risk. Review CW pumps/CT fans.,EVT-2024-06-AUXDRIFT,TAG-U1-CondenserTemp_C
ALM-202408291705-02561,2024-08-29T17:05:00Z,TAG-U1-CondenserTemp_C,MED,Condenser temp elevated; vacuum risk. Review CW pumps/CT fans.,EVT-2024-06-AUXDRIFT,TAG-U1-CondenserTemp_C
ALM-202408292150-02562,2024-08-29T21:50:00Z,TAG-U1-CondenserTemp_C,MED,Condenser temp elevated; vacuum risk. Review CW pumps/CT fans.,EVT-2024-06-AUXDRIFT,TAG-U1-CondenserTemp_C
ALM-202408301345-02563,2024-08-30T13:45:00Z,TAG-U1-FurnaceDraftPressure_Pa,HIGH,Furnace draft oscillation; ID fan hunting suspected. Stabilize draft.,EVT-DRAFT-20240830-22,TAG-U1-FurnaceDraftPressure_Pa
ALM-202409020620-02564,2024-09-02T06:20:00Z,TAG-U1-DamperPosition_pct,MED,Damper near saturation (>95%). Check ID fan response/tuning.,EVT-DRAFT-20240902-23,TAG-U1-DamperPosition_pct
ALM-202409020645-02565,2024-09-02T06:45:00Z,TAG-U1-FurnaceDraftPressure_Pa,HIGH,Furnace draft oscillation; ID fan hunting suspected. Stabilize draft.,EVT-DRAFT-20240902-23,TAG-U1-FurnaceDraftPressure_Pa
ALM-202409020720-02566,2024-09-02T07:20:00Z,TAG-U1-FurnaceDraftPressure_Pa,HIGH,Furnace draft oscillation; ID fan hunting suspected. Stabilize draft.,EVT-DRAFT-20240902-23,TAG-U1-FurnaceDraftPressure_Pa
ALM-202409021910-02567,2024-09-02T19:10:00Z,TAG-U1-CondenserTemp_C,MED,Condenser temp elevated; vacuum risk. Review CW pumps/CT fans.,EVT-2024-06-AUXDRIFT,TAG-U1-CondenserTemp_C
ALM-202409031805-02568,2024-09-03T18:05:00Z,TAG-U1-CondenserTemp_C,MED,Condenser temp elevated; vacuum risk. Review CW pumps/CT fans.,EVT-2024-06-AUXDRIFT,TAG-U1-CondenserTemp_C
ALM-202409032305-02569,2024-09-03T23:05:00Z,TAG-U1-CondenserTemp_C,MED,Condenser temp elevated; vacuum risk. Review CW pumps/CT fans.,EVT-2024-06-AUXDRIFT,TAG-U1-CondenserTemp_C
ALM-202410031620-02570,2024-10-03T16:20:00Z,TAG-U1-CondenserTemp_C,MED,Condenser temp elevated; vacuum risk. Review CW pumps/CT fans.,,TAG-U1-CondenserTemp_C
ALM-202410032125-02571,2024-10-03T21:25:00Z,TAG-U1-CondenserTemp_C,MED,Condenser temp elevated; vacuum risk. Review CW pumps/CT fans.,,TAG-U1-CondenserTemp_C
ALM-202410092055-02572,2024-10-09T20:55:00Z,TAG-U1-CondenserTemp_C,MED,Condenser temp elevated; vacuum risk. Review CW pumps/CT fans.,,TAG-U1-CondenserTemp_C
ALM-202410101815-02573,2024-10-10T18:15:00Z,TAG-U1-CondenserTemp_C,MED,Condenser temp elevated; vacuum risk. Review CW pumps/CT fans.,,TAG-U1-CondenserTemp_C
ALM-202410111935-02574,2024-10-11T19:35:00Z,TAG-U1-CondenserTemp_C,MED,Condenser temp elevated; vacuum risk. Review CW pumps/CT fans.,,TAG-U1-CondenserTemp_C
ALM-202410141905-02575,2024-10-14T19:05:00Z,TAG-U1-CondenserTemp_C,MED,Condenser temp elevated; vacuum risk. Review CW pumps/CT fans.,,TAG-U1-CondenserTemp_C
ALM-202410142035-02576,2024-10-14T20:35:00Z,TAG-U1-CondenserTemp_C,MED,Condenser temp elevated; vacuum risk. Review CW pumps/CT fans.,,TAG-U1-CondenserTemp_C
ALM-202410150735-02577,2024-10-15T07:35:00Z,TAG-U1-DamperPosition_pct,MED,Damper near saturation (>95%). Check ID fan response/tuning.,,TAG-U1-DamperPosition_pct
ALM-202410170855-02578,2024-10-17T08:55:00Z,TAG-U1-DamperPosition_pct,MED,Damper near saturation (>95%). Check ID fan response/tuning.,,TAG-U1-DamperPosition_pct
ALM-202410282245-02579,2024-10-28T22:45:00Z,TAG-U1-CondenserTemp_C,MED,Condenser temp elevated; vacuum risk. Review CW pumps/CT fans.,,TAG-U1-CondenserTemp_C
ALM-202411011945-02580,2024-11-01T19:45:00Z,TAG-U1-CondenserTemp_C,MED,Condenser temp elevated; vacuum risk. Review CW pumps/CT fans.,,TAG-U1-CondenserTemp_C
ALM-202411051640-02581,2024-11-05T16:40:00Z,TAG-U1-CondenserTemp_C,MED,Condenser temp elevated; vacuum risk. Review CW pumps/CT fans.,,TAG-U1-CondenserTemp_C
ALM-202411051710-02582,2024-11-05T17:10:00Z,TAG-U1-CondenserTemp_C,MED,Condenser temp elevated; vacuum risk. Review CW pumps/CT fans.,,TAG-U1-CondenserTemp_C
ALM-202411051835-02583,2024-11-05T18:35:00Z,TAG-U1-CondenserTemp_C,MED,Condenser temp elevated; vacuum risk. Review CW pumps/CT fans.,,TAG-U1-CondenserTemp_C
ALM-202411101745-02584,2024-11-10T17:45:00Z,TAG-U1-CondenserTemp_C,MED,Condenser temp elevated; vacuum risk. Review CW pumps/CT fans.,,TAG-U1-CondenserTemp_C
ALM-202411122200-02585,2024-11-12T22:00:00Z,TAG-U1-DamperPosition_pct,MED,Damper near saturation (>95%). Check ID fan response/tuning.,,TAG-U1-DamperPosition_pct
ALM-202411131700-02586,2024-11-13T17:00:00Z,TAG-U1-CondenserTemp_C,MED,Condenser temp elevated; vacuum risk. Review CW pumps/CT fans.,,TAG-U1-CondenserTemp_C
ALM-202411211820-02587,2024-11-21T18:20:00Z,TAG-U1-DamperPosition_pct,MED,Damper near saturation (>95%). Check ID fan response/tuning.,,TAG-U1-DamperPosition_pct
ALM-202411281930-02588,2024-11-28T19:30:00Z,TAG-U1-CondenserTemp_C,MED,Condenser temp elevated; vacuum risk. Review CW pumps/CT fans.,,TAG-U1-CondenserTemp_C
ALM-202411301125-02589,2024-11-30T11:25:00Z,TAG-U1-FurnaceDraftPressure_Pa,HIGH,Furnace draft oscillation; ID fan hunting suspected. Stabilize draft.,EVT-DRAFT-20241130-25,TAG-U1-FurnaceDraftPressure_Pa
ALM-202411301425-02590,2024-11-30T14:25:00Z,TAG-U1-FurnaceDraftPressure_Pa,HIGH,Furnace draft oscillation; ID fan hunting suspected. Stabilize draft.,,TAG-U1-FurnaceDraftPressure_Pa
ALM-202412030505-02591,2024-12-03T05:05:00Z,TAG-U1-DamperPosition_pct,MED,Damper near saturation (>95%). Check ID fan response/tuning.,,TAG-U1-DamperPosition_pct
ALM-202412042255-02592,2024-12-04T22:55:00Z,TAG-U1-CondenserTemp_C,MED,Condenser temp elevated; vacuum risk. Review CW pumps/CT fans.,,TAG-U1-CondenserTemp_C
ALM-202412062020-02593,2024-12-06T20:20:00Z,TAG-U1-CondenserTemp_C,MED,Condenser temp elevated; vacuum risk. Review CW pumps/CT fans.,,TAG-U1-CondenserTemp_C
ALM-202412102005-02594,2024-12-10T20:05:00Z,TAG-U1-CondenserTemp_C,MED,Condenser temp elevated; vacuum risk. Review CW pumps/CT fans.,,TAG-U1-CondenserTemp_C
ALM-202412121600-02595,2024-12-12T16:00:00Z,TAG-U1-CondenserTemp_C,MED,Condenser temp elevated; vacuum risk. Review CW pumps/CT fans.,,TAG-U1-CondenserTemp_C
ALM-202412121930-02596,2024-12-12T19:30:00Z,TAG-U1-CondenserTemp_C,MED,Condenser temp elevated; vacuum risk. Review CW pumps/CT fans.,,TAG-U1-CondenserTemp_C
ALM-202412190550-02597,2024-12-19T05:50:00Z,TAG-U1-FurnaceDraftPressure_Pa,HIGH,Furnace draft oscillation; ID fan hunting suspected. Stabilize draft.,EVT-DRAFT-20241219-26,TAG-U1-FurnaceDraftPressure_Pa
ALM-202412191855-02598,2024-12-19T18:55:00Z,TAG-U1-CondenserTemp_C,MED,Condenser temp elevated; vacuum risk. Review CW pumps/CT fans.,,TAG-U1-CondenserTemp_C
ALM-202412241720-02599,2024-12-24T17:20:00Z,TAG-U1-CondenserTemp_C,MED,Condenser temp elevated; vacuum risk. Review CW pumps/CT fans.,,TAG-U1-CondenserTemp_C
ALM-202412262245-02600,2024-12-26T22:45:00Z,TAG-U1-CondenserTemp_C,MED,Condenser temp elevated; vacuum risk. Review CW pumps/CT fans.,,TAG-U1-CondenserTemp_C
