date,unit_id,net_station_heat_rate,ppa_reference_heat_rate,aux_load_mw,heat_rate_deviation_percent,fuel_cost_impact_usd,restart_count,dev_roll30_mean,dev_roll30_std,anomaly_z,anomaly_flag,dev_day_change,sudden_change_flag
2023-01-01,STS-U1,9675.754083333331,9310.799583333332,49.553875000000005,3.9265833333333338,12320.8,0,,,,False,,False
2023-01-02,STS-U1,9536.819875,9214.185958333332,51.06245833333333,3.5112916666666667,11945.4,0,,,,False,-0.4152916666666666,False
2023-01-03,STS-U1,9583.248875,9214.490958333334,45.141593592990276,4.00725,13497.68,0,,,,False,0.4959583333333333,False
2023-01-04,STS-U1,9589.96325,9211.296875,51.10195833333333,4.11325,13851.91,0,,,,False,0.1059999999999998,False
2023-01-05,STS-U1,9577.132333333331,9213.247958333332,51.121875,3.9572916666666664,13503.19,0,,,,False,-0.1559583333333334,False
2023-01-06,STS-U1,9603.624833333331,9217.575083333331,50.998999999999995,4.19025,14109.49,0,,,,False,0.2329583333333333,False
2023-01-07,STS-U1,9663.13725,9316.815958333334,49.53120833333333,3.7258333333333336,11834.77,0,,,,False,-0.4644166666666662,False
2023-01-08,STS-U1,9654.082416666666,9308.284083333334,49.750791666666665,3.7247083333333335,11961.88,0,,,,False,-0.001125,False
2023-01-09,STS-U1,9550.400208333333,9212.728333333334,51.12295833333334,3.668333333333333,12537.16,0,,,,False,-0.0563750000000005,False
2023-01-10,STS-U1,9578.118875,9211.945916666666,51.15425,3.984,13776.58,0,3.8808791666666664,0.2145892568851587,0.4805498412649822,False,0.315666666666667,False
2023-01-11,STS-U1,9576.759166666669,9211.135458333332,45.599281398895094,3.9728333333333334,13639.38,0,3.889238636363636,0.2054565217344835,0.4068729299220237,False,-0.0111666666666665,False
2023-01-12,STS-U1,9583.117875,9214.1075,51.124125,4.0099583333333335,13804.23,0,3.899298611111111,0.19897067654345,0.5561609587132146,False,0.037125,False
2023-01-13,STS-U1,9584.887291666668,9212.578125,51.169,4.045208333333333,13932.08,0,3.910522435897436,0.1947508265382252,0.6915806203752415,False,0.0352499999999995,False
2023-01-14,STS-U1,9667.885583333333,9313.924791666666,49.61258333333333,3.806875,12243.42,0,3.903119047619048,0.1891499327973137,-0.5088241174379875,False,-0.2383333333333332,False
2023-01-15,STS-U1,9672.693375,9306.482875,49.63608333333334,3.9406666666666665,12738.55,0,3.905622222222222,0.1825270816410742,0.1919958623639022,False,0.1337916666666667,False
2023-01-16,STS-U1,9579.251833333334,9213.3765,51.07325,3.9780416666666665,13866.19,0,3.9101484375,0.1772649029732042,0.383004351272678,False,0.0373749999999999,False
2023-01-17,STS-U1,9549.382875,9215.469208333334,51.023,3.6296666666666666,12657.25,0,3.8936495098039217,0.1846254760833821,-1.4298289095164358,False,-0.3483749999999999,False
2023-01-18,STS-U1,9564.661375,9215.049,51.16408333333334,3.799583333333333,13257.57,0,3.888423611111111,0.1804800670029125,-0.4922442641621152,False,0.1699166666666665,False
2023-01-19,STS-U1,9583.455791666664,9211.230291666669,51.1465,4.048875,14236.9,0,3.896868421052631,0.1792161318792576,0.8481746445112374,False,0.2492916666666667,False
2023-01-20,STS-U1,9607.437791666667,9211.549625,51.064166666666665,4.302791666666667,15087.22,0,3.917164583333333,0.1966384060477616,1.96109748387438,False,0.253916666666667,False
2023-01-21,STS-U1,9634.375083333334,9307.627625,49.617333333333335,3.5156666666666667,11481.21,0,3.898045634920635,0.2107357291797241,-1.814495196150908,False,-0.7871250000000001,False
2023-01-22,STS-U1,9680.897833333334,9308.268291666667,49.74604166666666,4.0115,13194.52,0,3.903202651515151,0.2070746078993807,0.5229870991110168,False,0.4958333333333331,False
2023-01-23,STS-U1,9548.798666666667,9212.380708333332,51.015791666666665,3.655208333333333,12831.41,0,3.892420289855072,0.2088175557963232,-1.135977076338886,False,-0.3562916666666669,False
2023-01-24,STS-U1,9582.362375,9212.81175,44.82965403049387,4.016791666666667,14178.45,0,3.897602430555555,0.2057994702309458,0.579152297998431,False,0.3615833333333342,False
2023-01-25,STS-U1,9582.507625,9211.971708333333,51.185875,4.0285,14268.22,0,3.9028383333333334,0.20316019044174,0.6185348930488556,False,0.0117083333333329,False
2023-01-26,STS-U1,9575.137708333334,9216.622625,51.01020833333333,3.897375,13804.76,0,3.902628205128205,0.1990584046493352,-0.0263902704206785,False,-0.1311249999999999,False
2023-01-27,STS-U1,9603.641375,9216.538,50.97258333333334,4.206625,14908.57,0,3.913887345679013,0.2037718860534541,1.4365949100760422,False,0.3092499999999996,False
2023-01-28,STS-U1,9676.190708333334,9310.016,49.771833333333326,3.942875,13134.65,0,3.914922619047619,0.2000377551536695,0.1397355260806045,False,-0.2637499999999995,False
2023-01-29,STS-U1,9676.424958333331,9309.213625,49.688291666666665,3.947125,13000.58,0,3.916033045977011,0.1965241741850121,0.1582093101366629,False,0.0042499999999994,False
2023-01-30,STS-U1,9568.145416666666,9212.203166666666,51.245375,3.8708333333333336,13843.39,0,3.9145263888888886,0.1932823504305217,-0.2260581758149778,False,-0.0762916666666662,False
2023-01-31,STS-U1,9589.299666666668,9213.633833333331,44.778267081425504,4.083541666666666,14588.48,0,3.9197583333333337,0.1957288359619284,0.8367869380533705,False,0.2127083333333326,False
2023-02-01,STS-U1,9570.786166666669,9215.314583333333,48.31326714743646,3.8589583333333337,13660.91,0,3.931347222222222,0.1804024324550421,-0.4012633749100295,False,-0.2245833333333329,False
2023-02-02,STS-U1,9587.305666666667,9218.453375,50.968333333333334,4.009291666666667,14358.29,0,3.9314152777777776,0.1804324362262636,0.4316096956715243,False,0.1503333333333336,False
2023-02-03,STS-U1,9587.878375,9211.71875,46.56486859190442,4.088833333333333,14649.64,0,3.930601388888889,0.1796372554468042,0.8808414716138926,False,0.0795416666666657,False
2023-02-04,STS-U1,9646.299208333332,9312.738791666668,49.610083333333336,3.5876249999999996,11969.13,0,3.918279166666667,0.1901163056351108,-1.739220450145343,False,-0.501208333333333,False
2023-02-05,STS-U1,9667.965666666669,9309.962,49.64454166666667,3.8556666666666666,12995.13,0,3.907126388888889,0.1833032853129734,-0.2807354059931858,False,0.2680416666666669,False
2023-02-06,STS-U1,9569.678458333334,9212.43525,51.065416666666664,3.8825,13975.41,0,3.912348611111111,0.1801650466194472,-0.1656737068103921,False,0.0268333333333337,False
2023-02-07,STS-U1,9572.935458333332,9214.953416666664,51.150083333333335,3.89475,14139.79,0,3.9180166666666665,0.1766997168716711,-0.1316734801763368,False,0.0122499999999998,False
2023-02-08,STS-U1,9590.244,9212.502625,51.221833333333336,4.10225,14703.99,0,3.9324805555555553,0.1732831985454681,0.9797224766710332,False,0.2074999999999995,False
2023-02-09,STS-U1,9570.76075,9216.250791666667,45.806076691514185,3.859166666666667,14139.31,0,3.928319444444445,0.1735020786742291,-0.3985703128526789,False,-0.2430833333333328,False
2023-02-10,STS-U1,9579.254833333334,9214.97,50.955041666666666,3.954875,14196.17,0,3.927720833333333,0.1733741349075257,0.1566217860648621,False,0.095708333333333,False
2023-02-11,STS-U1,9690.514708333334,9310.186416666667,49.666041666666665,4.0889999999999995,13725.12,0,3.9303555555555554,0.1752573319192185,0.9052086021574732,False,0.1341249999999996,False
2023-02-12,STS-U1,9675.127791666666,9313.984791666668,49.72608333333333,3.8834583333333335,13055.5,0,3.9249638888888887,0.1740862772778552,-0.2384194561717759,False,-0.205541666666666,False
2023-02-13,STS-U1,9592.448666666667,9210.924,51.0925,4.148791666666667,15091.38,0,3.936361111111111,0.1772521985031547,1.198464997046425,False,0.2653333333333334,False
2023-02-14,STS-U1,10573.644944444444,9839.369375,62.498533134624125,14.342277777777776,39054.55,15,4.283081481481481,1.9081292932523288,5.2717582251204815,True,10.19348611111111,True
2023-02-15,STS-U1,10694.28125,9211.500958333332,68.55701828317177,16.105,58214.07,24,4.687313425925925,2.878878905454464,3.9660183526446944,True,1.762722222222223,True
2023-02-16,STS-U1,10000.002583333331,9213.614791666669,66.28897531179324,8.524041666666667,30246.879999999997,9,4.850459259259259,2.9545624499778547,1.243359201100976,False,-7.580958333333333,True
2023-02-17,STS-U1,9575.16525,9209.874583333332,64.92836518373151,3.969416666666667,14424.05,0,4.856120370370371,2.9526415598441993,-0.3003086171253689,False,-4.554625,True
2023-02-18,STS-U1,9649.811333333331,9310.304083333334,49.609125,3.654,12407.16,0,4.84295787037037,2.9572408155957897,-0.4020497296331387,False,-0.3154166666666671,False
2023-02-19,STS-U1,9707.121083333332,9310.6505,49.658875,4.264333333333333,14452.53,0,4.8416759259259265,2.957491373626238,-0.1952136184541774,False,0.6103333333333332,False
2023-02-20,STS-U1,9603.478791666666,9209.07725,51.21929166666666,4.2915833333333335,15781.19,0,4.8675398148148155,2.9488754993507627,-0.1953139363151435,False,0.0272500000000004,False
2023-02-21,STS-U1,9612.895041666668,9213.707666666667,50.952041666666666,4.338916666666667,15821.17,0,4.878453703703703,2.946202696216188,-0.1831296392912693,False,0.0473333333333334,False
2023-02-22,STS-U1,9596.840375,9212.128583333331,51.134166666666665,4.181166666666667,15258.84,0,4.895985648148149,2.9402313912705025,-0.2431165736151813,False,-0.15775,False
2023-02-23,STS-U1,9589.721083333334,9213.964375,44.13329048185043,4.0847500000000005,14924.21,0,4.898250925925925,2.939556767359914,-0.2767427167792202,False,-0.0964166666666663,False
2023-02-24,STS-U1,9563.650791666669,9214.032958333331,51.113458333333334,3.8034166666666662,13976.8,0,4.890748148148148,2.9421393359915773,-0.3695717154452927,False,-0.2813333333333339,False
2023-02-25,STS-U1,9656.087333333331,9310.771458333336,49.68983333333333,3.7117916666666666,12563.85,0,4.884562037037037,2.9444941748961586,-0.3982926440707698,False,-0.091625,False
2023-02-26,STS-U1,9635.533708333334,9306.888166666666,49.830083333333334,3.5388333333333333,12102.16,0,4.862302314814815,2.9523097602567345,-0.448282561436369,False,-0.1729583333333333,False
2023-02-27,STS-U1,9571.268375,9211.884041666666,51.072541666666666,3.90725,14315.11,0,4.861114814814815,2.9526994704835783,-0.3230483915989581,False,0.3684166666666666,False
2023-02-28,STS-U1,9593.042625,9210.208791666666,44.162582131421544,4.160708333333333,15193.37,0,4.86823425925926,2.950676497475454,-0.2397843093037387,False,0.2534583333333331,False
2023-03-01,STS-U1,9577.603541666667,9210.176958333332,43.96939749119506,3.9935,14605.72,0,4.872323148148149,2.949331378563388,-0.2979736880486524,False,-0.1672083333333334,False
2023-03-02,STS-U1,9576.537041666666,9211.852666666668,51.075875,3.96325,14482.42,0,4.868313425925927,2.950522263902623,-0.3067468552936149,False,-0.0302499999999996,False
2023-03-03,STS-U1,9637.836083333334,9217.904416666666,51.287958333333336,4.5557083333333335,16453.73,0,4.891538425925926,2.945040304659443,-0.1140324266738438,False,0.5924583333333335,False
2023-03-04,STS-U1,9674.73925,9306.5135,45.681938665316174,3.959291666666666,13419.54,0,4.889871759259259,2.9455709055472186,-0.3159252051410769,False,-0.5964166666666668,False
2023-03-05,STS-U1,9722.593125,9315.543875,49.703375,4.369666666666666,14693.23,0,4.89923287037037,2.9433828338711523,-0.1799175416835653,False,0.4103749999999997,False
2023-03-06,STS-U1,9560.423166666666,9214.136208333332,45.81802220782402,3.7667083333333338,13861.93,0,4.905202314814814,2.9408115246883697,-0.3871359901590852,False,-0.602958333333333,False
2023-03-07,STS-U1,9567.490958333334,9210.057416666668,51.242875,3.8842083333333335,14177.1,0,4.906153703703704,2.940464875091277,-0.3475455119451639,False,0.1175000000000001,False
2023-03-08,STS-U1,9586.655916666668,9212.753833333334,51.191916666666664,4.067208333333333,14962.04,0,4.912310648148148,2.938440249861246,-0.2876023478288255,False,0.1829999999999998,False
2023-03-09,STS-U1,9807.431047619048,9606.276583333334,48.046538995763655,5.222809523809524,15666.04,1,4.9565792989418,2.932579718962109,0.0907836275161676,False,1.1556011904761905,False
2023-03-10,STS-U1,10681.714541666666,9208.573833333334,60.489688999521455,16.002916666666668,58193.1,24,5.353268187830689,3.552422771552492,2.997855031252891,True,10.780107142857144,True
2023-03-11,STS-U1,10728.756541666668,9305.85075,49.72725,15.295375,51697.99,23,5.734475132275132,3.9750302768821113,2.4052395080683855,False,-0.7075416666666676,False
2023-03-12,STS-U1,9652.168291666669,9308.877708333332,58.56202064867669,3.6985833333333336,12671.35,0,5.725932076719577,3.979260001532137,-0.5094788334026055,False,-11.596791666666666,True
2023-03-13,STS-U1,9601.412875,9216.933458333331,47.63263530723596,4.175708333333334,15154.25,0,5.728822354497354,3.978061350117272,-0.390419826259903,False,0.477125,False
2023-03-14,STS-U1,9617.203208333334,9211.54175,44.05218661990469,4.410125,16103.4,0,5.74637791005291,3.970792240372341,-0.3365204798344247,False,0.2344166666666662,False
2023-03-15,STS-U1,9609.358458333334,9218.043958333334,51.418625,4.2519583333333335,15496.42,0,5.749816798941799,3.969405378718392,-0.3773508429345861,False,-0.1581666666666663,False
2023-03-16,STS-U1,9608.250875,9213.212166666666,51.218583333333335,4.294291666666667,15662.32,0,5.414883928571428,3.628678678801105,-0.3088155114012461,False,0.0423333333333335,False
2023-03-17,STS-U1,9589.698166666669,9214.580791666667,51.03145833333334,4.0765416666666665,14815.04,0,5.0139353174603185,3.0202862640782517,-0.3103658292071633,False,-0.2177500000000005,False
2023-03-18,STS-U1,9674.364208333334,9310.543291666669,49.605250000000005,3.913874999999999,13235.12,0,4.860263095238095,2.952045322257702,-0.3205872511856645,False,-0.1626666666666669,False
2023-03-19,STS-U1,9664.600416666666,9311.137,44.41712001230212,3.795666666666667,12661.55,0,4.854471428571429,2.954023135398331,-0.3584280533273444,False,-0.1182083333333325,False
2023-03-20,STS-U1,9605.165125,9213.25375,44.58136511750101,4.26,15453.02,0,4.874671428571429,2.947596047267604,-0.2085331296129347,False,0.4643333333333328,False
2023-03-21,STS-U1,9571.289,9212.614958333334,51.17275,3.8990416666666663,14157.13,0,4.86249503968254,2.9509568535072725,-0.3264884648756518,False,-0.360958333333333,False
2023-03-22,STS-U1,9572.090583333333,9212.815625,51.18675,3.90275,14084.03,0,4.849533928571429,2.95440276267703,-0.3204654221598186,False,0.0037083333333329,False
2023-03-23,STS-U1,9573.6235,9210.678541666666,50.968583333333335,3.942958333333334,14207.95,0,4.836335317460317,2.957645254316023,-0.3020568416118529,False,0.0402083333333336,False
2023-03-24,STS-U1,9575.883291666669,9208.768291666664,47.50719508575342,3.993375,14501.73,0,4.830075595238095,2.959277979700837,-0.282738087120386,False,0.0504166666666665,False
2023-03-25,STS-U1,9686.19525,9312.887875,44.24648830738522,4.012208333333334,13387.01,0,4.827657539682539,2.9599375568816932,-0.2754954084937807,False,0.0188333333333337,False
2023-03-26,STS-U1,9698.78925,9308.68475,43.795020924667384,4.19425,14026.71,0,4.840685317460317,2.956131698422204,-0.2186760886889252,False,0.1820416666666666,False
2023-03-27,STS-U1,9609.1125,9210.710458333331,44.20676450806699,4.3289583333333335,15546.82,0,4.86125753968254,2.9501460576101373,-0.1804314755793524,False,0.1347083333333332,False
2023-03-28,STS-U1,9570.436833333331,9214.804791666667,51.121541666666666,3.8663333333333334,13920.96,0,4.8721742063492055,2.9456864094530424,-0.341462305623577,False,-0.462625,False
2023-03-29,STS-U1,9544.621166666666,9213.059375,45.5153428468525,3.605625,13003.64,0,4.862120039682539,2.9496055834656403,-0.4259874766734811,False,-0.2607083333333335,False
2023-03-30,STS-U1,9626.961875,9211.427416666667,51.18241666666666,4.517833333333333,16219.52,0,4.874024206349206,2.947397001921754,-0.1208493028878125,False,0.9122083333333332,False
2023-03-31,STS-U1,9598.895833333334,9216.372875,51.279583333333335,4.151916666666667,14702.25,0,4.879304761904762,2.9459065896542005,-0.2469148539171699,False,-0.3659166666666662,False
2023-04-01,STS-U1,9594.888041666669,9133.200208333334,49.49861416048396,5.062833333333333,19515.84,0,4.915957539682539,2.9409523852693953,0.0499415748403351,False,0.9109166666666662,False
2023-04-02,STS-U1,9607.938958333334,9133.947333333334,54.4365,5.191625,19773.9,0,4.937154761904762,2.940558007280926,0.0865380779651892,False,0.1287916666666673,False
2023-04-03,STS-U1,9613.816833333332,9090.261458333332,50.39503362601078,5.762875,22849.37,0,4.997274206349206,2.9383124859165353,0.2605579894311287,False,0.57125,False
2023-04-04,STS-U1,9524.391916666666,9074.058166666668,47.98612686632288,4.96525,20120.06,0,5.0171269841269845,2.9359368946066193,-0.0176696523083597,False,-0.797625,False
2023-04-05,STS-U1,9529.074041666669,9075.665083333331,55.62525,5.000625,20316.02,0,5.058257539682541,2.9264431268119173,-0.0196937159497528,False,0.0353750000000001,False
2023-04-06,STS-U1,9540.103666666666,9076.701166666668,55.75745833333334,5.11,20682.53,0,5.099117261904762,2.918030819811626,0.0037294801759291,False,0.109375,False
2023-04-07,STS-U1,9542.219833333334,9076.067291666666,55.721875,5.139125,20744.04,0,5.134847817460317,2.911515048786383,0.0014690573354466,False,0.0291249999999996,False
2023-04-08,STS-U1,9563.613625,9136.49175,54.21554166666667,4.67725,17625.45,0,5.1166625,2.9126502555742424,-0.1508634616047879,False,-0.461875,False
2023-04-09,STS-U1,9561.051916666664,9134.7955,54.34504166666667,4.671958333333333,17678.5,0,4.738963888888889,2.063057311263116,-0.0324787659507776,False,-0.0052916666666664,False
2023-04-10,STS-U1,9527.597666666668,9077.7865,55.594208333333334,4.959416666666667,19911.54,0,4.394431944444444,0.5407426143832004,1.0448311399808463,False,0.2874583333333333,False
2023-04-11,STS-U1,9573.448875,9075.909333333331,55.75333333333333,5.484291666666667,21944.67,0,4.453955555555556,0.5594631599049839,1.8416513989698575,False,0.5248749999999998,False
2023-04-12,STS-U1,9574.197541666666,9076.470458333331,55.685875,5.486166666666667,21880.08,0,4.4976375,0.5874482129647435,1.6827511682736107,False,0.001875,False
2023-04-13,STS-U1,9542.809958333331,9076.893458333334,55.556875,5.135041666666667,20451.46,0,4.521801388888889,0.5985291025906009,1.0245788803309697,False,-0.3511249999999997,False
2023-04-14,STS-U1,9586.689666666667,9078.793583333334,48.35043658978587,5.59625,22169.55,0,4.566611111111111,0.6272617756321698,1.6414819599858348,False,0.4612083333333334,False
2023-04-15,STS-U1,9611.963875,9132.384875,54.29333333333333,5.2589999999999995,19800.58,0,4.5987680555555555,0.6374649453854137,1.035714903578369,False,-0.3372500000000009,False
2023-04-16,STS-U1,9571.651583333334,9133.081,54.355124999999994,4.8081249999999995,18019.05,0,4.623154166666667,0.6307563767562939,0.2932524190790706,False,-0.4508749999999999,False
2023-04-17,STS-U1,9533.523,9075.132875,55.663875,5.054708333333333,20065.22,0,4.661181944444445,0.620831847514552,0.633869525966391,False,0.2465833333333336,False
2023-04-18,STS-U1,9559.011875,9078.209166666666,52.59689016632325,5.2977083333333335,20801.66,0,4.711250000000001,0.6090800905897973,0.9628591418337794,False,0.2430000000000003,False
2023-04-19,STS-U1,9538.35525,9075.677625,55.680708333333335,5.101291666666667,20144.97,0,4.739293055555556,0.6069508784340121,0.5964215951793329,False,-0.1964166666666669,False
2023-04-20,STS-U1,9541.649958333332,9074.424416666669,55.67904166666667,5.152291666666667,20313.4,0,4.781068055555555,0.5900170258683878,0.6291744048652566,False,0.0510000000000001,False
2023-04-21,STS-U1,9547.34075,9077.033583333334,55.64962499999999,5.18375,20321.65,0,4.823768055555556,0.5702840815161072,0.6312326717719833,False,0.0314583333333331,False
2023-04-22,STS-U1,9598.287041666666,9134.106208333333,54.11908333333333,5.087958333333333,18819.31,0,4.861934722222222,0.5471482172661172,0.4130939368503494,False,-0.0957916666666669,False
2023-04-23,STS-U1,9560.990708333333,9133.757958333334,47.535344320422034,4.681416666666666,17194.5,0,4.884869444444445,0.523389968375257,-0.3887212022984518,False,-0.4065416666666666,False
2023-04-24,STS-U1,9518.24625,9074.1115,55.567708333333336,4.896958333333333,19104.5,0,4.914361111111111,0.4967720175494813,-0.0350317191045175,False,0.2155416666666667,False
2023-04-25,STS-U1,9556.64025,9076.277833333334,55.75320833333333,5.297166666666667,20684.02,0,4.951125,0.4822405774062672,0.7175706128419403,False,0.4002083333333335,False
2023-04-26,STS-U1,9541.784375,9076.949208333332,50.980821894517426,5.124916666666667,19922.52,0,4.977656944444444,0.4685309808484074,0.3143009283090891,False,-0.17225,False
2023-04-27,STS-U1,9521.101416666666,9076.961583333334,55.599250000000005,4.895958333333334,18947.51,0,5.011977777777777,0.419458354632206,-0.2765934762371654,False,-0.2289583333333329,False
2023-04-28,STS-U1,9568.033958333332,9075.334166666666,55.655458333333335,5.431916666666666,20994.78,0,5.072854166666667,0.3316498215539066,1.082655489810469,False,0.5359583333333324,False
2023-04-29,STS-U1,9570.232291666667,9133.829375,54.36708333333333,4.784375,17455.44,0,5.081738888888889,0.3196204902295679,-0.9303655365627758,False,-0.6475416666666662,False
2023-04-30,STS-U1,9589.626375,9134.156583333332,54.312958333333334,4.991583333333334,18080.74,0,5.109727777777778,0.26798210167236,-0.4408669224815975,False,0.2072083333333338,False
2023-05-01,STS-U1,9543.71725,9075.660833333332,55.62383333333333,5.16125,19850.41,0,5.113008333333334,0.2679906320291225,0.1800125112635408,False,0.1696666666666662,False
2023-05-02,STS-U1,9541.951208333334,9076.800833333333,55.51166666666666,5.126541666666667,19581.15,0,5.110838888888889,0.2675954076047293,0.0586810435886597,False,-0.0347083333333326,False
2023-05-03,STS-U1,9559.531875,9076.217083333331,55.76745833333334,5.3254166666666665,20242.4,0,5.096256944444444,0.2414842967960082,0.9489632463174332,False,0.1988749999999992,False
2023-05-04,STS-U1,9510.511208333332,9076.87025,55.66670833333333,4.78275,18338.52,0,5.090173611111111,0.2471310470986168,-1.243970009921233,False,-0.5426666666666664,False
2023-05-05,STS-U1,9584.818083333334,9074.975458333332,50.95045354967198,5.619833333333333,21338.65,0,5.110813888888889,0.2646323874639988,1.923496399372856,False,0.8370833333333332,False
2023-05-06,STS-U1,9601.356041666668,9130.959083333331,54.36708333333333,5.15775,18536.56,0,5.112405555555555,0.2647708865376305,0.1712591782178449,False,-0.4620833333333332,False
2023-05-07,STS-U1,9587.755416666669,9133.212541666666,49.631412571843725,4.9825,17822.2,0,5.107184722222223,0.2657681683549564,-0.4691484423962145,False,-0.1752500000000001,False
2023-05-08,STS-U1,9546.2745,9078.277041666666,55.60583333333333,5.156875,19370.47,0,5.123172222222222,0.2531393315164691,0.13313923828382,False,0.1743750000000004,False
2023-05-09,STS-U1,9546.204083333332,9076.265666666666,55.65895833333334,5.180416666666667,19508.85,0,5.1401208333333335,0.238484540378963,0.168966228457834,False,0.0235416666666665,False
2023-05-10,STS-U1,9570.44675,9077.211083333334,55.642291666666665,5.437333333333334,20481.52,0,5.156051388888889,0.2419346734490098,1.1626359315698842,False,0.2569166666666671,False
2023-05-11,STS-U1,9582.044,9075.116458333332,55.70554166666667,5.5882499999999995,20946.61,0,5.159516666666666,0.2474792164925981,1.73240136852525,False,0.1509166666666654,False
2023-05-12,STS-U1,10336.413777777778,10703.004125,64.69488813643208,12.425444444444445,18240.7,5,5.390825925925926,1.350070495759499,5.210556441766478,True,6.837194444444445,True
2023-05-13,STS-U1,10701.573541666668,9142.004541666667,71.86843392268509,17.065583333333333,59101.74,24,5.788510648148148,2.5212747237633386,4.472766326849401,True,4.640138888888888,True
2023-05-14,STS-U1,10463.515375,9135.926666666666,68.91970673547418,14.511,49724.43,19,6.085668981481481,2.9812270375445236,2.8261286082585686,True,-2.5545833333333317,True
2023-05-15,STS-U1,9515.525541666668,9076.455583333334,71.78562063210713,4.8406666666666665,18009.12,0,6.071724537037037,2.986201257538627,-0.4122487951080257,False,-9.670333333333335,True
2023-05-16,STS-U1,9578.496666666668,9079.147583333332,55.663,5.4995416666666666,20230.06,0,6.09477175925926,2.978771528660612,-0.199824017003491,False,0.6588750000000001,False
2023-05-17,STS-U1,9555.293833333331,9076.298333333334,55.616625,5.2781666666666665,19436.46,0,6.102220370370371,2.9763595112838668,-0.2768663196027165,False,-0.2213750000000001,False
2023-05-18,STS-U1,9520.447333333334,9077.02225,55.69025,4.887208333333334,17984.39,0,6.088537037037037,2.9811254522293646,-0.4029782452815992,False,-0.3909583333333328,False
2023-05-19,STS-U1,9571.570833333331,9078.362791666666,55.64208333333334,5.4338750000000005,19899.4,0,6.099623148148148,2.977944221482648,-0.2235596433759553,False,0.5466666666666669,False
2023-05-20,STS-U1,9553.4165,9132.415583333332,54.33474999999999,4.613083333333333,15958.61,0,6.081649537037038,2.9854767652866547,-0.4919034107983413,False,-0.8207916666666675,False
2023-05-21,STS-U1,9570.753208333334,9134.678166666668,54.18933333333334,4.779125,16507.07,0,6.0681620370370375,2.9905827086280774,-0.4310320638576755,False,0.1660416666666666,False
2023-05-22,STS-U1,9516.537875,9074.157166666666,55.62533333333334,4.877916666666667,17922.7,0,6.061160648148148,2.993201361561499,-0.3953105182553452,False,0.098791666666667,False
2023-05-23,STS-U1,9546.902208333331,9077.924416666669,55.58683333333334,5.169333333333333,18881.65,0,6.077424537037037,2.986764507169384,-0.3040384340727014,False,0.2914166666666666,False
2023-05-24,STS-U1,9571.596708333333,9082.479833333333,49.72746873314977,5.392166666666667,19632.61,0,6.093931481481481,2.9813790371507007,-0.2353826219578874,False,0.2228333333333338,False
2023-05-25,STS-U1,9521.220916666667,9078.805583333333,55.67675,4.8775,17773.77,0,6.079942592592592,2.9862270546762395,-0.4026628151766436,False,-0.5146666666666668,False
2023-05-26,STS-U1,9535.419291666669,9078.825958333333,55.499583333333334,5.032,18255.87,0,6.07684537037037,2.987299726456606,-0.3497624831940505,False,0.1544999999999996,False
2023-05-27,STS-U1,9586.328291666669,9136.144458333334,54.15983333333333,4.932541666666666,16826.14,0,6.078064814814814,2.986808481072946,-0.383527486079939,False,-0.0994583333333336,False
2023-05-28,STS-U1,9584.921,9133.85825,54.190041666666666,4.941541666666667,16803.29,0,6.061718981481481,2.9918042303217907,-0.3744153121590883,False,0.0090000000000003,False
2023-05-29,STS-U1,9550.230208333332,9075.7175,55.67154166666666,5.229583333333333,18839.7,0,6.076559259259259,2.9863489362322304,-0.2836158613783843,False,0.2880416666666665,False
2023-05-30,STS-U1,9578.977708333334,9077.799875,55.643708333333336,5.519875,19713.3,0,6.094168981481482,2.9812838048935237,-0.1926331134723997,False,0.2902916666666666,False
2023-05-31,STS-U1,9543.457041666668,9074.999666666668,55.61995833333333,5.164083333333333,18575.36,0,6.094263425925926,2.9812532764593107,-0.3120097510458161,False,-0.3557916666666667,False
2023-06-01,STS-U1,9539.494125,9075.294458333334,55.65479166666666,5.116583333333334,18366.48,0,6.093931481481481,2.9813652942099997,-0.3278189861692625,False,-0.0474999999999994,False
2023-06-02,STS-U1,9539.209875,9077.582666666667,55.673375,5.088791666666666,18262.88,0,6.086043981481482,2.98378061592501,-0.3342244096272657,False,-0.0277916666666673,False
2023-06-03,STS-U1,9598.803458333334,9133.550625,54.270125,5.102166666666666,17321.92,0,6.0966912037037035,2.9795364984561346,-0.3337849821783879,False,0.0133749999999999,False
2023-06-04,STS-U1,9572.011708333332,9131.404416666666,54.307375,4.831708333333333,16369.97,0,6.07042037037037,2.9873502164535695,-0.4146524335226999,False,-0.270458333333333,False
2023-06-05,STS-U1,9545.822291666664,9076.010833333334,55.80979166666666,5.181208333333333,18586.99,0,6.071202314814815,2.9871061457616097,-0.2979452145496368,False,0.3494999999999999,False
2023-06-06,STS-U1,9547.288,9076.467416666666,55.72695833333333,5.19125,18560.7,0,6.078160648148148,2.9847247978570306,-0.2971498909329701,False,0.0100416666666669,False
2023-06-07,STS-U1,9531.621333333334,9074.343875,55.582875,5.042333333333333,17987.93,0,6.0743425925925925,2.9860169243551367,-0.3456140019977058,False,-0.1489166666666674,False
2023-06-08,STS-U1,9542.71525,9078.162625,47.496794644735814,5.121958333333334,18253.31,0,6.072393981481481,2.986639406603373,-0.3182291260360262,False,0.0796250000000009,False
2023-06-09,STS-U1,9569.518916666666,9077.38675,55.5795,5.425249999999999,19290.58,0,6.071991203703703,2.986728817482613,-0.2165383077024096,False,0.3032916666666656,False
2023-06-10,STS-U1,9581.409666666666,9134.801208333332,54.291291666666666,4.892708333333333,16284.58,0,6.048806481481481,2.993305740585863,-0.3862278859365269,False,-0.532541666666666,False
2023-06-11,STS-U1,9610.558333333332,9133.907708333334,54.186791666666664,5.22325,17410.63,0,5.8087333333333335,2.7425603236798635,-0.2134805671467433,False,0.3305416666666669,False
2023-06-12,STS-U1,9533.627708333332,9077.674083333332,55.641,5.0255833333333335,17740.56,0,5.4074,1.733961732548482,-0.220199015641189,False,-0.1976666666666666,False
2023-06-13,STS-U1,9549.390916666664,9075.200083333331,55.744499999999995,5.2279583333333335,18481.12,0,5.097965277777778,0.2256214666791587,0.5761555292981495,False,0.2023749999999999,False
2023-06-14,STS-U1,9558.478,9078.298583333331,55.579375,5.29325,18671.37,0,5.1130513888888895,0.2229390024483417,0.8082866126256428,False,0.065291666666666,False
2023-06-15,STS-U1,9520.690791666666,9077.481,52.62922893677884,4.888583333333334,17363.4,0,5.09268611111111,0.2141479509950806,-0.95309236828731,False,-0.4046666666666656,False
2023-06-16,STS-U1,9522.211625,9077.181166666667,55.66345833333333,4.90625,17283.39,0,5.080288888888888,0.2138050720357837,-0.8140072975432501,False,0.017666666666666,False
2023-06-17,STS-U1,9558.224208333331,9133.79575,54.247125,4.652375,15441.43,0,5.072461111111111,0.2251174121423808,-1.8660756052286955,False,-0.2538749999999998,False
2023-06-18,STS-U1,9573.072625,9135.715541666666,50.72264118495498,4.792958333333334,15859.69,0,5.051097222222222,0.2199895733807266,-1.1734141983272015,False,0.1405833333333337,False
2023-06-19,STS-U1,9566.498958333334,9076.4685,55.60825,5.402875000000001,18994.15,0,5.077423611111111,0.2129081099353967,1.5286002444324112,False,0.6099166666666669,False
2023-06-20,STS-U1,9542.177875,9077.395208333332,55.56716666666667,5.125708333333333,18058.96,0,5.088976388888889,0.2054357343751456,0.1788001710421418,False,-0.2771666666666679,False
2023-06-21,STS-U1,9519.01775,9077.589041666666,55.64029166666666,4.864375,16994.8,0,5.088525,0.2059297547439192,-1.08847796317117,False,-0.261333333333333,False
2023-06-22,STS-U1,9569.213666666668,9077.2925,55.608666666666664,5.4223333333333334,18949.34,0,5.096958333333333,0.2143610582969261,1.5178829708393262,False,0.5579583333333336,False
2023-06-23,STS-U1,9533.086125,9077.142291666669,55.73266666666667,5.026708333333334,17611.3,0,5.084776388888889,0.2072732949703656,-0.280152132303669,False,-0.3956249999999999,False
2023-06-24,STS-U1,9583.127208333332,9132.572916666666,54.29829166666667,4.936208333333333,16255.84,0,5.086733333333333,0.2055185554356451,-0.7324156190224611,False,-0.0905000000000004,False
2023-06-25,STS-U1,9581.583,9134.195958333334,51.02592230445269,4.901375,16113.59,0,5.082379166666667,0.2080858272162429,-0.8698534113934017,False,-0.0348333333333332,False
2023-06-26,STS-U1,9543.186708333333,9077.735958333333,55.55404166666667,5.131583333333333,17962.26,0,5.089013888888889,0.2063091771407164,0.2063381039778422,False,0.2302083333333335,False
2023-06-27,STS-U1,9545.417041666666,9076.368291666668,55.605333333333334,5.170166666666667,18058.07,0,5.096634722222222,0.2048915797898777,0.3588822172187534,False,0.0385833333333334,False
2023-06-28,STS-U1,9548.834541666669,9076.067791666666,55.756791666666665,5.210875000000001,18164.17,0,5.09601111111111,0.2045010804912688,0.5616786405869103,False,0.0407083333333337,False
2023-06-29,STS-U1,9531.700458333333,9076.438375,55.74675,5.020125,17581.0,0,5.079352777777777,0.1885126145246825,-0.3141846922399048,False,-0.1907500000000004,False
2023-06-30,STS-U1,9557.15675,9075.7435,55.795208333333335,5.307958333333334,18576.35,0,5.084148611111112,0.1925298366199553,1.1624677304640911,False,0.2878333333333334,False
2023-07-01,STS-U1,9726.564375,9382.38225,55.75505076645722,3.674583333333333,9982.67,0,5.036081944444445,0.3211764221096788,-4.239098879575201,True,-1.6333750000000005,True
2023-07-02,STS-U1,9674.439833333334,9376.841125,64.9827042546306,3.1859583333333332,8806.84,0,4.972654166666667,0.4657571181907534,-3.836110632670099,True,-0.4886249999999998,False
2023-07-03,STS-U1,9575.327166666668,9273.05675,65.3294815751047,3.2706666666666666,9707.45,0,4.911604166666666,0.5589132308425632,-2.9359432009263435,True,0.0847083333333333,False
2023-07-04,STS-U1,9578.595833333333,9271.847916666668,49.71283333333333,3.316125,9804.14,0,4.8610847222222215,0.6303184741773703,-2.4510779637841824,False,0.0454583333333333,False
2023-07-05,STS-U1,9590.930208333331,9278.944708333334,49.60454166666667,3.3685416666666668,9858.35,0,4.8006625000000005,0.6832331930364699,-2.0960937611485297,False,0.0524166666666667,False
2023-07-06,STS-U1,9610.461625,9275.12325,49.53304166666666,3.621875,10601.71,0,4.74835,0.7117802772952839,-1.5826162032481823,False,0.2533333333333329,False
2023-07-07,STS-U1,9628.887125,9278.049708333334,46.7712269097509,3.7886666666666664,11093.54,0,4.706561111111111,0.7304811898782635,-1.2565613696328226,False,0.1667916666666666,False
2023-07-08,STS-U1,9675.158125,9386.528,48.28754166666667,3.0713749999999997,8182.13,0,4.638208333333334,0.7842324601064874,-1.9979195111620105,False,-0.7172916666666667,False
2023-07-09,STS-U1,9661.51025,9386.548791666666,48.307208333333335,2.9345416666666666,8065.67,0,4.555184722222222,0.8286227443056735,-1.9558273854931876,False,-0.1368333333333331,False
2023-07-10,STS-U1,9628.474708333331,9276.484958333333,49.647,3.7961666666666662,11024.49,0,4.518633333333333,0.837359561436608,-0.8627914458003837,False,0.8616250000000001,False
2023-07-11,STS-U1,9608.622875,9272.192833333333,49.784166666666664,3.634,10680.61,0,4.465658333333334,0.8415064690779255,-0.988297017187066,False,-0.1621666666666668,False
2023-07-12,STS-U1,9606.842416666666,9266.234416666666,49.83270833333333,3.6825833333333335,10900.07,0,4.420891666666666,0.8464006918582699,-0.872291741293806,False,0.0485833333333336,False
2023-07-13,STS-U1,9599.984041666668,9272.751375,49.70895833333333,3.5408333333333335,10559.38,0,4.364654166666667,0.8469762887534014,-0.9726610346387043,False,-0.14175,False
2023-07-14,STS-U1,9586.355416666667,9277.681333333334,44.81229671324814,3.3295833333333333,9707.74,0,4.299198611111112,0.848614381645767,-1.142586431186032,False,-0.2112500000000001,False
2023-07-15,STS-U1,9682.284041666668,9387.785916666666,48.26079166666667,3.1369166666666666,8446.210000000001,0,4.240809722222222,0.8667317086891064,-1.273627172617401,False,-0.1926666666666667,False
2023-07-16,STS-U1,9702.282875,9378.68275,48.33316666666667,3.453208333333333,9515.8,0,4.192375,0.8688601194024951,-0.8507314930911819,False,0.3162916666666664,False
2023-07-17,STS-U1,9582.942833333333,9272.550291666666,49.674125,3.347541666666667,9781.56,0,4.1488805555555555,0.8776538015472647,-0.9130466790848096,False,-0.1056666666666661,False
2023-07-18,STS-U1,9619.112666666666,9270.806666666664,49.716208333333334,3.76625,11200.17,0,4.1146569444444445,0.8716698591513213,-0.3997005756097406,False,0.418708333333333,False
2023-07-19,STS-U1,9604.607291666667,9275.662333333334,49.595958333333336,3.54925,10401.41,0,4.052869444444444,0.8424121842438596,-0.5978301998284694,False,-0.2169999999999996,False
2023-07-20,STS-U1,9576.7435,9272.845416666669,49.65016666666667,3.2775416666666666,9591.19,0,3.9912638888888887,0.8287169747710138,-0.8612376045747508,False,-0.2717083333333336,False
2023-07-21,STS-U1,9578.803291666669,9276.730625,49.646625,3.263333333333333,9688.55,0,3.9378958333333336,0.8220768129369227,-0.8205589664913211,False,-0.0142083333333333,False
2023-07-22,STS-U1,9690.272541666667,9380.119583333331,48.44091666666666,3.312875,9133.14,0,3.867580555555555,0.7798600119011804,-0.7112886249972833,False,0.0495416666666668,False
2023-07-23,STS-U1,9682.155791666666,9384.548708333334,48.28720833333333,3.181416666666667,8823.039999999999,0,3.806070833333334,0.7577418313437262,-0.8243627853552038,False,-0.1314583333333332,False
2023-07-24,STS-U1,9612.846291666669,9274.3865,49.81625,3.656083333333333,10894.9,0,3.7634,0.7273397272632345,-0.1475468239174392,False,0.4746666666666663,False
2023-07-25,STS-U1,9565.916875,9272.64825,43.19245554834923,3.1715416666666667,9519.93,0,3.705738888888889,0.7021453420835563,-0.7608071864965131,False,-0.4845416666666664,False
2023-07-26,STS-U1,9577.815416666666,9272.477875,49.768708333333336,3.2965,9839.63,0,3.644569444444444,0.6517728454865674,-0.534034897057732,False,0.1249583333333332,False
2023-07-27,STS-U1,9611.315791666666,9272.4765,49.69929166666666,3.658125,10887.92,0,3.5941680555555555,0.5847473751580434,0.1093753425180549,False,0.3616250000000001,False
2023-07-28,STS-U1,9609.825125,9271.547458333333,49.65420833333334,3.6555,10958.25,0,3.5423222222222224,0.4991487871624301,0.2267415662195086,False,-0.002625,False
2023-07-29,STS-U1,9691.425666666666,9391.091791666668,48.205749999999995,3.200333333333333,8808.35,0,3.4816625,0.4172158596664586,-0.6743012283655143,False,-0.4551666666666669,False
2023-07-30,STS-U1,9668.221625,9382.657416666669,48.27970833333333,3.0509583333333334,8541.05,0,3.4064291666666664,0.2441276593802164,-1.456085861945308,False,-0.1493749999999996,False
2023-07-31,STS-U1,9635.194166666666,9275.487291666666,44.26044501388912,3.8809583333333335,11570.99,0,3.413308333333333,0.2546263451070906,1.836612781773686,False,0.8300000000000001,False
2023-08-01,STS-U1,9611.447083333334,9274.419541666666,49.744375,3.639875,10952.5,0,3.428438888888889,0.2541367479878335,0.8319777158761519,False,-0.2410833333333335,False
2023-08-02,STS-U1,9584.151375,9276.257333333331,49.695125,3.3205416666666667,9895.72,0,3.4301013888888883,0.2532305704789643,-0.4326480883212424,False,-0.3193333333333332,False
2023-08-03,STS-U1,9546.45625,9267.275041666666,49.694875,3.016375,9135.06,0,3.420109722222222,0.2635846941349019,-1.5317077630296387,False,-0.3041666666666667,False
2023-08-04,STS-U1,9575.527041666666,9275.744708333334,49.67525,3.2344166666666667,9744.95,0,3.4156388888888887,0.2656191747914897,-0.6822633281820896,False,0.2180416666666667,False
2023-08-05,STS-U1,9683.140625,9384.904,48.244375,3.18525,8967.72,0,3.401084722222222,0.2658910736312661,-0.8117411362276064,False,-0.0491666666666668,False
2023-08-06,STS-U1,9717.065166666664,9381.642958333334,48.433625,3.5815416666666664,10119.97,0,3.3941805555555553,0.2580536396849526,0.7260549060259439,False,0.3962916666666665,False
2023-08-07,STS-U1,9563.3725,9270.137666666667,49.70225,3.1675833333333334,9720.85,0,3.3973875,0.254476683257208,-0.9030460619230724,False,-0.413958333333333,False
2023-08-08,STS-U1,9576.894,9268.433,49.67466666666667,3.332333333333333,10205.4,0,3.4106472222222224,0.2394479469378971,-0.3270601810973164,False,0.1647499999999997,False
2023-08-09,STS-U1,9600.576875,9273.189208333331,49.90054166666667,3.5390416666666664,10860.86,0,3.4020763888888887,0.229570842141792,0.5966144328258486,False,0.2067083333333332,False
2023-08-10,STS-U1,9596.047375,9271.224791666666,43.230053066918266,3.5083333333333333,10714.74,0,3.3978875,0.2263165275355859,0.488014881352255,False,-0.0307083333333331,False
2023-08-11,STS-U1,9594.060208333334,9279.664333333334,49.50145833333334,3.390541666666667,10278.56,0,3.388152777777778,0.2198365574446935,0.0108666589245057,False,-0.1177916666666663,False
2023-08-12,STS-U1,9706.466375,9377.263875,43.33565330611503,3.51575,10028.79,0,3.3873166666666665,0.2192828416251846,0.5856971406493442,False,0.1252083333333331,False
2023-08-13,STS-U1,9737.384166666669,9382.235875,43.52657062784037,3.792,10834.5,0,3.402730555555556,0.2310225991098683,1.6849842653675522,False,0.2762499999999996,False
2023-08-14,STS-U1,9594.330791666667,9279.972791666669,43.09846830276594,3.3941666666666666,10452.58,0,3.411305555555556,0.2255248434668414,-0.0759955693812915,False,-0.3978333333333332,False
2023-08-15,STS-U1,9568.282875,9272.548666666667,49.63108333333333,3.196375,9924.27,0,3.402744444444445,0.2287313374956393,-0.902235114365904,False,-0.1977916666666663,False
2023-08-16,STS-U1,9597.91725,9272.238875,49.71004166666666,3.5165,10871.96,0,3.4083763888888887,0.2294043361300192,0.4713233103398289,False,0.320125,False
2023-08-17,STS-U1,9601.593541666669,9272.388916666669,44.56397984596838,3.5558750000000003,11034.26,0,3.4013638888888886,0.2211545876628078,0.6986565946653265,False,0.0393750000000001,False
2023-08-18,STS-U1,9592.391416666667,9269.669666666668,49.64241666666666,3.4884583333333334,10916.21,0,3.3993375,0.2200284582315266,0.4050423024805056,False,-0.0674166666666669,False
2023-08-19,STS-U1,9671.464208333333,9380.329625,48.33379166666666,3.10375,8897.21,0,3.3935444444444443,0.2255639760061458,-1.2847549931312992,False,-0.3847083333333336,False
2023-08-20,STS-U1,9694.4885,9379.615666666668,43.24774505252962,3.3601666666666667,9723.62,0,3.3967722222222223,0.224325863421208,-0.1631802726501612,False,0.2564166666666669,False
2023-08-21,STS-U1,9583.730333333331,9272.69425,49.709125,3.358125,10479.04,0,3.398280555555556,0.2238940103922328,-0.1793507360255369,False,-0.0020416666666669,False
2023-08-22,STS-U1,9592.208416666666,9271.628916666668,49.55854166666666,3.4581666666666666,10743.22,0,3.4075055555555553,0.2203234839679899,0.2299396786884127,False,0.1000416666666668,False
2023-08-23,STS-U1,9567.215166666669,9273.457916666666,49.90254166666667,3.172333333333333,9968.26,0,3.3913805555555556,0.2192027312153657,-0.9992905700021124,False,-0.2858333333333336,False
2023-08-24,STS-U1,9584.442708333334,9265.819666666668,49.748625,3.4399166666666665,10810.65,0,3.4003263888888884,0.2153642514110211,0.183829384488795,False,0.2675833333333335,False
2023-08-25,STS-U1,9634.392875,9275.03525,44.59548726724039,3.879208333333333,12218.99,0,3.41975,0.2313603518932117,1.9858991809685864,False,0.4392916666666666,False
2023-08-26,STS-U1,9707.204666666668,9385.390375,48.239,3.4424166666666665,10239.17,0,3.412559722222222,0.2270075871991568,0.1315239935934415,False,-0.4367916666666667,False
2023-08-27,STS-U1,9730.980291666669,9385.107166666668,48.251749999999994,3.694125,10907.42,0,3.413847222222222,0.2285373426159871,1.2263981656981562,False,0.2517083333333332,False
2023-08-28,STS-U1,9568.165541666667,9275.507625,49.68470833333333,3.157541666666667,9955.41,0,3.4124208333333335,0.2300444868244678,-1.107955987926581,False,-0.5365833333333327,False
2023-08-29,STS-U1,9585.194875,9273.170166666669,49.7405,3.372083333333333,10839.52,0,3.423125,0.2198924589124872,-0.2321210418906674,False,0.2145416666666659,False
2023-08-30,STS-U1,9612.596541666668,9275.820583333334,49.68116666666666,3.6339166666666665,11550.7,0,3.414890277777778,0.2063655575741246,1.0613514748468444,False,0.2618333333333336,False
2023-08-31,STS-U1,9658.6245,9274.548708333334,59.47065585323089,4.143458333333333,13164.53,0,3.4316763888888886,0.2425976971910107,2.934001240267417,True,0.5095416666666668,False
2023-09-01,STS-U1,9585.902416666666,9271.408,49.67558333333333,3.392583333333333,10810.3,0,3.434077777777778,0.2418149747395543,-0.1715958430164895,False,-0.7508750000000002,False
2023-09-02,STS-U1,9690.893208333331,9386.118958333334,48.2315,3.2548333333333335,9772.76,0,3.442026388888889,0.2313019765247559,-0.8093015821484792,False,-0.1377499999999996,False
2023-09-03,STS-U1,9700.749583333332,9384.5375,42.0438717855263,3.3715833333333336,9996.29,0,3.4465986111111113,0.2283940029420452,-0.3284467928731595,False,0.1167500000000001,False
2023-09-04,STS-U1,9592.27375,9274.159,49.62604166666667,3.435791666666667,11151.02,0,3.4549499999999997,0.2230255992299255,-0.0859019475767976,False,0.0642083333333332,False
2023-09-05,STS-U1,,11600.0,49.766124999999995,,0.0,0,3.4505847701149426,0.2256652124947308,,False,,False
2023-09-06,STS-U1,,11600.0,44.191034361415184,,0.0,0,3.460691964285714,0.2230216651123054,,False,,False
2023-09-07,STS-U1,,11600.0,46.74372664446036,,0.0,0,3.4654459876543204,0.2258196817991398,,False,,False
2023-09-08,STS-U1,,11600.0,49.53875,,0.0,0,3.4626153846153844,0.2298027938700947,,False,,False
2023-09-09,STS-U1,,11600.0,48.278625,,0.0,0,3.4607866666666665,0.2343483309888432,,False,,False
2023-09-10,STS-U1,,11600.0,48.304,,0.0,0,3.463713541666666,0.2389214358169155,,False,,False
2023-09-11,STS-U1,,11600.0,46.63542672047616,,0.0,0,3.461451086956522,0.2440281172518527,,False,,False
2023-09-12,STS-U1,9596.912041666666,9273.64275,49.822375,3.4924999999999997,11515.96,0,3.4484293478260866,0.2333447824013015,0.1888649564836695,False,,False
2023-09-13,STS-U1,9604.398166666668,9274.482041666666,49.648,3.5655,11799.71,0,3.4558786231884056,0.234266758814615,0.4679339799051152,False,0.0730000000000004,False
2023-09-14,STS-U1,9606.687416666666,9271.460291666666,49.61295833333333,3.622625,12020.13,0,3.4744112318840576,0.2296185387626097,0.645478230610867,False,0.0571249999999996,False
2023-09-15,STS-U1,9609.484625,9273.309208333334,44.936058994862314,3.625583333333333,11876.79,0,3.479153985507246,0.2316450064251088,0.6321282296815984,False,0.0029583333333333,False
2023-09-16,STS-U1,9713.888375,9383.543041666666,48.347791666666666,3.5243749999999996,10796.1,0,3.477784420289855,0.2312635925066459,0.2014609355720596,False,-0.1012083333333335,False
2023-09-17,STS-U1,9682.515583333334,9380.48475,48.251583333333336,3.2272499999999997,10001.07,0,3.4664275362318837,0.2370567378760381,-1.0089463745044651,False,-0.2971249999999998,False
2023-09-18,STS-U1,9635.083583333331,9272.416208333334,49.689375000000005,3.9174166666666665,13048.06,0,3.501804347826087,0.2411507451508077,1.7234544250761874,False,0.6901666666666668,False
2023-09-19,STS-U1,9598.718708333334,9265.169,44.42235404989867,3.598625,11890.26,0,3.512172101449275,0.2399073429304763,0.3603595350384038,False,-0.3187916666666663,False
2023-09-20,STS-U1,9571.982333333332,9276.81725,46.89928682276425,3.1859583333333332,10707.59,0,3.504686594202898,0.2474981991151841,-1.2878003234327802,False,-0.4126666666666669,False
2023-09-21,STS-U1,9628.600125,9274.505583333334,49.714416666666665,3.8229583333333337,12760.33,0,3.520547101449275,0.25592656118453,1.181632850003451,False,0.6370000000000005,False
2023-09-22,STS-U1,9631.421,9273.667791666669,49.84383333333333,3.862625,12917.38,0,3.550559782608695,0.2537009567928143,1.2300514012099435,False,0.0396666666666662,False
2023-09-23,STS-U1,9729.42325,9379.40175,48.224583333333335,3.7381666666666664,11679.8,0,3.563527173913043,0.2554050953335101,0.6837745054599538,False,-0.1244583333333335,False
2023-09-24,STS-U1,9703.053791666667,9383.455833333332,48.233625,3.4069583333333333,10628.1,0,3.542994565217391,0.2477408344201326,-0.5491070222737676,False,-0.3312083333333331,False
2023-09-25,STS-U1,9592.397666666666,9270.531708333334,49.76558333333333,3.4776666666666665,11795.14,0,3.5445271739130435,0.2471987844793676,-0.2704726375867658,False,0.0707083333333331,False
2023-09-26,STS-U1,9609.95325,9271.225166666669,49.627541666666666,3.6617916666666663,12445.68,0,3.5431213768115946,0.2464000126035113,0.4816164114651537,False,0.1841249999999998,False
2023-09-27,STS-U1,9653.447208333331,9283.819041666668,49.96775,3.9734583333333338,13086.47,0,3.5785960144927533,0.2470976152148602,1.5980013344007105,False,0.311666666666667,False
2023-09-28,STS-U1,9635.459041666669,9278.213,49.62108333333333,3.848875,12941.75,0,3.5993260869565216,0.2489777653922882,1.0022939705089342,False,-0.1245833333333332,False
2023-09-29,STS-U1,9597.077291666666,9278.26925,49.58383333333333,3.4367083333333333,11519.6,0,3.5907518115942025,0.2511189066005154,-0.6134284365371362,False,-0.4121666666666668,False
2023-09-30,STS-U1,9675.750875,9384.550875,48.05425,3.1049583333333337,9700.06,0,3.5455996376811596,0.2403553985331236,-1.8332906480862785,False,-0.3317499999999995,False
2023-10-01,STS-U1,9676.949083333331,9312.566333333334,45.698905646909225,3.9145416666666666,12889.93,0,3.5682934782608697,0.2497102666034932,1.3865997306213804,False,0.8095833333333329,False
2023-10-02,STS-U1,9593.707583333333,9216.177708333333,45.24164560540826,4.105666666666667,14726.42,0,3.6052862318840577,0.2637882064290454,1.8969022215070224,False,0.1911250000000004,False
2023-10-03,STS-U1,9576.012,9213.268833333334,51.07908333333333,3.9409166666666664,14040.54,0,3.630039855072463,0.2675469775132604,1.1619522466060934,False,-0.1647500000000006,False
2023-10-04,STS-U1,9589.167875,9211.396791666668,51.033791666666666,4.105041666666667,14667.36,0,3.65913768115942,0.2814904419572821,1.5840821535777585,False,0.1641250000000003,False
2023-10-05,STS-U1,9578.539166666667,9211.589083333334,51.12145833333333,3.9914583333333336,14398.02,0,3.672984375,0.2835371756644264,1.123217643637162,False,-0.1135833333333331,False
2023-10-06,STS-U1,9569.333625,9210.697125,47.64901434988399,3.9032916666666666,14158.88,0,3.682196666666667,0.2813632275989465,0.7857992029972981,False,-0.0881666666666669,False
2023-10-07,STS-U1,9665.66175,9312.454166666666,49.906666666666666,3.796291666666667,12630.41,0,3.686584935897436,0.2765851311784228,0.3966472467330865,False,-0.1069999999999997,False
2023-10-08,STS-U1,9672.178833333332,9308.538208333332,49.68333333333334,3.915875,13209.6,0,3.695077160493827,0.2747803402789157,0.8035430747412712,False,0.1195833333333329,False
2023-10-09,STS-U1,9577.318458333331,9212.7075,50.992916666666666,3.9642916666666665,14327.07,0,3.7046919642857143,0.2744015796154876,0.9460576092336022,False,0.0484166666666667,False
2023-10-10,STS-U1,9606.989125,9216.18475,51.16408333333334,4.246416666666667,15328.21,0,3.723372126436782,0.2876222891513054,1.8185118468156487,False,0.2821250000000002,False
2023-10-11,STS-U1,9584.892291666669,9211.200041666669,51.18825,4.060958333333333,14656.13,0,3.734625,0.2892624334197622,1.128156634358997,False,-0.1854583333333339,False
2023-10-12,STS-U1,9576.172416666666,9213.137166666667,51.10633333333333,3.9464166666666665,14300.75,0,3.7497555555555553,0.2880297571642976,0.6827805329812918,False,-0.1145416666666663,False
2023-10-13,STS-U1,9565.296375,9210.756625,51.01745833333334,3.854041666666667,13968.96,0,3.7593736111111102,0.2864782210407255,0.3304546335551916,False,-0.0923749999999996,False
2023-10-14,STS-U1,9671.355,9313.131625,49.548541666666665,3.8506666666666662,12916.09,0,3.766975,0.2857491164344957,0.2928851284334661,False,-0.0033750000000001,False
2023-10-15,STS-U1,9710.09175,9313.9755,49.59508333333333,4.257666666666666,14314.4,0,3.788044444444444,0.2980044684001465,1.5758898675023734,False,0.4069999999999996,False
2023-10-16,STS-U1,9591.239791666669,9212.291208333334,51.054750000000006,4.1191249999999995,14967.52,0,3.807869444444444,0.2996374287189896,1.038773950524925,False,-0.1385416666666667,False
2023-10-17,STS-U1,9589.200958333333,9211.505125,46.69109395874685,4.105083333333334,14923.96,0,3.837130555555555,0.2834045390438028,0.9454780741403856,False,-0.0140416666666656,False
2023-10-18,STS-U1,9580.743916666666,9212.027375,51.06191666666667,4.010208333333334,14664.93,0,3.840223611111111,0.284813847100858,0.5968274504646102,False,-0.094875,False
2023-10-19,STS-U1,9576.335291666666,9214.62425,51.22741666666667,3.931666666666666,14324.95,0,3.851325,0.28154399521285,0.285360966785768,False,-0.0785416666666671,False
2023-10-20,STS-U1,9579.692541666664,9213.517958333334,51.16770833333334,3.9772083333333335,14426.35,0,3.8777,0.2526417805921226,0.3938712476618611,False,0.0455416666666668,False
2023-10-21,STS-U1,9644.337208333332,9306.413291666666,49.587375,3.63825,12402.98,0,3.871543055555556,0.2562468249226868,-0.9104232047594878,False,-0.3389583333333337,False
2023-10-22,STS-U1,9671.580375,9313.458458333333,49.57120833333334,3.84975,12997.15,0,3.871113888888889,0.2562730563716882,-0.0833637729668426,False,0.2115000000000004,False
2023-10-23,STS-U1,9554.117625,9213.322458333334,48.65449338470941,3.705583333333333,13706.02,0,3.870027777777778,0.2569241478728869,-0.6400505589136123,False,-0.144166666666667,False
2023-10-24,STS-U1,9592.5165,9219.384166666669,51.264375,4.048,14565.92,0,3.8913958333333336,0.2433837258750579,0.6434455142948212,False,0.3424166666666668,False
2023-10-25,STS-U1,9600.6895,9215.606291666669,51.00133333333333,4.186041666666667,15290.3,0,3.9150083333333336,0.2361144770325612,1.1478895184218492,False,0.138041666666667,False
2023-10-26,STS-U1,9617.346625,9212.66525,50.92487500000001,4.398833333333333,16092.24,0,3.939576388888889,0.246954666466668,1.8596811755587177,False,0.212791666666666,False
2023-10-27,STS-U1,9587.34225,9215.188333333334,51.145833333333336,4.046,14805.58,0,3.941994444444445,0.2476520223093028,0.4199665102094681,False,-0.3528333333333329,False
2023-10-28,STS-U1,9633.648083333332,9308.4085,49.742041666666665,3.499416666666667,11901.19,0,3.9303458333333334,0.2600893317813278,-1.656850604810557,False,-0.5465833333333334,False
2023-10-29,STS-U1,9675.839,9308.216541666668,49.83679166666667,3.951625,13371.11,0,3.947509722222222,0.2428057406980083,0.0169488487625841,False,0.4522083333333331,False
2023-10-30,STS-U1,9588.574125,9214.850416666666,50.997083333333336,4.062375,14849.06,0,3.9794236111111103,0.1840568225380552,0.4506835864328728,False,0.1107500000000003,False
2023-10-31,STS-U1,9541.843416666668,9211.809708333332,51.089499999999994,3.5874583333333336,13178.96,0,3.9685208333333337,0.1972475688527874,-1.9318996032057536,False,-0.4749166666666666,False
2023-11-01,STS-U1,9574.755875,9216.904208333332,50.901250000000005,3.8865833333333337,14127.58,0,3.9612180555555554,0.1960468237999249,-0.3806984513984779,False,0.2991250000000001,False
2023-11-02,STS-U1,9581.568541666666,9214.421416666666,51.171,3.9940833333333337,14698.34,0,3.9629902777777777,0.1960972764835377,0.1585593441842942,False,0.1074999999999999,False
2023-11-03,STS-U1,9617.0955,9214.639291666666,51.033875,4.373333333333333,15970.22,0,3.9719333333333338,0.2085230155461126,1.9249673660662865,False,0.3792499999999994,False
2023-11-04,STS-U1,9690.572666666669,9313.269416666666,49.757625,4.050958333333333,13624.85,0,3.973916666666667,0.208997550639628,0.3686247347439408,False,-0.3223750000000001,False
2023-11-05,STS-U1,9669.683916666669,9309.470916666667,45.553300469743306,3.876791666666667,13227.16,0,3.9730333333333334,0.2093620256459114,-0.4596901771930569,False,-0.1741666666666659,False
2023-11-06,STS-U1,9570.909125,9213.015791666669,51.09475,3.892333333333333,14277.76,0,3.9762347222222223,0.2072902913901321,-0.4047531040948844,False,0.0155416666666661,False
2023-11-07,STS-U1,9564.803416666668,9212.5065,45.00737402335898,3.827458333333333,13919.02,0,3.9732875,0.2088011111488493,-0.6984118325055703,False,-0.0648750000000002,False
2023-11-08,STS-U1,9604.747041666667,9216.3365,51.28866666666667,4.215958333333334,15321.46,0,3.981676388888889,0.2134314249171237,1.0976918911327969,False,0.3885000000000009,False
2023-11-09,STS-U1,9560.938583333334,9214.512083333331,51.17875,3.767208333333333,13802.23,0,3.9657027777777776,0.2108513666511043,-0.9413951049835648,False,-0.4487500000000008,False
2023-11-10,STS-U1,9588.19975,9213.571958333334,48.350399054514725,4.0725,14882.73,0,3.9660875,0.2110416081883521,0.5042252137551374,False,0.3052916666666667,False
2023-11-11,STS-U1,9685.61725,9314.715041666666,45.22407145861308,3.986166666666667,13447.94,0,3.9674125,0.2110386313479328,0.0888660362649322,False,-0.0863333333333327,False
2023-11-12,STS-U1,9613.591916666666,9310.218333333332,58.6731142750125,3.2687916666666665,11191.39,0,3.947904166666667,0.2460293425553548,-2.760290674870234,True,-0.7173750000000005,False
2023-11-13,STS-U1,9582.3085,9218.594291666666,50.93470833333333,3.952958333333333,14387.1,0,3.951313888888889,0.245343131396084,0.0067026308626888,False,0.6841666666666666,False
2023-11-14,STS-U1,9592.980875,9215.607833333332,50.93570833333334,4.101083333333333,14909.0,0,3.946094444444445,0.2402129727182215,0.6452144825279532,False,0.1481250000000002,False
2023-11-15,STS-U1,9578.144,9209.587833333331,51.05079166666667,4.0099583333333335,14682.91,0,3.942455555555555,0.2383208264575878,0.2832433018177321,False,-0.0911249999999999,False
2023-11-16,STS-U1,9593.235583333331,9213.470291666668,51.169958333333334,4.128583333333333,15037.96,0,3.943238888888889,0.2389116862228575,0.7757864312738315,False,0.1186249999999997,False
2023-11-17,STS-U1,9581.455791666667,9211.166625,51.098625,4.02675,14686.15,0,3.9437902777777776,0.2390905973792791,0.3469802791559379,False,-0.1018333333333334,False
2023-11-18,STS-U1,9667.36475,9312.55175,49.590291666666666,3.814833333333333,12841.42,0,3.939895833333334,0.2402436270315086,-0.5205653175707258,False,-0.2119166666666667,False
2023-11-19,STS-U1,9653.140833333331,9310.613958333332,49.69233333333333,3.6831666666666663,12378.31,0,3.930094444444444,0.2446269950976706,-1.0094052689450252,False,-0.1316666666666663,False
2023-11-20,STS-U1,9580.203,9213.5325,51.14216666666667,3.9866666666666664,14489.54,0,3.941708333333333,0.2384872872564539,0.1885145906539995,False,0.3034999999999996,False
2023-11-21,STS-U1,9584.7015,9212.322041666666,51.11858333333333,4.049875,14731.64,0,3.948379166666667,0.2386252357880976,0.4253357068380772,False,0.0632083333333337,False
2023-11-22,STS-U1,9567.915875,9214.336541666666,50.966125,3.846,13988.82,0,3.953059722222222,0.2350489707278849,-0.4554783707015871,False,-0.203875,False
2023-11-23,STS-U1,9603.9115,9218.613416666669,51.3725,4.180958333333334,14966.28,0,3.957491666666667,0.2381340825743286,0.9384069019054272,False,0.3349583333333337,False
2023-11-24,STS-U1,9589.661041666666,9216.618916666666,51.062041666666666,4.051416666666666,14521.3,0,3.953004166666666,0.2349255252979854,0.4189093538267964,False,-0.1295416666666673,False
2023-11-25,STS-U1,9669.209333333334,9312.737958333331,49.68179166666667,3.837875,12954.64,0,3.934305555555555,0.2200714623826279,-0.4381783740224176,False,-0.2135416666666665,False
2023-11-26,STS-U1,9657.659791666669,9308.842791666668,44.63020822962263,3.750625,12513.61,0,3.924459722222222,0.2215047825941395,-0.7847899272709495,False,-0.08725,False
2023-11-27,STS-U1,9574.796666666669,9212.341541666668,51.20925,3.94,14150.77,0,3.939145833333334,0.2064457963444564,0.0041374863610272,False,0.189375,False
2023-11-28,STS-U1,9603.911583333333,9211.946041666666,51.150625,4.263041666666667,15374.14,0,3.949526388888889,0.2147569790332663,1.4598607187951442,False,0.3230416666666671,False
2023-11-29,STS-U1,9550.932666666666,9213.712166666666,51.101708333333335,3.668041666666667,13217.21,0,3.936381944444444,0.2196244277352911,-1.2218143516403492,False,-0.5950000000000002,False
2023-11-30,STS-U1,9591.76475,9215.422125,51.12437499999999,4.094083333333333,14748.01,0,3.953269444444445,0.2111853410912285,0.6667787080357016,False,0.426041666666666,False
2023-12-01,STS-U1,9609.167625,9215.743833333334,43.6273690247701,4.274416666666666,15229.32,0,3.966197222222222,0.2186993589256735,1.409329437262752,False,0.1803333333333334,False
2023-12-02,STS-U1,9647.830041666666,9312.611875,49.74937499999999,3.610375,12077.87,0,3.9534069444444446,0.2280333430478514,-1.5043060802404742,False,-0.6640416666666664,False
2023-12-03,STS-U1,9679.505666666666,9309.548666666667,49.801625,3.9778333333333338,13150.85,0,3.940223611111111,0.2139143744876913,0.1758167131699058,False,0.3674583333333334,False
2023-12-04,STS-U1,9574.654625,9216.784458333334,51.0845,3.89075,13871.64,0,3.934883333333333,0.2130526348476108,-0.2071475594042756,False,-0.0870833333333331,False
2023-12-05,STS-U1,9595.12525,9217.541333333333,46.22882063585288,4.098291666666666,14413.78,0,3.942266666666667,0.2148009154111929,0.7263702750117303,False,0.2075416666666663,False
2023-12-06,STS-U1,9580.330625,9213.200458333333,44.943642969767545,3.99225,14219.55,0,3.945597222222222,0.2147746037776204,0.2172173849105638,False,-0.1060416666666665,False
2023-12-07,STS-U1,9599.5455,9214.829041666666,50.99758333333333,4.178041666666666,14685.96,0,3.9572833333333337,0.217643527697149,1.0143115013303687,False,0.1857916666666663,False
2023-12-08,STS-U1,9571.936916666667,9212.315541666669,51.159708333333334,3.910458333333333,13847.73,0,3.9471,0.2122020236157528,-0.1726735025534722,False,-0.267583333333333,False
2023-12-09,STS-U1,9653.68225,9311.149458333331,49.631708333333336,3.6832083333333334,12044.16,0,3.9443,0.2151906825610795,-1.2133037711451968,False,-0.2272499999999997,False
2023-12-10,STS-U1,9639.767583333332,9310.051375,49.68754166666667,3.547416666666667,11624.27,0,3.926797222222222,0.2255105005087592,-1.682318804222685,False,-0.1357916666666665,False
2023-12-11,STS-U1,9575.829041666666,9213.25725,51.04966666666667,3.9475833333333337,14058.64,0,3.925511111111111,0.225270128908828,0.0979811319376286,False,0.4001666666666668,False
2023-12-12,STS-U1,9584.051666666666,9214.253291666666,51.122083333333336,4.020791666666667,14139.99,0,3.9505777777777777,0.1885150794847974,0.3724576786153137,False,0.0732083333333331,False
2023-12-13,STS-U1,9622.066125,9216.956125,51.07683333333333,4.3999999999999995,15333.53,0,3.965479166666667,0.2056036734593589,2.1133904177019627,False,0.3792083333333327,False
2023-12-14,STS-U1,9577.181708333334,9214.995458333333,46.58702593678705,3.9350833333333335,13695.16,0,3.9599458333333337,0.2040562911680745,-0.1218413794432897,False,-0.464916666666666,False
2023-12-15,STS-U1,9586.479583333334,9210.749041666668,51.30316666666667,4.089666666666667,14426.42,0,3.9626027777777777,0.2052454033946083,0.6190827506358039,False,0.1545833333333335,False
2023-12-16,STS-U1,9662.866291666667,9312.666666666666,49.8565,3.76375,12122.61,0,3.950441666666667,0.2058791658102955,-0.9068021328524876,False,-0.3259166666666671,False
2023-12-17,STS-U1,9665.275958333334,9309.482583333333,49.54779166666666,3.827666666666667,12364.8,0,3.943805555555555,0.2065421637088166,-0.5623011147139009,False,0.063916666666667,False
2023-12-18,STS-U1,9600.219458333331,9214.543166666666,43.810854404149076,4.19475,14624.56,0,3.9564694444444446,0.2099801594843369,1.134776524318858,False,0.367083333333333,False
2023-12-19,STS-U1,9559.107333333332,9216.939541666668,50.96266666666667,3.71625,12772.94,0,3.9575722222222223,0.2085775175108181,-1.1569905764637638,False,-0.4784999999999999,False
2023-12-20,STS-U1,9614.513916666669,9214.383583333334,46.77167179918536,4.347583333333334,14972.33,0,3.969602777777778,0.2203878239644384,1.7150700467760247,False,0.6313333333333335,False
2023-12-21,STS-U1,9563.696541666666,9212.798625,51.140208333333334,3.813708333333333,13133.2,0,3.961730555555555,0.2216360240285467,-0.6678617470739198,False,-0.5338750000000005,False
2023-12-22,STS-U1,9563.909958333334,9214.251916666666,51.152625,3.8045833333333334,13179.85,0,3.96035,0.2225090309846413,-0.7000464923934634,False,-0.0091249999999996,False
2023-12-23,STS-U1,9639.545833333334,9313.316041666669,49.59279166666667,3.5046666666666666,11085.94,0,3.937806944444445,0.2333808032283832,-1.8559378997162543,False,-0.2999166666666668,False
2023-12-24,STS-U1,9670.437083333332,9312.574625,49.64004166666667,3.843375,12101.33,0,3.930872222222222,0.23297912383386,-0.3755582078874033,False,0.3387083333333334,False
2023-12-25,STS-U1,9597.997583333334,9214.318166666666,51.14404166666667,4.170583333333333,14263.21,0,3.9419625,0.2362948186090351,0.9675236836724764,False,0.3272083333333331,False
2023-12-26,STS-U1,9604.008083333334,9214.211208333332,51.27554166666667,4.236125,14406.71,0,3.958145833333333,0.2393444010358797,1.1614191326957168,False,0.0655416666666672,False
2023-12-27,STS-U1,9564.922083333331,9212.81625,51.00604166666667,3.829875,13088.06,0,3.954475,0.2404741302170195,-0.5181430530076265,False,-0.4062500000000004,False
2023-12-28,STS-U1,9553.643541666666,9213.646208333334,45.43317246387799,3.694125,12502.71,0,3.935511111111111,0.2377180504711153,-1.0154302991831123,False,-0.1357499999999998,False
2023-12-29,STS-U1,9585.257666666666,9213.743916666666,51.142625,4.040291666666667,13741.97,0,3.947919444444445,0.2329426696600086,0.3965448767159916,False,0.3461666666666665,False
2023-12-30,STS-U1,9686.075083333331,9312.80175,49.78,4.009291666666667,12498.73,0,3.945093055555556,0.2316186927512736,0.2771737045422826,False,-0.0309999999999996,False
2023-12-31,STS-U1,9650.10925,9309.475166666669,43.509022770530564,3.666416666666666,11530.65,0,3.924826388888889,0.2283866731480966,-1.1314570971251785,False,-0.3428750000000002,False
2024-01-01,STS-U1,9572.003333333332,9211.555458333334,51.10120833333334,3.9138333333333337,13059.76,0,3.9349416666666666,0.2205655198331419,-0.095700966086185,False,0.2474166666666666,False
2024-01-02,STS-U1,9582.404291666668,9214.009291666667,43.41872128133535,4.008333333333334,13556.33,0,3.935958333333333,0.2208401622778255,0.327725714623185,False,0.0945000000000004,False
2024-01-03,STS-U1,9571.108625,9215.510166666669,51.104125,3.865625,12958.62,0,3.9351208333333334,0.2210650460649685,-0.3143682575349758,False,-0.1427083333333336,False
2024-01-04,STS-U1,9596.403083333333,9212.492708333331,51.20458333333334,4.175666666666666,14024.66,0,3.9377,0.2234726626204857,1.064858063067854,False,0.3100416666666663,False
2024-01-05,STS-U1,9591.193916666669,9212.533666666666,51.168083333333335,4.114541666666667,13675.01,0,3.941776388888889,0.2256072007135437,0.7657790940686326,False,-0.0611249999999996,False
2024-01-06,STS-U1,9698.310875,9316.053458333334,49.77670833333334,4.107333333333333,12631.05,0,3.939419444444445,0.2234124704139284,0.751586912663313,False,-0.0072083333333337,False
2024-01-07,STS-U1,9654.398791666668,9309.91725,46.22675762519454,3.707625,11476.04,0,3.932658333333334,0.2273535425485582,-0.9897947083242415,False,-0.3997083333333329,False
2024-01-08,STS-U1,9608.286208333331,9214.86475,51.08091666666667,4.279708333333333,14254.75,0,3.9525416666666664,0.2308423374213682,1.4172732364491374,False,0.5720833333333326,False
2024-01-09,STS-U1,9582.82525,9213.944833333331,51.05379166666666,4.011916666666667,13307.75,0,3.968025,0.2179500476070333,0.2013840655167203,False,-0.2677916666666657,False
2024-01-10,STS-U1,9593.402375,9214.503166666667,51.091,4.120541666666667,13633.45,0,3.973790277777778,0.2196714469340352,0.6680494481058199,False,0.1086249999999999,False
2024-01-11,STS-U1,9594.641208333333,9212.341375,51.19029166666667,4.156458333333333,13706.98,0,3.9783125,0.2220558928158308,0.8022567249817761,False,0.0359166666666661,False
2024-01-12,STS-U1,9592.406416666669,9217.554875,45.262975005254575,4.059625,13015.79,0,3.9669666666666665,0.2080190063822916,0.4454320542376214,False,-0.0968333333333335,False
2024-01-13,STS-U1,9654.039083333331,9315.20375,47.15258260324179,3.636416666666667,10898.88,0,3.957011111111111,0.2165687488547595,-1.4803356723432397,False,-0.4232083333333327,False
2024-01-14,STS-U1,9672.870875,9312.943208333332,42.958716283020024,3.8725833333333335,11773.54,0,3.949775,0.2156080719936164,-0.3580184450095737,False,0.2361666666666666,False
2024-01-15,STS-U1,9587.176583333334,9215.294458333334,51.13575,4.047208333333333,13301.31,0,3.959223611111111,0.213374209637702,0.412349376110707,False,0.1746249999999993,False
2024-01-16,STS-U1,9581.678,9211.300833333333,51.09108333333333,4.0261249999999995,13081.96,0,3.965838888888889,0.2122282242611588,0.2840626468085843,False,-0.0210833333333333,False
2024-01-17,STS-U1,9564.012708333334,9213.935958333332,51.04558333333333,3.810041666666667,12476.85,0,3.9530152777777783,0.2095251514506782,-0.6823696826906586,False,-0.2160833333333327,False
2024-01-18,STS-U1,9588.272625,9214.503666666666,44.60089172867616,4.060625,13107.44,0,3.964494444444445,0.205501220833456,0.4677858124914122,False,0.2505833333333331,False
2024-01-19,STS-U1,9620.459708333334,9212.413833333334,44.57179019351783,4.433208333333334,14263.96,0,3.9673486111111114,0.2115120462847721,2.2025209930360465,False,0.3725833333333339,False
2024-01-20,STS-U1,9645.897625,9310.978791666666,49.56679166666667,3.606666666666667,10884.55,0,3.9604472222222222,0.2199090941509378,-1.608758186747533,False,-0.826541666666667,False
2024-01-21,STS-U1,9676.00275,9308.012375,49.593041666666664,3.954541666666666,11753.72,0,3.965445833333333,0.2179395693965571,-0.0500329825229019,False,0.3478749999999992,False
2024-01-22,STS-U1,9561.255875,9211.232208333333,51.25366666666667,3.803333333333333,12186.1,0,3.975401388888889,0.2024353154231449,-0.8499903052779426,False,-0.1512083333333329,False
2024-01-23,STS-U1,9580.41925,9214.398041666664,51.05587499999999,3.979125,12765.48,0,3.979926388888889,0.2008937169809505,-0.0039891187287113,False,0.1757916666666665,False
2024-01-24,STS-U1,9565.037541666668,9209.410458333334,51.132875000000006,3.8667916666666664,12385.61,0,3.9698,0.1985953573180105,-0.518684498592715,False,-0.1123333333333334,False
2024-01-25,STS-U1,9596.643041666666,9214.447958333332,51.16120833333333,4.158458333333333,13373.59,0,3.9672111111111112,0.195485712789568,0.9783181568265864,False,0.2916666666666665,False
2024-01-26,STS-U1,9604.6855,9212.732375,43.96378485574852,4.265666666666667,13710.62,0,3.9817375,0.2010411936894971,1.4122934780480263,False,0.1072083333333342,False
2024-01-27,STS-U1,9642.504416666668,9309.889708333334,49.826375000000006,3.5825833333333335,10682.82,0,3.978019444444445,0.2074722803039017,-1.905970814664413,False,-0.6830833333333337,False
2024-01-28,STS-U1,9637.544708333333,9308.044875,49.6745,3.544916666666667,10465.0,0,3.961506944444445,0.2215788154718511,-1.8800997599461404,False,-0.0376666666666665,False
2024-01-29,STS-U1,9568.734416666666,9212.626041666666,51.00233333333333,3.870125,12244.73,0,3.9568680555555553,0.2220002853291299,-0.3907339822872445,False,0.3252083333333329,False
2024-01-30,STS-U1,9584.30575,9215.101125,51.097375,4.0093749999999995,12589.06,0,3.9683,0.2152555789011673,0.1908196768217513,False,0.1392499999999996,False
2024-01-31,STS-U1,9564.685541666668,9213.547375,47.28771677185405,3.81875,12100.53,0,3.965130555555555,0.2167798173082581,-0.6752499258148382,False,-0.1906249999999993,False
2024-02-01,STS-U1,9569.97175,9212.5785,51.079125,3.886625,12284.03,0,3.961073611111111,0.2170820649584774,-0.3429514599713759,False,0.0678749999999999,False
2024-02-02,STS-U1,9552.9025,9208.399958333332,51.1625,3.745958333333333,11867.2,0,3.957084722222222,0.2199765562121527,-0.9597676794488584,False,-0.1406666666666671,False
2024-02-03,STS-U1,9660.443,9307.913458333334,49.70883333333333,3.7944583333333335,11121.3,0,3.944377777777778,0.2179153707938403,-0.6879709489895339,False,0.0485000000000006,False
2024-02-04,STS-U1,9656.440041666669,9312.891041666668,49.70275,3.69575,10788.96,0,3.9304180555555552,0.2200423128183935,-1.066467864974828,False,-0.0987083333333336,False
2024-02-05,STS-U1,9607.580666666669,9212.229666666668,51.098749999999995,4.297375,13441.4,0,3.9367527777777775,0.2279060972599354,1.582328101608089,False,0.6016249999999999,False
2024-02-06,STS-U1,9589.244583333331,9212.331416666666,51.056,4.096041666666667,12796.56,0,3.9497,0.2254603704419891,0.6490793321228971,False,-0.2013333333333324,False
2024-02-07,STS-U1,9580.957708333332,9213.167916666667,50.99370833333333,3.999458333333333,12527.08,0,3.9403583333333336,0.2169610937741556,0.2723990692152359,False,-0.0965833333333341,False
2024-02-08,STS-U1,9571.722875,9213.207625,45.99465384187339,3.8962083333333335,12124.52,0,3.936501388888889,0.2166734168055685,-0.1859621551623559,False,-0.1032499999999996,False
2024-02-09,STS-U1,9602.871583333334,9215.337958333334,50.96695833333333,4.20975,13051.88,0,3.939475,0.2198747626055228,1.2292224755457706,False,0.3135416666666661,False
2024-02-10,STS-U1,9657.808958333331,9313.293,49.542750000000005,3.705083333333333,10705.04,0,3.924429166666667,0.2199583658983665,-0.9972152340624518,False,-0.5046666666666666,False
2024-02-11,STS-U1,9719.504541666667,9313.603333333334,49.58075,4.363833333333333,12560.28,0,3.934569444444444,0.2330296821749902,1.842099619594981,False,0.65875,False
2024-02-12,STS-U1,9598.792083333334,9213.0265,51.074083333333334,4.194791666666666,13046.5,0,3.953181944444444,0.230681891866409,1.0473718603025044,False,-0.1690416666666667,False
2024-02-13,STS-U1,9617.492041666666,9214.166208333334,51.04075,4.385916666666667,13638.24,0,3.970293055555555,0.2431963462333937,1.7090043396961248,False,0.1911250000000004,False
2024-02-14,STS-U1,9589.323708333332,9213.552416666667,51.11141666666666,4.0845,12660.64,0,3.971536111111111,0.243697829600454,0.4635408081971642,False,-0.3014166666666664,False
2024-02-15,STS-U1,9625.363875,9211.879666666666,48.106880786677664,4.490583333333333,13804.4,0,3.987018055555555,0.2613960983272286,1.9264452721378809,False,0.4060833333333331,False
2024-02-16,STS-U1,9602.711958333331,9214.01125,45.3756447680922,4.222666666666666,13025.16,0,4.0007722222222215,0.2626157543842768,0.8449395770817082,False,-0.2679166666666672,False
2024-02-17,STS-U1,9670.077083333334,9308.510041666666,49.781041666666674,3.891458333333333,11216.07,0,3.9951333333333334,0.2631020031859362,-0.3940486911714331,False,-0.3312083333333331,False
2024-02-18,STS-U1,9649.354,9312.766708333334,49.70979166666667,3.6179166666666664,10322.67,0,3.967956944444445,0.2583557613278849,-1.35487699588605,False,-0.2735416666666665,False
2024-02-19,STS-U1,9561.180625,9212.617125,46.82110132891052,3.78625,11599.08,0,3.973943055555555,0.251690493154313,-0.7457296189589464,False,0.1683333333333339,False
2024-02-20,STS-U1,9579.667541666668,9212.560583333334,51.205958333333335,3.9926666666666666,12357.05,0,3.975213888888888,0.2516854040118041,0.0693436230293261,False,0.2064166666666662,False
2024-02-21,STS-U1,9572.065458333333,9213.7075,50.989875000000005,3.895208333333333,11990.21,0,3.978276388888889,0.2500756665863171,-0.3321716850323121,False,-0.0974583333333334,False
2024-02-22,STS-U1,9622.021416666666,9214.025666666666,51.1705,4.4359166666666665,13678.13,0,3.9935027777777776,0.2636661909782879,1.6779318093358442,False,0.5407083333333333,False
2024-02-23,STS-U1,10257.935952380953,9587.67125,60.43810334270531,10.411333333333332,28543.55,11,4.2116541666666665,1.200012477343235,5.166345586999589,True,5.975416666666667,True
2024-02-24,STS-U1,10779.58525,9309.514375,60.11574970752281,15.797,44845.69,24,4.599605555555556,2.4315674546198665,4.605010822615638,True,5.3856666666666655,True
2024-02-25,STS-U1,10244.753125,9308.5855,62.1733718131911,10.014041666666667,27496.76,13,4.7912180555555555,2.6232792785165415,1.9909521848793037,False,-5.782958333333331,True
2024-02-26,STS-U1,9577.868041666668,9212.334208333334,63.206781681021425,3.9757083333333334,12255.11,0,4.804322222222222,2.618010152897061,-0.3165052236225874,False,-6.038333333333334,True
2024-02-27,STS-U1,9616.685541666668,9214.865458333334,51.185583333333334,4.372125,13528.36,0,4.831895833333333,2.60862773162662,-0.1762500749950403,False,0.3964166666666662,False
2024-02-28,STS-U1,9570.716666666667,9214.114333333331,51.123083333333334,3.879625,11990.0,0,4.8322125,2.608507528228812,-0.3651848766742147,False,-0.4924999999999992,False
2024-02-29,STS-U1,9583.15575,9214.733583333333,51.117916666666666,4.005291666666667,12287.43,0,4.832076388888889,2.608552050318288,-0.3169515908725454,False,0.125666666666667,False
2024-03-01,STS-U1,9607.213833333331,9213.6635,51.09470833333333,4.277625,13127.64,0,4.847372222222222,2.6037462220349306,-0.2188182617033016,False,0.2723333333333322,False
2024-03-02,STS-U1,9655.873916666666,9312.8925,49.50995833333334,3.692375,10646.44,0,4.840897222222223,2.606457913983553,-0.4406448368340966,False,-0.5852499999999994,False
2024-03-03,STS-U1,9649.130625,9309.47625,49.630541666666666,3.653833333333333,10460.27,0,4.837826388888889,2.6078463136243504,-0.4540118216974442,False,-0.0385416666666671,False
2024-03-04,STS-U1,9622.304958333332,9215.31675,51.302708333333335,4.42175,13518.55,0,4.858736111111111,2.6016996807562895,-0.1679617806556685,False,0.7679166666666672,False
2024-03-05,STS-U1,9561.926291666668,9214.398541666667,50.94679166666666,3.775458333333334,11534.17,0,4.861393055555555,2.6005114742611317,-0.4175850531598836,False,-0.6462916666666669,False
2024-03-06,STS-U1,9551.859625,9211.80575,51.18516666666667,3.6990416666666666,11489.68,0,4.841448611111111,2.607271984697625,-0.4381617840982299,False,-0.0764166666666668,False
2024-03-07,STS-U1,9587.81525,9212.123083333334,51.138958333333335,4.079041666666666,12435.06,0,4.840881944444444,2.6074414204168748,-0.2921792496707273,False,0.3799999999999994,False
2024-03-08,STS-U1,9585.425541666666,9213.270791666668,43.874519629452166,4.0455,12439.89,0,4.842416666666667,2.6069425886123536,-0.3056901483553026,False,-0.0335416666666663,False
2024-03-09,STS-U1,9646.096125,9307.791833333333,49.76591666666667,3.63575,10323.99,0,4.833734722222222,2.610633514731232,-0.4588865941781018,False,-0.4097499999999998,False
2024-03-10,STS-U1,9661.407166666666,9311.230208333332,49.62895833333334,3.7645416666666662,10720.15,0,4.818894444444444,2.615563649546533,-0.403107291218309,False,0.1287916666666668,False
2024-03-11,STS-U1,9565.162916666666,9210.255541666667,48.27019309334148,3.8622916666666662,11980.3,0,4.824134722222222,2.613411779897662,-0.3680411418338447,False,0.0977499999999995,False
2024-03-12,STS-U1,9585.363666666666,9215.018958333332,48.145940274105314,4.024208333333333,12353.23,0,4.812813888888888,2.616208580929433,-0.3014306891675263,False,0.1619166666666669,False
2024-03-13,STS-U1,9589.972041666666,9216.097583333334,51.097208333333334,4.067083333333334,12613.51,0,4.808556944444445,2.617352517176823,-0.2832914581605129,False,0.0428750000000004,False
2024-03-14,STS-U1,9583.337041666668,9211.679,51.08425,4.040875,12477.01,0,4.7970555555555565,2.6200304952227533,-0.2886151733479219,False,-0.0262083333333338,False
2024-03-15,STS-U1,9577.031291666666,9214.481416666667,45.56662020367938,3.9411666666666663,12156.19,0,4.792277777777778,2.6215049615307113,-0.3246650773508904,False,-0.0997083333333335,False
2024-03-16,STS-U1,9643.304291666667,9309.914958333333,49.694500000000005,3.5874166666666665,10316.98,0,4.7621722222222225,2.6302605093318845,-0.4466308760625224,False,-0.3537499999999998,False
2024-03-17,STS-U1,10048.2595625,10087.6295,60.36758630634296,7.75,15478.98,5,4.8797500000000005,2.683610233223176,1.0695480157536357,False,4.162583333333334,True
2024-03-18,STS-U1,10664.186833333331,9213.516833333331,65.09416072615466,15.753583333333331,48386.7,24,5.275154166666667,3.329203849758367,3.1474279255766175,True,8.003583333333333,True
2024-03-19,STS-U1,10480.683166666668,9212.903916666666,60.14154814035844,13.730541666666667,41303.01,19,5.612241666666666,3.651936907376,2.223012118200362,False,-2.023041666666666,True
2024-03-20,STS-U1,9551.745083333331,9215.8775,61.75212814178126,3.6499166666666665,11296.91,0,5.607697222222223,3.6543715265504826,-0.5357365941945123,False,-10.080625,True
2024-03-21,STS-U1,9571.6385,9214.736208333334,44.2019589647453,3.8832916666666666,12156.9,0,5.604051388888888,3.6560924987801418,-0.4706554122458211,False,0.2333750000000001,False
2024-03-22,STS-U1,9575.639208333334,9212.56975,51.133624999999995,3.9495833333333334,12347.75,0,5.605863888888889,3.655229507550187,-0.453126281710729,False,0.0662916666666668,False
2024-03-23,STS-U1,9674.927875,9312.088083333334,49.663333333333334,3.900416666666666,11231.34,0,5.58801388888889,3.662440277884744,-0.4607849122926589,False,-0.0491666666666668,False
2024-03-24,STS-U1,9667.660375,9308.798416666668,44.37082191622793,3.8644583333333338,11266.28,0,5.369784722222222,3.5587100970838588,-0.422997757002575,False,-0.0359583333333333,False
2024-03-25,STS-U1,9593.868625,9212.039625,46.5817562120368,4.149541666666667,12928.98,0,4.981536111111111,2.96826998401501,-0.2802960811937505,False,0.2850833333333336,False
2024-03-26,STS-U1,9611.064375,9214.358625,51.22270833333334,4.312416666666667,13492.53,0,4.7914819444444445,2.8134294039441277,-0.1702780517990533,False,0.1628749999999996,False
2024-03-27,STS-U1,9577.809458333331,9212.211083333334,51.18933333333334,3.9750416666666664,12469.51,0,4.791459722222223,2.8134360722477627,-0.290185394155158,False,-0.3373750000000002,False
2024-03-28,STS-U1,9568.739375,9211.892291666669,51.07579166666667,3.879375,12162.9,0,4.775034722222221,2.8174041424725473,-0.3179024651522633,False,-0.0956666666666663,False
2024-03-29,STS-U1,9587.143666666669,9215.995708333334,48.42257018737892,4.038791666666667,12802.82,0,4.7803402777777775,2.815809234802877,-0.2633518641624256,False,0.1594166666666665,False
2024-03-30,STS-U1,9649.988833333337,9312.96825,43.56376551629978,3.626625,10627.29,0,4.767718055555556,2.8202485017374124,-0.4046072730302263,False,-0.4121666666666663,False
2024-03-31,STS-U1,9654.695375,9311.158875,49.714125,3.69675,10842.88,0,4.7483555555555546,2.825717979654513,-0.3721551701646211,False,0.0701249999999995,False
2024-04-01,STS-U1,9567.723625,9078.063708333331,67.98968212878079,5.397875,19381.97,0,4.805205555555555,2.820892520876307,0.2100999736992221,False,1.7011250000000002,True
2024-04-02,STS-U1,9530.958333333334,9075.128666666666,47.86456447991443,5.02675,18151.02,0,4.850969444444445,2.8126941174801328,0.06249543967939,False,-0.3711250000000001,False
2024-04-03,STS-U1,9567.935083333332,9077.797,55.63516666666666,5.404333333333334,19510.6,0,4.883722222222222,2.8132445232800163,0.1850571846147669,False,0.3775833333333338,False
2024-04-04,STS-U1,9536.23675,9075.505458333331,47.37433273327809,5.08075,18397.09,0,4.927231944444444,2.805596475428393,0.0547185088447599,False,-0.3235833333333335,False
2024-04-05,STS-U1,9542.850458333332,9074.803791666667,55.623083333333334,5.1634166666666665,18781.86,0,4.976044444444444,2.7962143618498545,0.0670092482102357,False,0.0826666666666664,False
2024-04-06,STS-U1,9567.182583333331,9130.079,54.25120833333333,4.792833333333333,16428.18,0,4.9998375,2.7913511560073263,-0.0741591276400923,False,-0.3705833333333332,False
2024-04-07,STS-U1,9574.481708333333,9133.456458333334,54.17808333333334,4.8352916666666665,16591.18,0,5.026163888888889,2.785758857258077,-0.0685171373412023,False,0.0424583333333332,False
2024-04-08,STS-U1,9606.030666666667,9085.01375,55.951541666666664,5.731416666666667,20437.27,0,5.096019444444445,2.7759487763077595,0.2288937128974522,False,0.8961250000000005,False
2024-04-09,STS-U1,9524.38275,9075.588625,49.72528296244753,4.949541666666667,18101.82,0,5.135519444444444,2.764757717255045,-0.0672672967389067,False,-0.7818750000000003,False
2024-04-10,STS-U1,9514.166875,9076.396166666667,55.617041666666665,4.826625,17631.35,0,5.167663888888888,2.755032890866703,-0.1237875925254746,False,-0.1229166666666667,False
2024-04-11,STS-U1,9550.11175,9076.365583333334,55.66079166666666,5.220666666666667,19019.35,0,5.2075458333333335,2.746556353371431,0.0047771942917638,False,0.3940416666666673,False
2024-04-12,STS-U1,9553.056583333331,9075.61925,55.597541666666665,5.262583333333334,19232.75,0,5.247395833333332,2.7380984844294094,0.005546732554131,False,0.0419166666666663,False
2024-04-13,STS-U1,9591.149041666666,9132.85725,54.16341666666667,5.0222500000000005,17370.07,0,5.280108333333333,2.7290342544565336,-0.0944870270177985,False,-0.240333333333333,False
2024-04-14,STS-U1,9589.421458333332,9133.105916666666,54.19233333333333,5.00125,17347.92,0,5.315444444444444,2.7179400722808844,-0.1156002104861619,False,-0.0210000000000007,False
2024-04-15,STS-U1,9628.178583333332,9082.195916666666,51.94397693592176,6.009250000000001,21884.93,0,5.396172222222222,2.7007567635744203,0.2270022188026949,False,1.008000000000001,False
2024-04-16,STS-U1,9540.946791666667,9077.030958333333,48.15758924133142,5.114249999999999,18924.43,0,5.308313888888889,2.664167904732898,-0.0728422140902361,False,-0.8950000000000014,False
2024-04-17,STS-U1,9562.198041666668,9078.666416666669,55.52845833333333,5.3285,19638.71,0,4.960811111111111,1.79183912848567,0.2052019531461133,False,0.2142500000000007,False
2024-04-18,STS-U1,9549.949416666666,9076.136708333332,48.95596893175488,5.221208333333333,19283.57,0,4.6771666666666665,0.6912244003906403,0.7870695339447011,False,-0.1072916666666667,False
2024-04-19,STS-U1,9562.270291666666,9078.260875,49.97264030749774,5.334,19755.8,0,4.733302777777777,0.6730679515657881,0.8924763403528475,False,0.1127916666666664,False
2024-04-20,STS-U1,9557.436791666669,9132.937,46.60534494131404,4.651,16273.65,0,4.758893055555556,0.6539588340950906,-0.1649844759798258,False,-0.6829999999999998,False
2024-04-21,STS-U1,9555.74525,9132.509791666664,54.37708333333333,4.639375,16360.82,0,4.781886111111111,0.6364135628132301,-0.2239284632482502,False,-0.0116249999999995,False
2024-04-22,STS-U1,9531.067166666666,9075.249416666667,55.70570833333333,5.0268749999999995,18896.2,0,4.819434722222222,0.6155003205507685,0.3370270832550563,False,0.3874999999999993,False
2024-04-23,STS-U1,9512.999625,9077.07725,55.64920833333333,4.804958333333333,17964.420000000002,0,4.850784722222222,0.5885436051827828,-0.0778640503190174,False,-0.2219166666666661,False
2024-04-24,STS-U1,9548.917291666668,9077.266625,55.683249999999994,5.197583333333333,19483.33,0,4.885719444444445,0.57646479361489,0.5409938166965156,False,0.3926249999999998,False
2024-04-25,STS-U1,9542.115625,9075.173416666668,55.692375,5.148541666666667,19438.16,0,4.913590277777777,0.5679404423307793,0.413690188930144,False,-0.0490416666666666,False
2024-04-26,STS-U1,9582.031041666669,9076.287458333334,55.76020833333333,5.573041666666666,20958.47,0,4.966856944444444,0.5515813173728135,1.0989942971772222,False,0.4244999999999992,False
2024-04-27,STS-U1,9617.426625,9132.905291666666,54.27729166666666,5.312333333333333,19052.29,0,5.014622222222223,0.5149927298957396,0.5780879880991365,False,-0.2607083333333326,False
2024-04-28,STS-U1,9558.565,9133.259791666664,54.343875,4.662041666666666,16705.3,0,5.035397222222222,0.486026379295742,-0.7681796121777424,False,-0.6502916666666669,False
2024-04-29,STS-U1,9548.6475,9075.862166666668,55.697375,5.2145,19937.98,0,5.0883263888888886,0.4074234148532779,0.3096866957353186,False,0.5524583333333339,False
2024-04-30,STS-U1,9571.020708333332,9077.064791666666,55.63166666666667,5.446041666666667,20777.42,0,5.146636111111111,0.3164074192002599,0.9462659134615816,False,0.2315416666666667,False
2024-05-01,STS-U1,9528.985916666668,9076.232041666666,55.67458333333334,4.991750000000001,19084.31,0,5.133098611111111,0.3139661086344983,-0.4502034048383896,False,-0.4542916666666663,False
2024-05-02,STS-U1,9549.421875,9076.197708333331,55.64775,5.214625,19897.05,0,5.139361111111111,0.3136452400499702,0.2399650282494264,False,0.2228749999999992,False
2024-05-03,STS-U1,9543.713875,9077.144708333331,55.67454166666667,5.143958333333333,19801.21,0,5.1306819444444445,0.3096370388750541,0.0428772634473029,False,-0.0706666666666668,False
2024-05-04,STS-U1,9578.217333333334,9133.716208333331,54.20104166666667,4.872625,17710.02,0,5.123744444444443,0.3131064653000769,-0.8020257397233036,False,-0.2713333333333327,False
2024-05-05,STS-U1,9590.008541666666,9134.786,54.290375,4.986541666666667,18030.96,0,5.1178486111111114,0.3139976933399569,-0.4181780542645014,False,0.1139166666666664,False
2024-05-06,STS-U1,9550.219625,9076.770708333332,55.71004166666666,5.21925,20152.5,0,5.1320625,0.3083788681331196,0.2827285168008432,False,0.232708333333333,False
2024-05-07,STS-U1,9549.508458333334,9075.816375,55.728874999999995,5.222125,20216.33,0,5.144956944444444,0.3035922054155825,0.2541832569446964,False,0.0028750000000004,False
2024-05-08,STS-U1,9555.722125,9076.856666666668,55.63929166666667,5.277333333333334,20418.3,0,5.129820833333333,0.2840346042081709,0.5193469310235465,False,0.0552083333333337,False
2024-05-09,STS-U1,9523.337166666666,9075.789541666669,55.751625,4.935791666666667,19291.09,0,5.1293625,0.2843464662224758,-0.6807569508596647,False,-0.3415416666666671,False
2024-05-10,STS-U1,9531.0165,9077.041458333331,55.642500000000005,5.005833333333333,19577.21,0,5.135336111111112,0.2796101604489898,-0.4631547636531764,False,0.0700416666666665,False
2024-05-11,STS-U1,9594.444791666669,9136.198416666666,54.098958333333336,5.023208333333334,18549.28,0,5.128754166666666,0.279856187699723,-0.3771431112560561,False,0.0173750000000003,False
2024-05-12,STS-U1,9673.89625,9139.575083333331,54.4635,5.844374999999999,21261.17,0,5.148147222222223,0.3081751238118728,2.259195256145311,False,0.8211666666666657,False
2024-05-13,STS-U1,9531.997375,9078.050166666666,55.44841666666667,5.003708333333333,19608.05,0,5.147529166666667,0.3084547875793213,-0.4662622825925475,False,-0.8406666666666665,False
2024-05-14,STS-U1,9557.037708333331,9076.582583333333,55.60333333333333,5.297125,20816.38,0,5.157391666666666,0.3083465121445757,0.4531698197637357,False,0.2934166666666673,False
2024-05-15,STS-U1,9559.30425,9076.805041666668,55.68758333333333,5.3185416666666665,20908.87,0,5.134368055555555,0.2653334712091302,0.6941212892283373,False,0.0214166666666661,False
2024-05-16,STS-U1,9518.38075,9075.672208333332,55.65687500000001,4.883708333333334,19436.48,0,5.126683333333333,0.2692459194381601,-0.9024277898325048,False,-0.4348333333333327,False
2024-05-17,STS-U1,9561.488375,9077.236375,55.407999999999994,5.336375,21050.2,0,5.126945833333334,0.2694532234900641,0.7772375626242559,False,0.4526666666666665,False
2024-05-18,STS-U1,9620.652333333332,9135.090625,49.58341328116697,5.322666666666667,19931.81,0,5.1303277777777785,0.271307450555072,0.7089333097759724,False,-0.0137083333333336,False
2024-05-19,STS-U1,9589.515375,9131.956458333332,54.17775,5.0172083333333335,18871.29,0,5.119768055555555,0.2692641730447204,-0.3808888537324583,False,-0.3054583333333331,False
2024-05-20,STS-U1,9529.562166666668,9073.694625,48.43200167960074,5.028291666666667,20115.95,0,5.132344444444445,0.2550505105328217,-0.4079692981613824,False,0.0110833333333335,False
2024-05-21,STS-U1,9530.575291666666,9076.031291666666,55.77266666666666,5.0104999999999995,19966.31,0,5.144715277777777,0.2387978653758502,-0.5620455508114903,False,-0.0177916666666675,False
2024-05-22,STS-U1,9583.491541666666,9074.670666666669,55.69179166666667,5.611583333333333,22508.87,0,5.164205555555556,0.2523265206126198,1.7730113215669714,False,0.6010833333333334,False
2024-05-23,STS-U1,9576.9825,9078.374166666666,55.69975,5.493333333333333,21855.26,0,5.187151388888889,0.2498180514818447,1.225619776586463,False,-0.1182499999999997,False
2024-05-24,STS-U1,9549.9155,9075.772166666668,55.52466666666667,5.226083333333333,20906.89,0,5.18810138888889,0.2499132609783888,0.1519805083401647,False,-0.2672499999999997,False
2024-05-25,STS-U1,9603.571375,9138.427083333334,47.237570413889316,5.09425,19198.42,0,5.1862916666666665,0.2504056957261722,-0.3675701800621889,False,-0.1318333333333337,False
2024-05-26,STS-U1,9611.080458333334,9134.159958333334,54.32975,5.226583333333333,19828.56,0,5.174743055555555,0.2397149244023889,0.2162580319394639,False,0.1323333333333334,False
2024-05-27,STS-U1,9526.087208333332,9076.716125,55.701458333333335,4.95575,20022.11,0,5.162856944444444,0.2414912427325098,-0.85761679016182,False,-0.270833333333333,False
2024-05-28,STS-U1,9531.872125,9076.226416666666,55.736250000000005,5.023666666666666,20300.58,0,5.174911111111112,0.2240244361771076,-0.6751247632864305,False,0.0679166666666661,False
2024-05-29,STS-U1,9536.710333333334,9076.006916666667,51.733480265729376,5.078,20501.54,0,5.17036111111111,0.2245781409560501,-0.4112649197197915,False,0.054333333333334,False
2024-05-30,STS-U1,9564.118,9077.546333333334,48.74307294704227,5.362125,21648.86,0,5.167563888888889,0.2215279064905543,0.8782690821817819,False,0.2841249999999995,False
2024-05-31,STS-U1,9580.961833333333,9080.415541666667,55.92933333333334,5.5125,22144.88,0,5.184922222222222,0.2275957420672738,1.439296600201558,False,0.1503750000000003,False
2024-06-01,STS-U1,9679.040458333331,9137.643666666669,77.74649001002905,5.922666666666667,22587.54,0,5.208523611111111,0.2645013966447599,2.699959488360246,True,0.410166666666667,False
2024-06-02,STS-U1,9654.062666666669,9137.404291666668,62.660125,5.6525,21582.35,0,5.225475,0.2762554132546396,1.545761565245375,False,-0.2701666666666673,False
2024-06-03,STS-U1,9552.717,9085.521166666667,64.14625,5.1414583333333335,20632.86,0,5.234436111111111,0.2686711346756841,-0.3460653779945959,False,-0.5110416666666664,False
2024-06-04,STS-U1,9564.53925,9088.163791666668,64.17254166666667,5.240208333333333,20993.92,0,5.242891666666667,0.2645606605363874,-0.0101426014279418,False,0.0987499999999999,False
2024-06-05,STS-U1,9575.60675,9086.995458333333,64.05116666666667,5.3735,21507.31,0,5.248033333333334,0.2655822787146061,0.4724210789737678,False,0.1332916666666666,False
2024-06-06,STS-U1,9566.546,9086.511625,60.21178851017594,5.28125,21218.83,0,5.250004166666667,0.2656027650937249,0.1176412200464376,False,-0.0922499999999999,False
2024-06-07,STS-U1,9536.866416666666,9084.9995,64.15295833333333,4.971875,20028.34,0,5.239822222222222,0.2703317773912237,-0.9911791532907712,False,-0.3093750000000002,False
2024-06-08,STS-U1,9641.156791666666,9139.348,62.65145833333333,5.492958333333333,21227.94,0,5.258394444444444,0.2678518836098078,0.8757223795767263,False,0.5210833333333333,False
2024-06-09,STS-U1,9630.907666666666,9138.4205,62.67783333333333,5.390708333333333,20874.79,0,5.271223611111111,0.2645344994039941,0.4516791665791261,False,-0.1022499999999997,False
2024-06-10,STS-U1,9563.958083333331,9088.80475,59.256276197856735,5.2255,21042.93,0,5.277966666666667,0.2605426397380074,-0.2013745877428175,False,-0.1652083333333331,False
2024-06-11,STS-U1,9601.9055,9086.317125,64.02374999999999,5.670375,22860.52,0,5.272166666666666,0.2491882162576094,1.5980223275151508,False,0.4448749999999997,False
2024-06-12,STS-U1,9589.134083333332,9091.739041666666,59.43205320534593,5.468583333333334,21993.75,0,5.2876625,0.2463565016474637,0.7343862740518702,False,-0.2017916666666659,False
2024-06-13,STS-U1,9570.823916666666,9084.873541666666,64.068375,5.344916666666666,21603.15,0,5.289255555555556,0.2465742258763893,0.2257377506236757,False,-0.1236666666666677,False
2024-06-14,STS-U1,9566.364041666666,9087.045,64.08429166666666,5.2716666666666665,21326.63,0,5.287693055555556,0.2465307610134681,-0.0650076640456793,False,-0.0732499999999998,False
2024-06-15,STS-U1,9665.145791666668,9136.366,62.59458333333333,5.784375,22400.75,0,5.317715277777777,0.250447485787688,1.8633036812269064,False,0.5127083333333333,False
2024-06-16,STS-U1,9632.51475,9137.854541666666,62.59220833333333,5.411083333333334,20982.67,0,5.320205555555556,0.2510102151408317,0.3620481251202872,False,-0.3732916666666659,False
2024-06-17,STS-U1,9556.475291666668,9086.38275,63.85025,5.171916666666667,21020.9,0,5.315180555555555,0.2524639772048302,-0.567462694975507,False,-0.2391666666666667,False
2024-06-18,STS-U1,9542.536291666664,9085.770625,64.06004166666666,5.025416666666667,20460.14,0,5.315454166666667,0.2521341428679631,-1.1503301246744928,False,-0.1465000000000005,False
2024-06-19,STS-U1,9566.001791666667,9085.671916666666,64.10608333333333,5.2825,21439.54,0,5.323927777777778,0.2463559778695417,-0.1681622590855741,False,0.2570833333333331,False
2024-06-20,STS-U1,9552.235,9088.522125,63.98795833333333,5.099375,20704.78,0,5.326890277777778,0.2429680306107544,-0.9364000572662484,False,-0.1831249999999995,False
2024-06-21,STS-U1,9585.239041666666,9085.893625,64.24991666666666,5.493083333333334,22378.57,0,5.322940277777778,0.2391127546678459,0.7115599324339832,False,0.3937083333333335,False
2024-06-22,STS-U1,9685.316916666668,9139.168125,62.620416666666664,5.9736666666666665,23227.95,0,5.338951388888889,0.2655373694945822,2.3903049088189743,False,0.4805833333333327,False
2024-06-23,STS-U1,9648.463291666669,9138.182833333334,62.52154166666667,5.5865833333333335,21888.33,0,5.350968055555556,0.2683951742304797,0.8778670423315706,False,-0.387083333333333,False
2024-06-24,STS-U1,9541.704583333334,9087.473375,57.69779743880596,4.99625,20357.27,0,5.347701388888889,0.2721969192427216,-1.2911659318799829,False,-0.5903333333333336,False
2024-06-25,STS-U1,9558.951833333334,9085.796333333334,64.11770833333334,5.205291666666667,21248.23,0,5.346991666666667,0.2725511376847631,-0.5199024344704537,False,0.2090416666666668,False
2024-06-26,STS-U1,9564.991416666666,9088.641708333334,64.01916666666666,5.238208333333334,21337.13,0,5.356406944444444,0.2632911005443976,-0.4489274831800831,False,0.0329166666666669,False
2024-06-27,STS-U1,9569.484916666666,9086.599166666669,64.07683333333334,5.3116666666666665,21674.4,0,5.366006944444445,0.255886875945314,-0.2123605502510865,False,0.0734583333333329,False
2024-06-28,STS-U1,9581.853875,9086.338083333334,64.12854166666666,5.4507916666666665,22258.02,0,5.378433333333334,0.2504115715625296,0.2889576263661779,False,0.1391249999999999,False
2024-06-29,STS-U1,9642.007708333333,9137.4505,62.653416666666665,5.5212916666666665,21595.15,0,5.383738888888889,0.2517367792011258,0.5464151015767125,False,0.0705,False
2024-06-30,STS-U1,9670.766666666666,9137.1595,62.559333333333335,5.836875,22777.73,0,5.394551388888889,0.2641196424849509,1.6747092603546665,False,0.3155833333333335,False
2024-07-01,STS-U1,9780.376541666668,9284.836208333332,58.037083333333335,5.346875,18833.15,0,5.375358333333334,0.2446202173132729,-0.1164389993851435,False,-0.4900000000000002,False
2024-07-02,STS-U1,9735.110291666666,9273.945833333331,58.028875,4.983666666666667,17740.59,0,5.353063888888889,0.2489312369790814,-1.48393277880696,False,-0.3632083333333327,False
2024-07-03,STS-U1,9732.585833333333,9270.773083333332,58.153416666666665,4.9937499999999995,17868.61,0,5.348140277777778,0.254655843673135,-1.3916440033972193,False,0.0100833333333323,False
2024-07-04,STS-U1,9750.881416666669,9267.645083333333,52.928471860565494,5.228041666666667,18790.6,0,5.3477347222222225,0.2548432784314779,-0.4696731900964714,False,0.2342916666666674,False
2024-07-05,STS-U1,9718.290166666668,9273.2615,58.05504166666666,4.807458333333333,17093.49,0,5.328866666666667,0.2731655063249887,-1.908763446556857,False,-0.420583333333334,False
2024-07-06,STS-U1,9817.070041666668,9380.397125,56.6275,4.664416666666667,15413.57,0,5.308305555555555,0.2988775610444038,-2.1543567427372934,False,-0.143041666666666,False
2024-07-07,STS-U1,9875.707916666666,9384.957083333333,49.888433283168055,5.240458333333334,17298.97,0,5.317258333333333,0.2924049658956936,-0.2626494381336722,False,0.5760416666666668,False
2024-07-08,STS-U1,9726.745,9270.075416666668,50.58175357768059,4.939,17678.89,0,5.298793055555556,0.2983575233569553,-1.205912462026636,False,-0.3014583333333336,False
2024-07-09,STS-U1,9753.529166666667,9276.309791666668,58.03616666666667,5.153375,18259.94,0,5.290881944444445,0.2989821562424068,-0.4599168932775989,False,0.2143749999999995,False
2024-07-10,STS-U1,9765.424416666669,9272.987541666667,58.06608333333333,5.3144583333333335,18724.03,0,5.293847222222223,0.2987523956951488,0.0689906136590185,False,0.1610833333333339,False
2024-07-11,STS-U1,9785.058333333332,9273.112375,58.15795833333333,5.532791666666667,19682.34,0,5.289261111111111,0.2937878152747273,0.8289334781560812,False,0.2183333333333337,False
2024-07-12,STS-U1,9750.647208333334,9268.141166666666,58.063375,5.2124999999999995,18467.49,0,5.280725,0.2921134040958964,-0.23355655387044,False,-0.3202916666666677,False
2024-07-13,STS-U1,9851.553458333334,9381.079125,56.71066666666667,5.028875,16639.14,0,5.270190277777777,0.2953989369149418,-0.8169131558088921,False,-0.1836249999999992,False
2024-07-14,STS-U1,9827.483083333333,9379.355083333334,48.55893883488404,4.788708333333333,15823.4,0,5.254091666666667,0.3081985002254063,-1.5100116742715075,False,-0.240166666666667,False
2024-07-15,STS-U1,9766.993041666668,9272.690708333334,58.1335,5.339375,18878.22,0,5.239258333333334,0.2920837828960126,0.3427669474628452,False,0.5506666666666673,False
2024-07-16,STS-U1,9718.538875,9273.432125,58.107708333333335,4.807916666666666,16972.17,0,5.2191527777777775,0.300486958380511,-1.3685655887612829,False,-0.531458333333334,False
2024-07-17,STS-U1,9750.911833333334,9272.810541666668,58.088625,5.160958333333333,18153.54,0,5.2187875,0.3005530128740275,-0.1924092063282869,False,0.3530416666666669,False
2024-07-18,STS-U1,9783.028666666669,9276.259083333332,57.912708333333335,5.472,19248.87,0,5.2336736111111115,0.301702507889286,0.7899383752432914,False,0.3110416666666671,False
2024-07-19,STS-U1,9755.79675,9273.660958333334,58.130500000000005,5.202375,18191.17,0,5.2310027777777774,0.3016100062948714,-0.0949165385109581,False,-0.2696250000000004,False
2024-07-20,STS-U1,9864.72475,9389.765208333332,51.65762537257425,5.061625,16409.67,0,5.229744444444445,0.3022561564164356,-0.5562151204384962,False,-0.1407499999999997,False
2024-07-21,STS-U1,9828.792416666667,9385.148125,56.611250000000005,4.741458333333333,15585.62,0,5.204690277777778,0.3107082763366912,-1.4908902649972386,False,-0.3201666666666671,False
2024-07-22,STS-U1,9762.199833333334,9269.535,58.132666666666665,5.325833333333333,18821.42,0,5.183095833333334,0.275994172155752,0.5171757754343013,False,0.5843749999999996,False
2024-07-23,STS-U1,9744.954041666666,9278.43125,58.073625,5.034125,17561.31,0,5.164680555555555,0.2664082414144738,-0.4900582461802986,False,-0.2917083333333323,False
2024-07-24,STS-U1,9783.081083333333,9276.747375,58.12529166666667,5.473541666666667,19301.78,0,5.180590277777778,0.2702272311879338,1.0840927748142115,False,0.4394166666666663,False
2024-07-25,STS-U1,9738.155875,9276.45775,58.016124999999995,4.985708333333333,17426.25,0,5.1732708333333335,0.2724993845888376,-0.6883043067528578,False,-0.4878333333333335,False
2024-07-26,STS-U1,9749.503541666669,9273.81625,58.135250000000006,5.1347499999999995,17885.7,0,5.169822222222223,0.2723038181234802,-0.1287981287369215,False,0.1490416666666663,False
2024-07-27,STS-U1,9863.526125,9377.408583333334,52.026217389899635,5.192583333333333,16895.03,0,5.165852777777777,0.2710297883270443,0.0986258954063783,False,0.0578333333333338,False
2024-07-28,STS-U1,9791.79375,9381.260833333334,56.640125000000005,4.383791666666666,14208.13,0,5.13028611111111,0.3007311215409615,-2.4822653559078582,False,-0.808791666666667,False
2024-07-29,STS-U1,9775.613541666668,9280.721291666669,58.00504166666667,5.344,18585.26,0,5.124376388888889,0.2944590337271127,0.7458545534542698,False,0.960208333333334,False
2024-07-30,STS-U1,9749.865333333331,9267.645333333334,58.264125,5.2091666666666665,18157.3,0,5.103452777777777,0.262670552086813,0.4024580907491705,False,-0.1348333333333338,False
2024-07-31,STS-U1,9756.417958333332,9270.767416666667,58.05925,5.2484166666666665,18286.05,0,5.100170833333334,0.2601270091045206,0.5698978888953674,False,0.03925,False
2024-08-01,STS-U1,9747.487,9275.26125,58.04320833333333,5.101375,17712.43,0,5.104094444444444,0.2591951835803551,-0.0104918787721252,False,-0.1470416666666665,False
2024-08-02,STS-U1,9725.325166666667,9269.072875,58.101791666666664,4.934833333333333,17238.45,0,5.102130555555556,0.2602810069026951,-0.6427561665487433,False,-0.1665416666666672,False
2024-08-03,STS-U1,9842.904708333332,9387.304375,56.618291666666664,4.86825,15701.39,0,5.090137499999999,0.2625584584491829,-0.8450975120382371,False,-0.066583333333333,False
2024-08-04,STS-U1,9810.189958333334,9377.846333333331,56.73116666666667,4.616375000000001,14816.75,0,5.083768055555555,0.2718073404565669,-1.7195748090189664,False,-0.2518749999999992,False
2024-08-05,STS-U1,9756.365666666668,9276.983791666667,57.89216666666667,5.178583333333333,17858.19,0,5.100906944444445,0.260425367138189,0.2982673682770359,False,0.5622083333333325,False
2024-08-06,STS-U1,9751.392375,9276.036333333332,58.12766666666667,5.136041666666666,17733.38,0,5.097426388888889,0.2591907973953252,0.1489839846392409,False,-0.0425416666666667,False
2024-08-07,STS-U1,9729.509291666667,9273.379625,51.28764370995598,4.929833333333334,17006.09,0,5.097120833333333,0.2593893309178614,-0.6449282220207163,False,-0.2062083333333326,False
2024-08-08,STS-U1,9753.178208333333,9276.070291666669,57.944583333333334,5.1514999999999995,17617.89,0,5.097058333333333,0.2593755345745357,0.2098951497332598,False,0.2216666666666658,False
2024-08-09,STS-U1,9763.610166666667,9268.380375,58.03820833333333,5.3520416666666675,18385.82,0,5.098311111111111,0.2605498844851762,0.9738271657917086,False,0.2005416666666679,False
2024-08-10,STS-U1,9842.637333333334,9386.8895,53.7371139925415,4.8581666666666665,15268.63,0,5.075823611111111,0.2506836444471668,-0.868253471120717,False,-0.4938750000000009,False
2024-08-11,STS-U1,9817.768083333334,9381.276666666668,56.6225,4.666458333333334,14893.21,0,5.057622222222222,0.2600654544169622,-1.504097842467521,False,-0.1917083333333327,False
2024-08-12,STS-U1,9760.261125,9266.934958333331,58.21491666666666,5.330666666666667,18190.74,0,5.067681944444445,0.2647105186850516,0.9934804386640828,False,0.6642083333333328,False
2024-08-13,STS-U1,9749.474625,9268.407333333334,58.101,5.1937500000000005,17578.96,0,5.081183333333333,0.2602834235220279,0.432477278589127,False,-0.1369166666666661,False
2024-08-14,STS-U1,9751.901708333333,9271.9485,57.995583333333336,5.18475,17589.44,0,5.076029166666667,0.2564977993410722,0.4238665345770231,False,-0.0090000000000003,False
2024-08-15,STS-U1,9758.734833333334,9270.39775,58.281083333333335,5.27475,17864.1,0,5.091590277777778,0.2538179990432762,0.7216183364166913,False,0.0899999999999998,False
2024-08-16,STS-U1,9764.998416666667,9275.993041666668,58.20545833333333,5.2824583333333335,17875.9,0,5.095640277777778,0.2559236372511335,0.7299757754389604,False,0.0077083333333334,False
2024-08-17,STS-U1,9814.737166666668,9375.043416666667,56.785625,4.696208333333334,14731.75,0,5.069780555555555,0.2557779084945008,-1.4605335715701695,False,-0.5862499999999997,False
2024-08-18,STS-U1,9826.541916666669,9375.978041666667,51.403910960204165,4.82125,15271.27,0,5.057076388888889,0.2584164035152679,-0.9125828921110116,False,0.1250416666666662,False
2024-08-19,STS-U1,9751.190041666669,9275.866333333332,51.639316068618996,5.128833333333334,17096.23,0,5.059316666666666,0.25874830630427,0.2686652046522809,False,0.3075833333333335,False
2024-08-20,STS-U1,9732.452333333333,9274.924333333334,58.019875000000006,4.936708333333333,16423.1,0,5.065825,0.2528661923445788,-0.5106126108417101,False,-0.1921250000000007,False
2024-08-21,STS-U1,9723.274125,9269.213625,58.15566666666667,4.9050416666666665,16393.25,0,5.051798611111112,0.2495957272658475,-0.5879785926308448,False,-0.0316666666666662,False
2024-08-22,STS-U1,9724.802083333334,9278.182708333334,57.91216666666667,4.824166666666667,16098.03,0,5.0447999999999995,0.2530283692619144,-0.8719707358385221,False,-0.0808749999999998,False
2024-08-23,STS-U1,9717.208416666666,9270.845041666666,58.14095833333334,4.81925,15978.16,0,5.022990277777779,0.242789875104929,-0.8391629910008638,False,-0.0049166666666664,False
2024-08-24,STS-U1,9810.531666666668,9375.490833333331,56.8225,4.649666666666667,14429.82,0,5.011788888888889,0.25214098560205,-1.436189445192991,False,-0.1695833333333336,False
2024-08-25,STS-U1,9851.175166666666,9387.984375,56.70279166666666,4.949083333333333,15317.47,0,5.0056,0.2512959996300766,-0.2249007813489392,False,0.2994166666666666,False
2024-08-26,STS-U1,9767.3195,9275.639125,52.44482241562452,5.310958333333333,17574.37,0,5.009545833333334,0.2552317783859197,1.1809364096670287,False,0.3618749999999995,False
2024-08-27,STS-U1,9758.547333333334,9270.966333333332,49.333738233618355,5.2709166666666665,17477.03,0,5.039116666666668,0.2304170110263328,1.006002113157817,False,-0.0400416666666663,False
2024-08-28,STS-U1,9713.005083333332,9274.706541666666,57.97175000000001,4.7320416666666665,15517.83,0,5.018718055555555,0.2295817845983592,-1.2486896091970572,False,-0.538875,False
2024-08-29,STS-U1,9762.788958333333,9273.898291666666,58.06641666666667,5.276083333333333,17228.93,0,5.020948611111112,0.2318101951099547,1.1006190737262582,False,0.5440416666666668,False
2024-08-30,STS-U1,9822.231291666669,9283.4635,75.9450620081495,5.803958333333333,18725.7,0,5.039466666666667,0.2697008551953556,2.834591184788469,True,0.5278749999999999,False
2024-08-31,STS-U1,9795.373666666666,9380.657458333331,56.563583333333334,4.43325,13552.58,0,5.017195833333333,0.2911454365911436,-2.0056843073703052,False,-1.370708333333333,False
2024-09-01,STS-U1,9814.955916666668,9379.112083333332,56.719875,4.654791666666667,14131.07,0,5.0078611111111115,0.2982791668329214,-1.1836879128813351,False,0.2215416666666669,False
2024-09-02,STS-U1,9806.851375,9276.424833333333,58.106458333333336,5.724666666666667,18534.7,0,5.036408333333333,0.3243037106160695,2.122264749995833,False,1.0698749999999997,False
2024-09-03,STS-U1,9755.976083333331,9272.535041666666,53.29649324244613,5.2242500000000005,17007.54,0,5.0566708333333334,0.3160397960699802,0.5302470408807638,False,-0.5004166666666663,False
2024-09-04,STS-U1,9779.566916666668,9272.554625,58.174791666666664,5.47275,17668.48,0,5.066476388888889,0.3244054602193579,1.2523636650147494,False,0.2484999999999999,False
2024-09-05,STS-U1,9680.646666666666,9386.755541666667,68.25470720953555,3.130333333333333,9200.6,0,4.999619444444445,0.4792826266149974,-3.900174985088056,True,-2.3424166666666673,True
2024-09-06,STS-U1,9595.724125,9299.237833333333,66.95579181452042,3.198,10144.39,0,4.941891666666667,0.5813963832893346,-2.9994883298040933,True,0.0676666666666667,False
2024-09-07,STS-U1,9718.523333333333,9380.4875,48.33108333333333,3.60875,10593.56,0,4.890466666666667,0.6285348593137924,-2.039213335066237,False,0.4107500000000001,False
2024-09-08,STS-U1,9721.003541666669,9379.418,48.27420833333333,3.63825,10493.05,0,4.833340277777777,0.6621208969259289,-1.8049426975138525,False,0.0294999999999996,False
2024-09-09,STS-U1,9619.53025,9269.829291666669,49.52158333333333,3.7774583333333336,11890.9,0,4.797316666666666,0.6895540212022072,-1.4790115088521336,False,0.1392083333333338,False
2024-09-10,STS-U1,9554.700291666666,9274.220708333332,49.53229166666667,3.0229166666666667,9340.74,0,4.742531944444445,0.761812452697312,-2.2572685333368083,False,-0.7545416666666669,False
2024-09-11,STS-U1,9603.637125,9272.784041666668,49.71216666666667,3.573541666666667,11219.99,0,4.6839611111111115,0.7823066627297821,-1.419417087117404,False,0.5506250000000001,False
2024-09-12,STS-U1,9586.512,9265.356583333332,49.79216666666667,3.4714166666666664,10917.94,0,4.62655,0.8064311752094045,-1.4324016343160124,False,-0.1021250000000004,False
2024-09-13,STS-U1,9559.998708333334,9274.938041666666,49.575583333333334,3.080333333333334,9640.69,0,4.556402777777778,0.8467215828458403,-1.7432760358881594,False,-0.391083333333333,False
2024-09-14,STS-U1,9703.934833333333,9377.432666666666,48.35254166666667,3.483916666666667,10026.88,0,4.496708333333333,0.8573915263204643,-1.1812475812690952,False,0.4035833333333336,False
2024-09-15,STS-U1,9743.082708333332,9381.928625,41.14647635188246,3.854,11072.86,0,4.449093055555555,0.8518972973488588,-0.6985502330005166,False,0.3700833333333326,False
2024-09-16,STS-U1,9587.041125,9273.477083333331,49.694,3.3820833333333336,10402.82,0,4.405288888888889,0.8722942557133188,-1.1730050368368288,False,-0.4719166666666661,False
2024-09-17,STS-U1,9592.813666666669,9272.368041666668,42.94073365290522,3.466791666666667,10851.2,0,4.360140277777778,0.8849824129475449,-1.00945351912215,False,0.0847083333333333,False
2024-09-18,STS-U1,9581.546916666666,9273.108166666669,49.84825,3.329375,10238.29,0,4.300158333333333,0.8920390299950386,-1.0882745044672903,False,-0.1374166666666667,False
2024-09-19,STS-U1,9589.415708333334,9269.228791666666,49.808875,3.453333333333333,10537.41,0,4.2507125,0.8966382668363665,-0.8892986125609845,False,0.1239583333333329,False
2024-09-20,STS-U1,9602.871,9270.96825,49.596833333333336,3.5904166666666666,11172.68,0,4.2068916666666665,0.8956808473937234,-0.6882752955964567,False,0.1370833333333334,False
2024-09-21,STS-U1,9654.05325,9385.810291666668,48.23716666666667,2.8561666666666667,7995.17,0,4.141291666666667,0.9206334032320138,-1.395913938695236,False,-0.7342499999999998,False
2024-09-22,STS-U1,9694.113791666668,9377.996166666666,48.367124999999994,3.3714583333333334,9515.34,0,4.093031944444444,0.9218152232183588,-0.782774674290864,False,0.5152916666666667,False
2024-09-23,STS-U1,9600.88925,9269.35775,45.56406967027557,3.5837916666666665,11062.02,0,4.057502777777779,0.9201605868648262,-0.5148135204585778,False,0.212333333333333,False
2024-09-24,STS-U1,9572.367666666669,9277.585875,49.591125,3.181125,9631.81,0,3.9985708333333334,0.9177014495188528,-0.8907535601713579,False,-0.4026666666666667,False
2024-09-25,STS-U1,9555.242958333334,9279.452291666666,49.534083333333335,2.969208333333333,8976.85,0,3.9205125,0.901675369122578,-1.0550406490446589,False,-0.2119166666666667,False
2024-09-26,STS-U1,9602.327208333334,9270.035916666666,49.669999999999995,3.5900833333333337,10930.69,0,3.864484722222222,0.8664026763805028,-0.3167134594219304,False,0.6208750000000007,False
2024-09-27,STS-U1,9564.27575,9272.186875,49.63633333333333,3.1537916666666668,9537.57,0,3.811876388888889,0.8597985890214986,-0.7653940476584885,False,-0.4362916666666669,False
2024-09-28,STS-U1,9674.117291666667,9381.830458333334,42.82983968489475,3.1184999999999996,8722.19,0,3.739956944444444,0.8225287217006109,-0.7555443695140003,False,-0.0352916666666671,False
2024-09-29,STS-U1,9702.646208333334,9382.867791666666,48.41095833333333,3.4138333333333333,9576.8,0,3.660286111111111,0.7257786085092449,-0.3395701869527318,False,0.2953333333333336,False
2024-09-30,STS-U1,9553.342708333334,9274.79325,44.71714224346686,3.0083333333333333,9150.22,0,3.612788888888889,0.7200520272361545,-0.8394609454482004,False,-0.4054999999999999,False
2024-10-01,STS-U1,9574.423083333331,9215.055,51.04091666666667,3.902875,12243.96,0,3.5877250000000003,0.6951880654270991,0.4533305671845539,False,0.8945416666666666,False
2024-10-02,STS-U1,9580.524666666666,9212.6035,51.09016666666667,3.9928333333333335,12431.27,0,3.529997222222222,0.5727406926121377,0.808107608000094,False,0.0899583333333335,False
2024-10-03,STS-U1,9580.509625,9213.08575,50.980625,3.995041666666667,12579.76,0,3.4890236111111106,0.4845308389999368,1.0443464374733478,False,0.0022083333333333,False
2024-10-04,STS-U1,9589.307541666669,9213.214791666667,51.190125,4.0893749999999995,12869.61,0,3.442911111111111,0.3306104285647191,1.955364480471429,False,0.0943333333333327,False
2024-10-05,STS-U1,9655.607125,9310.589583333332,49.62475,3.7097083333333334,10777.91,0,3.4622236111111113,0.3286377903288248,0.753062275566655,False,-0.3796666666666661,False
2024-10-06,STS-U1,9671.4445,9310.931875,43.063715809314864,3.878875,11296.38,0,3.4849194444444445,0.3332397064870547,1.1821987232810738,False,0.1691666666666669,False
2024-10-07,STS-U1,9599.887875,9210.911416666668,47.63320534469694,4.2242500000000005,13110.48,0,3.505436111111111,0.3590725607663262,2.001862485272642,False,0.3453750000000002,False
2024-10-08,STS-U1,9584.467166666667,9213.181625,45.665576608099805,4.037416666666666,12641.59,0,3.5187416666666667,0.3713494803955576,1.396730108380689,False,-0.1868333333333343,False
2024-10-09,STS-U1,9559.906125,9212.333416666666,46.333751599776896,3.777416666666667,11757.87,0,3.518740277777778,0.3713484794761164,0.6965866381190501,False,-0.2599999999999993,False
2024-10-10,STS-U1,9560.479375,9210.322916666666,51.232125,3.807083333333334,11864.98,0,3.544879166666667,0.3627431180957486,0.7228370535135987,False,0.0296666666666665,False
2024-10-11,STS-U1,9545.505291666666,9212.964333333332,51.034416666666665,3.612833333333333,11192.83,0,3.546188888888889,0.362921065358195,0.1836334421058405,False,-0.1942500000000002,False
2024-10-12,STS-U1,9677.630708333332,9310.209583333331,49.726,3.95,11369.78,0,3.5621416666666668,0.3699709720867213,1.0483480126717046,False,0.3371666666666666,False
2024-10-13,STS-U1,9655.937208333333,9311.749833333331,49.730291666666666,3.7034583333333337,10700.26,0,3.5829125,0.3593272156887621,0.3354764907029651,False,-0.2465416666666664,False
2024-10-14,STS-U1,9616.538666666664,9213.544791666667,51.06183333333333,4.3754583333333334,13443.81,0,3.612630555555555,0.3866834769144626,1.9727446951308996,False,0.6720000000000002,False
2024-10-15,STS-U1,9633.183333333332,9217.330083333332,51.25329166666666,4.516333333333333,13904.17,0,3.634708333333333,0.4185358667918426,2.10645029482855,False,0.1408749999999994,False
2024-10-16,STS-U1,9589.688083333333,9212.640083333334,51.04754166666667,4.100875,12738.01,0,3.658668055555556,0.4241122900983644,1.0426647724400615,False,-0.4154583333333326,False
2024-10-17,STS-U1,9592.9995,9214.388125,51.311125,4.110541666666666,12614.21,0,3.6801263888888887,0.4303096404588979,1.00024549140653,False,0.009666666666666,False
2024-10-18,STS-U1,9586.674375,9212.24175,51.145916666666665,4.071916666666667,12620.57,0,3.7048777777777775,0.4307939487008138,0.8520056746289105,False,-0.0386249999999996,False
2024-10-19,STS-U1,9666.940583333331,9305.172625,49.630374999999994,3.8966666666666665,11258.09,0,3.719655555555556,0.4294694501506692,0.4121622877925557,False,-0.1752500000000001,False
2024-10-20,STS-U1,9690.313583333334,9310.4305,49.723958333333336,4.08475,11673.98,0,3.7361333333333335,0.4338012415491116,0.8036322473899569,False,0.1880833333333331,False
2024-10-21,STS-U1,9581.325583333331,9213.297125,51.158625,3.998958333333333,12288.17,0,3.774226388888889,0.4029428477336225,0.5577265999594304,False,-0.0857916666666667,False
2024-10-22,STS-U1,9597.662541666668,9213.092166666667,51.21675,4.18025,12874.35,0,3.8011861111111114,0.4021216784963732,0.9426596703423128,False,0.181291666666667,False
2024-10-23,STS-U1,9582.768833333334,9212.979833333333,51.0215,4.022833333333334,12442.09,0,3.815820833333333,0.4019261975053999,0.5150510250012242,False,-0.1574166666666663,False
2024-10-24,STS-U1,9564.171375,9217.232708333331,51.021125000000005,3.77175,11596.75,0,3.8355083333333337,0.3838224664502138,-0.1661141254262758,False,-0.2510833333333333,False
2024-10-25,STS-U1,9565.515916666667,9211.092291666666,51.031041666666674,3.857166666666666,11952.6,0,3.865106944444445,0.347204696993565,-0.0228691542670141,False,0.0854166666666662,False
2024-10-26,STS-U1,9669.698833333334,9309.144333333334,49.577125,3.874875,11003.52,0,3.8746,0.3432971886314125,0.0008010552055381,False,0.0177083333333332,False
2024-10-27,STS-U1,9680.5985,9309.515875,46.60336557463443,3.989875,11349.95,0,3.902469444444444,0.3155814735044346,0.2769666881421906,False,0.1150000000000002,False
2024-10-28,STS-U1,9577.687166666668,9214.113833333333,51.03116666666667,3.951791666666667,12113.74,0,3.930245833333333,0.2787185630671861,0.0773031874742404,False,-0.0380833333333332,False
2024-10-29,STS-U1,9586.339166666668,9216.52275,48.29550384254877,4.016333333333333,12266.64,0,3.9503291666666662,0.2613932210103982,0.2525090987881455,False,0.064541666666666,False
2024-10-30,STS-U1,9571.717083333331,9211.427583333332,51.037791666666664,3.920125,12117.84,0,3.980722222222222,0.1918431534822223,-0.3158685682668231,False,-0.0962083333333327,False
2024-10-31,STS-U1,9580.728458333331,9212.527791666667,51.03345833333333,4.004625,12346.54,0,3.984113888888889,0.1913181247877333,0.1072094509282271,False,0.0844999999999998,False
2024-11-01,STS-U1,9580.874208333333,9212.199166666667,51.13941666666667,4.008291666666667,12320.17,0,3.9846291666666662,0.1913632303696523,0.1236522813410474,False,0.0036666666666667,False
2024-11-02,STS-U1,9685.112125,9310.313625,49.64833333333333,4.029875,11466.98,0,3.9857902777777783,0.1915341881875415,0.2301663355215499,False,0.021583333333333,False
2024-11-03,STS-U1,9675.608125,9310.569125,49.648374999999994,3.927208333333333,11213.28,0,3.980384722222222,0.1907969186393877,-0.2787067488725739,False,-0.1026666666666664,False
2024-11-04,STS-U1,9577.555458333334,9214.835,51.078125,3.9447083333333337,12175.53,0,3.988218055555555,0.1840040033855295,-0.2364607368409244,False,0.0175,False
2024-11-05,STS-U1,9618.127625,9218.678666666669,51.2155,4.332166666666667,13096.38,0,4.003327777777778,0.1931019345528203,1.7029290237324868,False,0.3874583333333334,False
2024-11-06,STS-U1,9622.516583333334,9214.984666666667,51.359625,4.419208333333334,13379.02,0,4.0098263888888885,0.2037785652952224,2.0089548861596733,False,0.0870416666666669,False
2024-11-07,STS-U1,9600.15775,9214.37375,51.06125,4.188375,12755.8,0,4.014858333333334,0.2063311847069548,0.8409619074940414,False,-0.2308333333333339,False
2024-11-08,STS-U1,9622.939541666668,9215.102166666666,51.24141666666667,4.431583333333333,13598.88,0,4.036663888888889,0.2147669858930234,1.8388275218480556,False,0.2432083333333334,False
2024-11-09,STS-U1,9674.639875,9306.773791666668,49.552375000000005,3.9605,11384.19,0,4.041777777777778,0.2109036419423688,-0.3853787304440555,False,-0.4710833333333331,False
2024-11-10,STS-U1,9656.890541666666,9311.493916666666,49.50625,3.712541666666666,10568.54,0,4.045101388888889,0.2046023669316835,-1.625395283590554,False,-0.2479583333333335,False
2024-11-11,STS-U1,9566.422041666669,9211.921916666666,51.150875000000006,3.8524166666666666,11824.08,0,4.041848611111111,0.2069288932658354,-0.9154446315096592,False,0.1398749999999999,False
2024-11-12,STS-U1,9592.293875,9213.305666666667,51.17525,4.120541666666667,12722.66,0,4.055751388888889,0.1971917882442929,0.3285647863668236,False,0.2681250000000004,False
2024-11-13,STS-U1,9559.865541666666,9210.416208333334,51.146625,3.798583333333333,11722.73,0,4.036522222222222,0.1930234479350998,-1.2326942215273793,False,-0.3219583333333338,False
2024-11-14,STS-U1,9607.863708333332,9211.581791666666,51.05833333333334,4.307291666666667,13287.89,0,4.029554166666667,0.1783182227021726,1.557538516205813,False,0.5087083333333338,False
2024-11-15,STS-U1,9566.062791666664,9212.777166666669,51.09858333333333,3.8389583333333337,11844.54,0,4.020823611111111,0.1810960595060168,-1.00424757045437,False,-0.4683333333333332,False
2024-11-16,STS-U1,9693.533916666667,9308.047333333334,49.876083333333334,4.1535,12065.3,0,4.022255555555556,0.181997525657561,0.721133125135935,False,0.3145416666666665,False
2024-11-17,STS-U1,9644.660666666668,9308.527875,49.84620833333333,3.6175,10433.42,0,4.007108333333333,0.1960865013715207,-1.9869207243141689,False,-0.5360000000000005,False
2024-11-18,STS-U1,9570.075625,9210.105083333334,51.079708333333336,3.9134583333333337,12127.58,0,4.0076680555555555,0.1957841111053885,-0.4811918683815466,False,0.2959583333333335,False
2024-11-19,STS-U1,9563.204083333332,9213.315541666669,51.07270833333333,3.80475,11829.9,0,3.9983347222222223,0.1986360303858729,-0.9745700306543672,False,-0.1087083333333329,False
2024-11-20,STS-U1,9570.700375,9214.582291666668,51.002916666666664,3.869125,11977.49,0,3.994006944444444,0.2000314439133194,-0.6243115682280426,False,0.0643749999999996,False
2024-11-21,STS-U1,9582.713625,9212.711583333334,50.99183333333334,4.027708333333334,12649.25,0,3.988922222222222,0.1970505321095838,0.1968333233910889,False,0.1585833333333339,False
2024-11-22,STS-U1,9567.545458333334,9214.630291666666,51.16425,3.8365833333333335,11959.91,0,3.982713888888889,0.1988708925723534,-0.7348011248171489,False,-0.1911250000000004,False
2024-11-23,STS-U1,9662.958541666669,9309.225666666667,45.726358133205935,3.8052083333333337,11021.29,0,3.9838291666666663,0.1977375890839733,-0.9033226012353068,False,-0.0313750000000001,False
2024-11-24,STS-U1,9684.931333333334,9310.119833333332,49.712,4.029083333333333,11639.6,0,3.9895597222222223,0.1964270367873501,0.2012126831292521,False,0.223875,False
2024-11-25,STS-U1,9606.067083333332,9212.642916666666,51.090625,4.276958333333334,13383.48,0,4.0029625,0.2019713350473367,1.356607526850861,False,0.2478750000000005,False
2024-11-26,STS-U1,9613.602625,9214.652166666669,51.055625,4.336833333333334,13601.48,0,4.0145277777777775,0.2109311022042122,1.5280134232813007,False,0.0598749999999999,False
2024-11-27,STS-U1,9593.125833333334,9212.4245,51.15716666666666,4.1375,12952.95,0,4.020718055555556,0.2117499117019215,0.5515088223925066,False,-0.1993333333333335,False
2024-11-28,STS-U1,9604.377625,9214.838583333332,51.16375,4.234916666666667,13312.11,0,4.028004166666666,0.2153242883001193,0.9609343267007834,False,0.0974166666666667,False
2024-11-29,STS-U1,9551.22725,9213.261541666669,51.09366666666667,3.6745416666666664,11583.56,0,4.019818055555556,0.2240581341341393,-1.541012515449133,False,-0.5603750000000005,False
2024-11-30,STS-U1,9712.459083333331,9314.624416666667,50.096125,4.271166666666667,12379.7,0,4.028702777777778,0.2286720678161327,1.0603126617276464,False,0.5966250000000004,False
2024-12-01,STS-U1,9664.245083333331,9309.146375,49.814625,3.82025,11237.32,0,4.022434722222222,0.2318065345894652,-0.8722132125407778,False,-0.4509166666666671,False
2024-12-02,STS-U1,9571.515708333334,9210.9295,51.15158333333333,3.92225,12456.11,0,4.018847222222222,0.2325191375897361,-0.4154377279373067,False,0.1020000000000003,False
2024-12-03,STS-U1,9594.099875,9214.154708333332,51.12716666666666,4.132916666666667,13149.22,0,4.025704166666667,0.2327565660842343,0.4606207326550743,False,0.2106666666666665,False
2024-12-04,STS-U1,9576.136166666667,9214.861375,50.97620833333334,3.930625,12550.83,0,4.025234722222222,0.2329396891145332,-0.4061554412726287,False,-0.2022916666666669,False
2024-12-05,STS-U1,9568.752708333332,9210.047291666668,51.05141666666666,3.900916666666667,12439.94,0,4.010859722222222,0.2265646444893632,-0.4852613072235868,False,-0.0297083333333327,False
2024-12-06,STS-U1,9575.355083333334,9214.087541666666,51.065125,3.9295833333333334,12571.66,0,3.994538888888889,0.2133865507362868,-0.3044032312787641,False,0.0286666666666666,False
2024-12-07,STS-U1,9632.427041666668,9310.542916666667,49.660625,3.4617083333333336,10241.21,0,3.9703166666666663,0.2311303008008351,-2.200526419820656,False,-0.4678749999999998,False
2024-12-08,STS-U1,9679.584833333332,9312.262375,44.78495267110608,3.95375,11802.19,0,3.954388888888889,0.2140828035113236,-0.0029843073727091,False,0.4920416666666662,False
2024-12-09,STS-U1,9571.887666666667,9211.87475,51.118125,3.917375,12638.35,0,3.9529513888888888,0.214185115401168,-0.1661011262255757,False,-0.036375,False
2024-12-10,STS-U1,9598.18225,9210.482291666667,51.3005,4.222166666666667,13763.18,0,3.969938888888889,0.2146693867551744,1.1749592319161846,False,0.3047916666666674,False
2024-12-11,STS-U1,9584.053666666669,9212.244958333333,51.100541666666665,4.046375,13248.38,0,3.976404166666667,0.2139273510707961,0.3270775475090011,False,-0.175791666666667,False
2024-12-12,STS-U1,9609.888958333331,9213.350833333334,51.19075,4.313416666666667,13985.65,0,3.9828333333333337,0.2211836664854166,1.494610061340717,False,0.2670416666666666,False
2024-12-13,STS-U1,9606.2745,9212.797916666666,51.214666666666666,4.275083333333334,13772.35,0,3.9987166666666663,0.2245791318140862,1.2305981612550367,False,-0.0383333333333331,False
2024-12-14,STS-U1,9656.574,9305.576291666666,49.773374999999994,3.7849583333333334,11571.51,0,3.981305555555556,0.220032716821639,-0.8923546691530582,False,-0.4901250000000003,False
2024-12-15,STS-U1,9689.004333333332,9306.865166666666,49.7485,4.1105833333333335,12390.75,0,3.9903597222222222,0.2195613316103961,0.5475627708636936,False,0.325625,False
2024-12-16,STS-U1,9588.729333333336,9211.350041666668,51.000125,4.102333333333333,13337.32,0,3.988654166666667,0.218446256593891,0.5203987856747974,False,-0.0082500000000003,False
2024-12-17,STS-U1,9589.012541666669,9214.612875,51.03341666666666,4.0728333333333335,13445.61,0,4.003831944444444,0.207303210555769,0.3328524855157818,False,-0.0294999999999996,False
2024-12-18,STS-U1,9574.75925,9214.636416666666,51.13070833333333,3.90825,12614.72,0,4.003658333333333,0.2073836712879458,-0.4600571141440606,False,-0.1645833333333333,False
2024-12-19,STS-U1,9643.078041666666,9218.133708333333,65.31629936833093,4.6120833333333335,14915.6,0,4.030569444444445,0.231644930793516,2.5103674269791787,True,0.7038333333333333,False
2024-12-20,STS-U1,9561.897625,9213.22525,51.143708333333336,3.7882083333333334,12368.56,0,4.027872222222222,0.2340481967910565,-1.0239937422070622,False,-0.8238750000000001,False
2024-12-21,STS-U1,9667.973291666667,9310.064541666668,49.79516666666667,3.852375,11822.76,0,4.022027777777778,0.2362313825129514,-0.7181635901761554,False,0.0641666666666664,False
2024-12-22,STS-U1,9648.725416666666,9311.776916666668,44.24851791074257,3.627375,11158.27,0,4.015054166666667,0.2448261136560599,-1.5834878105008516,False,-0.2249999999999996,False
2024-12-23,STS-U1,9576.095333333333,9213.129375,51.01508333333334,3.947333333333334,13092.77,0,4.019791666666667,0.2419840741569625,-0.29943430610369,False,0.3199583333333331,False
2024-12-24,STS-U1,9601.165083333331,9215.7065,50.99175,4.191375,13915.07,0,4.025201388888889,0.2440045946850572,0.6810265656087137,False,0.2440416666666665,False
2024-12-25,STS-U1,9591.647541666667,9209.944541666666,51.08454166666667,4.149875,13773.52,0,4.020965277777778,0.2405620312651664,0.5358689463347909,False,-0.0415,False
2024-12-26,STS-U1,9576.323708333332,9213.822333333334,45.41159747282602,3.9400833333333334,13073.4,0,4.007740277777778,0.2333973138583818,-0.2898788479009508,False,-0.2097916666666663,False
2024-12-27,STS-U1,9575.733041666666,9213.642125,51.14754166666666,3.937625,13147.89,0,4.001077777777778,0.2324162271659885,-0.2730135436389321,False,-0.0024583333333332,False
2024-12-28,STS-U1,9699.8545,9316.113208333334,49.7435,4.1258333333333335,12760.86,0,3.997441666666667,0.2294662818305447,0.5595230185560796,False,0.1882083333333333,False
2024-12-29,STS-U1,9649.159208333333,9304.088,44.687350395943206,3.718833333333333,11692.03,0,3.998918055555555,0.2274507344986401,-1.2314082996460805,False,-0.4070000000000005,False
2024-12-30,STS-U1,9584.530708333334,9213.309791666668,51.093625,4.035541666666667,13548.02,0,3.9910638888888887,0.2217215251486618,0.2006019837178931,False,0.316708333333334,False
2024-12-31,STS-U1,9579.822333333334,9213.220125,51.071,3.983083333333333,13328.52,0,3.9964916666666666,0.2193764744086177,-0.0611201970014281,False,-0.0524583333333339,False
